source_path,destination_path,source_tracked,source_bytes,destination_bytes,source_sha256,destination_sha256,transformation
.gitignore,.gitignore,true,31,31,9969de948843dfc212fb95edb7262effd05893e127d775570128a04f3aa3c41a,9969de948843dfc212fb95edb7262effd05893e127d775570128a04f3aa3c41a,none
README.md,HARNESS_CORPUS_README.md,true,4646,4646,dd0427145a57f19176e65349d7422fece37b3614d94c482dcb51c5e3a83df365,dd0427145a57f19176e65349d7422fece37b3614d94c482dcb51c5e3a83df365,none
catalog/claim-source-ledger.md,catalog/claim-source-ledger.md,true,22893,22893,f1a02bb9f48aa54c7e1248cf19a458bea737c0c3fe0fab33f31402565190527f,f1a02bb9f48aa54c7e1248cf19a458bea737c0c3fe0fab33f31402565190527f,none
catalog/paper-distillations.csv,catalog/paper-distillations.csv,true,293773,293773,9310875e9535e9a4b5d560d6e334bc1c3b863637ad5f09a211eaaddf2e33a245,9310875e9535e9a4b5d560d6e334bc1c3b863637ad5f09a211eaaddf2e33a245,none
catalog/paper-downloads.csv,catalog/paper-downloads.csv,true,34776,34776,a5623b48dc8897d814b78be2dde60c2117c5d07a6cdb18d77a9ed0773aa9a503,a5623b48dc8897d814b78be2dde60c2117c5d07a6cdb18d77a9ed0773aa9a503,none
catalog/paper-metadata-overrides.csv,catalog/paper-metadata-overrides.csv,true,3234,3234,f233e7eb4923bf681d91347787399f13e3f80e28aff27662264fe342c7e72274,f233e7eb4923bf681d91347787399f13e3f80e28aff27662264fe342c7e72274,none
catalog/paper-metadata.csv,catalog/paper-metadata.csv,true,51071,51071,0d0b6a82b07584292719a70182fee03a96336e444c39f1c91fd87f98a47bd164,0d0b6a82b07584292719a70182fee03a96336e444c39f1c91fd87f98a47bd164,none
catalog/pdf-inventory.csv,catalog/pdf-inventory.csv,true,63982,63982,86e385a02f2abd754e5108e4a9713aed9bfdc5b009afb05051290d1fe8d5d194,86e385a02f2abd754e5108e4a9713aed9bfdc5b009afb05051290d1fe8d5d194,none
catalog/pdf-qa.csv,catalog/pdf-qa.csv,true,32881,32881,36cfbd4c848286f0c9719d367d8d0ce8684255064722d186b614068f7980531d,36cfbd4c848286f0c9719d367d8d0ce8684255064722d186b614068f7980531d,none
catalog/pdf-visual-qa.csv,catalog/pdf-visual-qa.csv,true,1911,1911,95dce0f25039d76492e293d602600c9c1f7de8693443223b4ca019657a6e4232,95dce0f25039d76492e293d602600c9c1f7de8693443223b4ca019657a6e4232,none
catalog/sources.csv,catalog/sources.csv,true,115741,115741,4f28346f74511204f1d6e3594cb3e041c484f0c4da5436fe460db9cea36a68cc,4f28346f74511204f1d6e3594cb3e041c484f0c4da5436fe460db9cea36a68cc,none
compaction_frontier_v1/SHA256SUMS,compaction_frontier_v1/SHA256SUMS,true,7557,7557,1568bc156e85dac7ded18e93577cf379844e7ec8d1d0914d5a9c61f2cb60cffa,1568bc156e85dac7ded18e93577cf379844e7ec8d1d0914d5a9c61f2cb60cffa,none
compaction_frontier_v1/code/advanced_recovery.py,compaction_frontier_v1/code/advanced_recovery.py,true,14987,14987,dde866b30d0e4c6f4e460646e25d1e021675369412998ef67fb2d1bd7d9a6ab9,dde866b30d0e4c6f4e460646e25d1e021675369412998ef67fb2d1bd7d9a6ab9,none
compaction_frontier_v1/code/analyze_advanced_recovery.py,compaction_frontier_v1/code/analyze_advanced_recovery.py,true,6130,6130,81d5ae676f9f93d34529dc0a16f56e8ca613b86f661afb01c2772939b79f5063,81d5ae676f9f93d34529dc0a16f56e8ca613b86f661afb01c2772939b79f5063,none
compaction_frontier_v1/code/assemble_advanced_recovery.py,compaction_frontier_v1/code/assemble_advanced_recovery.py,true,7215,7215,b20835788cbf3b98302aa34e9aa1abc623b069bcd52ee2aa71fa2adfd0d61ca5,b20835788cbf3b98302aa34e9aa1abc623b069bcd52ee2aa71fa2adfd0d61ca5,none
compaction_frontier_v1/code/assemble_big.py,compaction_frontier_v1/code/assemble_big.py,true,3395,3395,dc81d9f2de4ca6f622065da505b9d4d4f37a4d881adb0d7b352b0c631bf58344,dc81d9f2de4ca6f622065da505b9d4d4f37a4d881adb0d7b352b0c631bf58344,none
compaction_frontier_v1/code/big_scale.py,compaction_frontier_v1/code/big_scale.py,true,8595,8595,c5dbbeae406fc528fee642a18f751c94b697083929437d74f50d0db6c89e19b5,c5dbbeae406fc528fee642a18f751c94b697083929437d74f50d0db6c89e19b5,none
compaction_frontier_v1/code/build_frontier_release.py,compaction_frontier_v1/code/build_frontier_release.py,true,77660,77660,79fdc38efb4e3b622df7d1b0c375496a5e2a6c6b74e51aaf03a05dbe8cc975db,79fdc38efb4e3b622df7d1b0c375496a5e2a6c6b74e51aaf03a05dbe8cc975db,none
compaction_frontier_v1/code/build_parquet.py,compaction_frontier_v1/code/build_parquet.py,true,30933,30933,e94ca294cbe7490506bd0a45ed960ca2ba96c06e0043cd101a905120b19d186d,e94ca294cbe7490506bd0a45ed960ca2ba96c06e0043cd101a905120b19d186d,none
compaction_frontier_v1/code/build_sft_v2.py,compaction_frontier_v1/code/build_sft_v2.py,true,16426,16426,6a8c9a0b062f8797847756095f1a09958b23c86f5b7b29b53d65f2b2cea94d85,6a8c9a0b062f8797847756095f1a09958b23c86f5b7b29b53d65f2b2cea94d85,none
compaction_frontier_v1/code/capture_raw.py,compaction_frontier_v1/code/capture_raw.py,true,5792,5792,a88b11971d6a14e33fa8259a0ddb34cd8474a1c8ccf3ce1f4d24081ecac44ccf,a88b11971d6a14e33fa8259a0ddb34cd8474a1c8ccf3ce1f4d24081ecac44ccf,none
compaction_frontier_v1/code/chunk_recovery_probe.py,compaction_frontier_v1/code/chunk_recovery_probe.py,true,4452,4452,377e832d3aa4c6c62b78ea4cee7d43c62f71355aa6d17f2fe3569f0de61ddd5a,377e832d3aa4c6c62b78ea4cee7d43c62f71355aa6d17f2fe3569f0de61ddd5a,none
compaction_frontier_v1/code/codex_responses.py,compaction_frontier_v1/code/codex_responses.py,true,7059,7059,9eb851532f8d2f8a17b66849d5f9f2e821505fa37674e9adc9151c80ff28a95f,9eb851532f8d2f8a17b66849d5f9f2e821505fa37674e9adc9151c80ff28a95f,none
compaction_frontier_v1/code/collect_datapoints.py,compaction_frontier_v1/code/collect_datapoints.py,true,12611,12611,d7e15a6dc6982cee8b880af8930f82bf287330817e5b647f33603422311ca367,d7e15a6dc6982cee8b880af8930f82bf287330817e5b647f33603422311ca367,none
compaction_frontier_v1/code/content_lib.py,compaction_frontier_v1/code/content_lib.py,true,6455,6455,01dfea76167214b49d3fb8eb8b9fae16c88b86688d9a50ca54a219111e47084d,01dfea76167214b49d3fb8eb8b9fae16c88b86688d9a50ca54a219111e47084d,none
compaction_frontier_v1/code/context_dump.py,compaction_frontier_v1/code/context_dump.py,true,10241,10241,041d8e6e710905791bbcb66eb46e5dc5103c67352fa63e2c547c68d5693ac778,041d8e6e710905791bbcb66eb46e5dc5103c67352fa63e2c547c68d5693ac778,none
compaction_frontier_v1/code/decode_attempt.py,compaction_frontier_v1/code/decode_attempt.py,true,7417,7417,5937c1ff6c78b2281a1f934eb752b66f6bf7add0f143709e53a5df2ba0bf5dfe,5937c1ff6c78b2281a1f934eb752b66f6bf7add0f143709e53a5df2ba0bf5dfe,none
compaction_frontier_v1/code/harvest.py,compaction_frontier_v1/code/harvest.py,true,6804,6804,49c734eef65b8d4372e18bb157573cc673911e7daafbc15666894e45238120e8,49c734eef65b8d4372e18bb157573cc673911e7daafbc15666894e45238120e8,none
compaction_frontier_v1/code/merge_full.py,compaction_frontier_v1/code/merge_full.py,true,5434,5434,d7a1502d11925f0ed497e0f24cafb3ef914402ea08e1bb93ecc9027123d176fc,d7a1502d11925f0ed497e0f24cafb3ef914402ea08e1bb93ecc9027123d176fc,none
compaction_frontier_v1/code/package_frontier_release.py,compaction_frontier_v1/code/package_frontier_release.py,true,1765,1765,f5a3f058dbd1eff8474fa9b93295ad26dca73f602469d793c0e64d3d71979971,f5a3f058dbd1eff8474fa9b93295ad26dca73f602469d793c0e64d3d71979971,none
compaction_frontier_v1/code/recover_big.py,compaction_frontier_v1/code/recover_big.py,true,8192,8192,a4b8261962203deba10e310122e957cd66101c16a42df4228f30bf6f85e6689d,a4b8261962203deba10e310122e957cd66101c16a42df4228f30bf6f85e6689d,none
compaction_frontier_v1/code/reframe_extract.py,compaction_frontier_v1/code/reframe_extract.py,true,4821,4821,d36bac8a951f55a09cfa2e8fa99450bf5e29dffb18f94e30cd323d53754710d7,d36bac8a951f55a09cfa2e8fa99450bf5e29dffb18f94e30cd323d53754710d7,none
compaction_frontier_v1/code/requirements.txt,compaction_frontier_v1/code/requirements.txt,true,12,12,2e9937daad50f19334d70c0bebab3335ebde262b70530b78774a987c2316245c,2e9937daad50f19334d70c0bebab3335ebde262b70530b78774a987c2316245c,none
compaction_frontier_v1/code/scale_run.py,compaction_frontier_v1/code/scale_run.py,true,5025,5025,ff99077c9a8dd4f361edac5b08deec00276c9c18c7210b505dcd75d0575fa7fc,ff99077c9a8dd4f361edac5b08deec00276c9c18c7210b505dcd75d0575fa7fc,none
compaction_frontier_v1/code/validate_frontier_release.py,compaction_frontier_v1/code/validate_frontier_release.py,true,17455,17455,40b7f6a49ccfce8d14240cb4a7939a105c77698a4c1198f6d6703b4d4eaa0013,40b7f6a49ccfce8d14240cb4a7939a105c77698a4c1198f6d6703b4d4eaa0013,none
compaction_frontier_v1/code/validate_parquet.py,compaction_frontier_v1/code/validate_parquet.py,true,3997,3997,311f54ee5fed1a0dfd309e5edf5cb4800c7037011df741233e74304ce74bc42b,311f54ee5fed1a0dfd309e5edf5cb4800c7037011df741233e74304ce74bc42b,none
compaction_frontier_v1/code/validate_sft_v2.py,compaction_frontier_v1/code/validate_sft_v2.py,true,4889,4889,a3af80ad0694c44e2ade60e38ee321850333fe18ecce0c8aa9317ed0cf643a6b,a3af80ad0694c44e2ade60e38ee321850333fe18ecce0c8aa9317ed0cf643a6b,none
compaction_frontier_v1/data/advanced_selected_examples.parquet,compaction_frontier_v1/data/advanced_selected_examples.parquet,true,3866371,3866371,0e08bbc5bb341b777298e3569a052bf7245b7cdea608cbc6dfcb918b2a71fbaf,0e08bbc5bb341b777298e3569a052bf7245b7cdea608cbc6dfcb918b2a71fbaf,none
compaction_frontier_v1/data/examples_master.parquet,compaction_frontier_v1/data/examples_master.parquet,true,20114630,20114630,6bbadd5b94f1b6a640391088b19ea879f268b4c33bcb0401fbf43cd038b9e9d0,6bbadd5b94f1b6a640391088b19ea879f268b4c33bcb0401fbf43cd038b9e9d0,none
compaction_frontier_v1/data/method_catalog.parquet,compaction_frontier_v1/data/method_catalog.parquet,true,8128,8128,6e835a69bbae739439df64ab709e0f184f5983a7efd33ced660305bd811c3874,6e835a69bbae739439df64ab709e0f184f5983a7efd33ced660305bd811c3874,none
compaction_frontier_v1/data/recovery_candidates.parquet,compaction_frontier_v1/data/recovery_candidates.parquet,true,1779476,1779476,93267789f9094e8922087ac7c87022915045399ceaa7ddbcf0e03f872282bb04,93267789f9094e8922087ac7c87022915045399ceaa7ddbcf0e03f872282bb04,none
compaction_frontier_v1/data/recovery_experiment_runs.parquet,compaction_frontier_v1/data/recovery_experiment_runs.parquet,true,2534645,2534645,ab762b90473077a3a94d7a6065b9c1a6de58c75508d1bf6176827551318799e6,ab762b90473077a3a94d7a6065b9c1a6de58c75508d1bf6176827551318799e6,none
compaction_frontier_v1/data/source_provenance.parquet,compaction_frontier_v1/data/source_provenance.parquet,true,8203,8203,a2c9376a82caf4ac07ff77a08e0b8897e339c79bec35c37efbf0ab4b6255513c,a2c9376a82caf4ac07ff77a08e0b8897e339c79bec35c37efbf0ab4b6255513c,none
compaction_frontier_v1/data/statistical_evidence.parquet,compaction_frontier_v1/data/statistical_evidence.parquet,true,24442,24442,163d434174f27108b416159368731478349b84dd33f8945a33fb3ab031f44420,163d434174f27108b416159368731478349b84dd33f8945a33fb3ab031f44420,none
compaction_frontier_v1/docs/ANALYSIS.md,compaction_frontier_v1/docs/ANALYSIS.md,true,2950,2950,3334f2cd55da9fb1c14ce711992567d58a360f3d964bc9fd892f1297d033087c,3334f2cd55da9fb1c14ce711992567d58a360f3d964bc9fd892f1297d033087c,none
compaction_frontier_v1/docs/CITATION.cff,compaction_frontier_v1/docs/CITATION.cff,true,928,928,19ea74263eadf2780a28962ff29b8f8aa6f24aab9367d71b1034a44125f55055,19ea74263eadf2780a28962ff29b8f8aa6f24aab9367d71b1034a44125f55055,none
compaction_frontier_v1/docs/DATA_DICTIONARY.md,compaction_frontier_v1/docs/DATA_DICTIONARY.md,true,25374,25374,6316780b9ed0c1aec2fef950b39f9d06ba73be2bd8fc9f868ce191587c1a2ff7,6316780b9ed0c1aec2fef950b39f9d06ba73be2bd8fc9f868ce191587c1a2ff7,none
compaction_frontier_v1/docs/EXPERIMENT_DESIGN.md,compaction_frontier_v1/docs/EXPERIMENT_DESIGN.md,true,4936,4936,73a90c7dca3c26772b65cb5f8132b444a359ea68e3b27c8320da0f85d003d5bd,73a90c7dca3c26772b65cb5f8132b444a359ea68e3b27c8320da0f85d003d5bd,none
compaction_frontier_v1/docs/README.md,compaction_frontier_v1/docs/README.md,true,1877,1877,665247343e575cc232f132929d310884d307717c96ff3d2d0d6fc04645c01ec4,665247343e575cc232f132929d310884d307717c96ff3d2d0d6fc04645c01ec4,none
compaction_frontier_v1/docs/SCHEMAS.json,compaction_frontier_v1/docs/SCHEMAS.json,true,42108,42108,7982f5cb1f4a9c5b619760960108a8f012aa912c4db7c11fb786fc12ae4d94cf,7982f5cb1f4a9c5b619760960108a8f012aa912c4db7c11fb786fc12ae4d94cf,none
compaction_frontier_v1/docs/STATISTICAL_GUIDE.md,compaction_frontier_v1/docs/STATISTICAL_GUIDE.md,true,2206,2206,f49e5536164cc51c592c7f3063e007b7abeac29f3326baaf9733abd1f946a7c9,f49e5536164cc51c592c7f3063e007b7abeac29f3326baaf9733abd1f946a7c9,none
compaction_frontier_v1/docs/advanced_recovery_summary.json,compaction_frontier_v1/docs/advanced_recovery_summary.json,true,5358,5358,c4a8b48ad01ed8a2302f5d5069dab240af42358e2987a31ccc006999f32a19df,c4a8b48ad01ed8a2302f5d5069dab240af42358e2987a31ccc006999f32a19df,none
compaction_frontier_v1/docs/analysis_artifacts/dataset__advanced_recovery__manifest.json,compaction_frontier_v1/docs/analysis_artifacts/dataset__advanced_recovery__manifest.json,true,988,988,03c9ecf82f498eb4427c7f26c60847e109d66a3ccc4ad991fdb8a3a365e7dfca,03c9ecf82f498eb4427c7f26c60847e109d66a3ccc4ad991fdb8a3a365e7dfca,none
compaction_frontier_v1/docs/analysis_artifacts/dataset__datapoints_big_summary.json,compaction_frontier_v1/docs/analysis_artifacts/dataset__datapoints_big_summary.json,true,480100,480100,e0eff4eb61e2563631ee6c0a2d58261ed9033294f7e3709d7fea90d3d06067a1,e0eff4eb61e2563631ee6c0a2d58261ed9033294f7e3709d7fea90d3d06067a1,none
compaction_frontier_v1/docs/analysis_artifacts/dataset__datapoints_full_summary.json,compaction_frontier_v1/docs/analysis_artifacts/dataset__datapoints_full_summary.json,true,1984,1984,bf6c0534a058cfa26806839010b088e79a287f546c37732952753dfd64d8f3fb,bf6c0534a058cfa26806839010b088e79a287f546c37732952753dfd64d8f3fb,none
compaction_frontier_v1/docs/analysis_artifacts/dataset__datapoints_summary.json,compaction_frontier_v1/docs/analysis_artifacts/dataset__datapoints_summary.json,true,13984,13984,b2ff7b4f01faf0cccab345a34a55c3bfccbf7a78915661e5cc652410745d4e27,b2ff7b4f01faf0cccab345a34a55c3bfccbf7a78915661e5cc652410745d4e27,none
compaction_frontier_v1/docs/analysis_artifacts/dataset__manifest.json,compaction_frontier_v1/docs/analysis_artifacts/dataset__manifest.json,true,10284,10284,3d6bc576cfb9bba1697ca005505ebf41dd20c2ccfbbcc69a405a0cd4045149d6,3d6bc576cfb9bba1697ca005505ebf41dd20c2ccfbbcc69a405a0cd4045149d6,none
compaction_frontier_v1/docs/analysis_artifacts/dataset__parquet__manifest.json,compaction_frontier_v1/docs/analysis_artifacts/dataset__parquet__manifest.json,true,4952,4952,0f5216e5048963ae5e501160f0e59d935cccc8fa62d22cd7134dd8429b4d2775,0f5216e5048963ae5e501160f0e59d935cccc8fa62d22cd7134dd8429b4d2775,none
compaction_frontier_v1/docs/analysis_artifacts/raw__advanced_recovery_120_summary.json,compaction_frontier_v1/docs/analysis_artifacts/raw__advanced_recovery_120_summary.json,true,1360,1360,4575b2b37dd391bca2e486319f9876cca7c893b40aad053c51ddc8122856dc21,4575b2b37dd391bca2e486319f9876cca7c893b40aad053c51ddc8122856dc21,none
compaction_frontier_v1/docs/analysis_artifacts/raw__advanced_recovery_120_terra_summary.json,compaction_frontier_v1/docs/analysis_artifacts/raw__advanced_recovery_120_terra_summary.json,true,1377,1377,8453e4cac23e0a25f5cd2803ebca2daec830f1d6abda82d7151b836b9df316a3,8453e4cac23e0a25f5cd2803ebca2daec830f1d6abda82d7151b836b9df316a3,none
compaction_frontier_v1/docs/analysis_artifacts/raw__advanced_recovery_n50_summary.json,compaction_frontier_v1/docs/analysis_artifacts/raw__advanced_recovery_n50_summary.json,true,1295,1295,9b82d0909af6e5f07c1aec1c69e79764ca984be64e7c48ff0b8cda307bad538d,9b82d0909af6e5f07c1aec1c69e79764ca984be64e7c48ff0b8cda307bad538d,none
compaction_frontier_v1/docs/analysis_artifacts/raw__advanced_recovery_rescue_luna_summary.json,compaction_frontier_v1/docs/analysis_artifacts/raw__advanced_recovery_rescue_luna_summary.json,true,1962,1962,311e4196ccb5cdb52e1b6a05c0834679528a56dd1dbcac61327236620e7a74df,311e4196ccb5cdb52e1b6a05c0834679528a56dd1dbcac61327236620e7a74df,none
compaction_frontier_v1/docs/analysis_artifacts/raw__advanced_recovery_rescue_terra_summary.json,compaction_frontier_v1/docs/analysis_artifacts/raw__advanced_recovery_rescue_terra_summary.json,true,1943,1943,04990838ec0169a1304f4eca297d3b9872c3c8371e3003efd34888c8894ac136,04990838ec0169a1304f4eca297d3b9872c3c8371e3003efd34888c8894ac136,none
compaction_frontier_v1/docs/analysis_artifacts/raw__advanced_recovery_scale_null_summary.json,compaction_frontier_v1/docs/analysis_artifacts/raw__advanced_recovery_scale_null_summary.json,true,1321,1321,f08142f08ca5e5bd1605cfe724b0e7efa91aa71ade5a124d3ad07e8571ba4864,f08142f08ca5e5bd1605cfe724b0e7efa91aa71ade5a124d3ad07e8571ba4864,none
compaction_frontier_v1/docs/analysis_artifacts/raw__advanced_recovery_scale_summary.json,compaction_frontier_v1/docs/analysis_artifacts/raw__advanced_recovery_scale_summary.json,true,1360,1360,9d1417fec329f2c1a92d638c5810a460c8c3e72f093acd9d5e89d7531f55c755,9d1417fec329f2c1a92d638c5810a460c8c3e72f093acd9d5e89d7531f55c755,none
compaction_frontier_v1/docs/analysis_artifacts/raw__advanced_recovery_terra_fallback_summary.json,compaction_frontier_v1/docs/analysis_artifacts/raw__advanced_recovery_terra_fallback_summary.json,true,1342,1342,74bb1daecc04e80a9cd3f832570ade9cc5e00e3c8191ae4a4bcd37bf24aec1da,74bb1daecc04e80a9cd3f832570ade9cc5e00e3c8191ae4a4bcd37bf24aec1da,none
compaction_frontier_v1/docs/analysis_artifacts/raw__advanced_recovery_v2_summary.json,compaction_frontier_v1/docs/analysis_artifacts/raw__advanced_recovery_v2_summary.json,true,4229,4229,13bf290ed2590986aba9aa5e7e1a8a7506a2479d3d757158a414b53c284ea42c,13bf290ed2590986aba9aa5e7e1a8a7506a2479d3d757158a414b53c284ea42c,none
compaction_frontier_v1/docs/analysis_artifacts/raw__fidelity_pilotA.json,compaction_frontier_v1/docs/analysis_artifacts/raw__fidelity_pilotA.json,true,138,138,a820dba3caf4e190800838b160ddaa737bc74b266fdad3062166a225d430edb7,a820dba3caf4e190800838b160ddaa737bc74b266fdad3062166a225d430edb7,none
compaction_frontier_v1/docs/analysis_artifacts/raw__fidelity_pilotB.json,compaction_frontier_v1/docs/analysis_artifacts/raw__fidelity_pilotB.json,true,138,138,c3bc73a1e8fc78643a96c6dbde4dba616ab04395aeaffc1bbdb1cd9eb2e0dc5d,c3bc73a1e8fc78643a96c6dbde4dba616ab04395aeaffc1bbdb1cd9eb2e0dc5d,none
compaction_frontier_v1/docs/analysis_artifacts/raw__fidelity_terraA.json,compaction_frontier_v1/docs/analysis_artifacts/raw__fidelity_terraA.json,true,138,138,a7db9e33551c18e55fb298f1a229217ca63121aef6ebb391d32201194fbf508d,a7db9e33551c18e55fb298f1a229217ca63121aef6ebb391d32201194fbf508d,none
compaction_frontier_v1/docs/analysis_artifacts/raw__scale_progress.json,compaction_frontier_v1/docs/analysis_artifacts/raw__scale_progress.json,true,99,99,ddf0edb0c14fc3581eadbb0b37a2a8d4e778947fd3220907cf9f5a7027ed117b,ddf0edb0c14fc3581eadbb0b37a2a8d4e778947fd3220907cf9f5a7027ed117b,none
compaction_frontier_v1/docs/analysis_artifacts/raw__spend_med.json,compaction_frontier_v1/docs/analysis_artifacts/raw__spend_med.json,true,364,364,fa8205ac3ea234b514fc916dd75fe1422aad6a5154b7b3a2406ee54fb194d81b,fa8205ac3ea234b514fc916dd75fe1422aad6a5154b7b3a2406ee54fb194d81b,none
compaction_frontier_v1/docs/analysis_artifacts/raw__spend_scale_pilot.json,compaction_frontier_v1/docs/analysis_artifacts/raw__spend_scale_pilot.json,true,102,102,f2464397875a403b6c193210135a78b7acb817458a944eaa846e0c492ba2c085,f2464397875a403b6c193210135a78b7acb817458a944eaa846e0c492ba2c085,none
compaction_frontier_v1/docs/legacy_parquet_manifest.json,compaction_frontier_v1/docs/legacy_parquet_manifest.json,true,4952,4952,0f5216e5048963ae5e501160f0e59d935cccc8fa62d22cd7134dd8429b4d2775,0f5216e5048963ae5e501160f0e59d935cccc8fa62d22cd7134dd8429b4d2775,none
compaction_frontier_v1/manifest.json,compaction_frontier_v1/manifest.json,true,14027,14027,f91b172a34585b826cae7fef58dba89300b34fcca8a20d4bf46f6dfb6f2290cd,f91b172a34585b826cae7fef58dba89300b34fcca8a20d4bf46f6dfb6f2290cd,none
compaction_frontier_v1/trainer_views/compaction_preference_v2.parquet,compaction_frontier_v1/trainer_views/compaction_preference_v2.parquet,true,1385651,1385651,b3242cd13bbbe342513fda06c3c094ff91d32c4c92f85d211ec1ffbeeed06eeb,b3242cd13bbbe342513fda06c3c094ff91d32c4c92f85d211ec1ffbeeed06eeb,none
compaction_frontier_v1/trainer_views/compaction_sft_v2_advanced_all.parquet,compaction_frontier_v1/trainer_views/compaction_sft_v2_advanced_all.parquet,true,1785417,1785417,541bc80383588161204e3c3d8d493bb57d28ffc9c5833f248425256117bc65b0,541bc80383588161204e3c3d8d493bb57d28ffc9c5833f248425256117bc65b0,none
compaction_frontier_v1/trainer_views/compaction_sft_v2_advanced_test.parquet,compaction_frontier_v1/trainer_views/compaction_sft_v2_advanced_test.parquet,true,105359,105359,88778a84c695552dbc7d22a0af5376a94c73c9e94490ad271da66a6e5eaad7a8,88778a84c695552dbc7d22a0af5376a94c73c9e94490ad271da66a6e5eaad7a8,none
compaction_frontier_v1/trainer_views/compaction_sft_v2_advanced_train.parquet,compaction_frontier_v1/trainer_views/compaction_sft_v2_advanced_train.parquet,true,1131208,1131208,b9e8588c6b7a81e91c42a688fd6bd62edc4b69fd2283464be10f8e56720656c4,b9e8588c6b7a81e91c42a688fd6bd62edc4b69fd2283464be10f8e56720656c4,none
compaction_frontier_v1/trainer_views/compaction_sft_v2_advanced_validation.parquet,compaction_frontier_v1/trainer_views/compaction_sft_v2_advanced_validation.parquet,true,302231,302231,3f4162397e7b832021f5d5bb61af795010d43f534ceeea098b7f9cbb0bb1c964,3f4162397e7b832021f5d5bb61af795010d43f534ceeea098b7f9cbb0bb1c964,none
compaction_frontier_v1/trainer_views/compaction_sft_v2_mixed.parquet,compaction_frontier_v1/trainer_views/compaction_sft_v2_mixed.parquet,true,2348894,2348894,57febc20e6d6786250c68b9ac94e565a0bd8d0c79365e55442a09ad3d3347656,57febc20e6d6786250c68b9ac94e565a0bd8d0c79365e55442a09ad3d3347656,none
compaction_frontier_v1/trainer_views/compaction_sft_v2_mixed_test.parquet,compaction_frontier_v1/trainer_views/compaction_sft_v2_mixed_test.parquet,true,118754,118754,2ab3bf75c5c9d2fc59ec289acac4d59e0b0191c72fc9dd393d2417e4d82671cc,2ab3bf75c5c9d2fc59ec289acac4d59e0b0191c72fc9dd393d2417e4d82671cc,none
compaction_frontier_v1/trainer_views/compaction_sft_v2_mixed_train.parquet,compaction_frontier_v1/trainer_views/compaction_sft_v2_mixed_train.parquet,true,1691164,1691164,36bfe9ee9423a0629216c7a715490be5a7c045a48baec5db447900ba7cd429ec,36bfe9ee9423a0629216c7a715490be5a7c045a48baec5db447900ba7cd429ec,none
compaction_frontier_v1/trainer_views/compaction_sft_v2_mixed_validation.parquet,compaction_frontier_v1/trainer_views/compaction_sft_v2_mixed_validation.parquet,true,319939,319939,6fe89ac5d71ea0e011d5e53109e9a365ead9bc993a15be64d8d632790c1093f3,6fe89ac5d71ea0e011d5e53109e9a365ead9bc993a15be64d8d632790c1093f3,none
compaction_frontier_v1/trainer_views/manifest.json,compaction_frontier_v1/trainer_views/manifest.json,true,3993,3993,721f1fbdd6b9229e19b9b1722011bd1c6953a2d72152025b56332b7e9d09ca0f,721f1fbdd6b9229e19b9b1722011bd1c6953a2d72152025b56332b7e9d09ca0f,none
experiments/dependency_memory/README.md,experiments/dependency_memory/README.md,false,4355,4355,537460dad7db4c8be307d5fcda4edd4e215c484be1b89fabbf4723f9e828746a,537460dad7db4c8be307d5fcda4edd4e215c484be1b89fabbf4723f9e828746a,none
experiments/dependency_memory/compatibility.py,experiments/dependency_memory/compatibility.py,false,4826,4826,3a0458d7a23bb2f6dadc21533e1b4424e3443183da6c0e6875a2e8fc8a37ca03,3a0458d7a23bb2f6dadc21533e1b4424e3443183da6c0e6875a2e8fc8a37ca03,none
experiments/dependency_memory/experiment.py,experiments/dependency_memory/experiment.py,false,11792,11792,c609fae187d05be9594d98e1919a35a474783a46c03f836532b144fc6317b8a9,c609fae187d05be9594d98e1919a35a474783a46c03f836532b144fc6317b8a9,none
experiments/dependency_memory/results/compatibility_certificate.json,experiments/dependency_memory/results/compatibility_certificate.json,false,3724,3724,04c3d20c8eb7d8ee9d518bb21fbde99f41ccadaf4b916c8eafbcfbce7a3cebda,04c3d20c8eb7d8ee9d518bb21fbde99f41ccadaf4b916c8eafbcfbce7a3cebda,none
experiments/dependency_memory/results/disclosure_timing.csv,experiments/dependency_memory/results/disclosure_timing.csv,false,272,272,910b5fe6b383a078b00e579592a0d02c63a132b85d6d52e2ad00820b0442b58c,910b5fe6b383a078b00e579592a0d02c63a132b85d6d52e2ad00820b0442b58c,none
experiments/dependency_memory/results/exact_frontier.csv,experiments/dependency_memory/results/exact_frontier.csv,false,813,813,a83ebe20598b7d0dd704d2cfa5351536bf7da07625f0d492881ed3327cfdbb1b,a83ebe20598b7d0dd704d2cfa5351536bf7da07625f0d492881ed3327cfdbb1b,none
experiments/dependency_memory/results/example_events.json,experiments/dependency_memory/results/example_events.json,false,1681,1681,fa2b33110468f8e644bc2a2d2f09843ad04452b96a9431915b4bab85ca3787c6,fa2b33110468f8e644bc2a2d2f09843ad04452b96a9431915b4bab85ca3787c6,none
experiments/dependency_memory/results/summary.json,experiments/dependency_memory/results/summary.json,false,396,396,a079a7473b9d952ee5f6c64815bf2ec1d1a0c97a1d6e2761a5a1d3fffbc24f5c,a079a7473b9d952ee5f6c64815bf2ec1d1a0c97a1d6e2761a5a1d3fffbc24f5c,none
experiments/dependency_memory/results/workflow_retention.csv,experiments/dependency_memory/results/workflow_retention.csv,false,48634,48634,c194e7b489bb538ca4857737e294c3026848eca6248710b820bd44b845c5137f,c194e7b489bb538ca4857737e294c3026848eca6248710b820bd44b845c5137f,none
experiments/dependency_memory/test_compatibility.py,experiments/dependency_memory/test_compatibility.py,false,1718,1718,52b6900c8229ceb5bb2b06874b106c87f88d759f7e268ffde66e548b955f6d23,52b6900c8229ceb5bb2b06874b106c87f88d759f7e268ffde66e548b955f6d23,none
experiments/dependency_memory/test_experiment.py,experiments/dependency_memory/test_experiment.py,false,3472,3472,a3fec9029752746020d32a38a890fd21135d29a644c723557f34c651050977ae,a3fec9029752746020d32a38a890fd21135d29a644c723557f34c651050977ae,none
paper-notes/INDEX.md,paper-notes/INDEX.md,true,21486,21486,b698cc0c0ac883d1ae187c47bf3fcf7735c6af8d7fbb8db82d5c33ca9a1253a8,b698cc0c0ac883d1ae187c47bf3fcf7735c6af8d7fbb8db82d5c33ca9a1253a8,none
paper-notes/TEMPLATE.md,paper-notes/TEMPLATE.md,true,969,969,5bf10c408c401405fe3b431ec5fa66623e25fd6216d616b320fb49efc978e7e9,5bf10c408c401405fe3b431ec5fa66623e25fd6216d616b320fb49efc978e7e9,none
paper-notes/abuzakuk-2026-awo.md,paper-notes/abuzakuk-2026-awo.md,true,3435,3435,90d91083ccc65a50eea27d3afc827ea150db883d54a24977124d8daace1b9974,90d91083ccc65a50eea27d3afc827ea150db883d54a24977124d8daace1b9974,none
paper-notes/agrawal-2025-gepa.md,paper-notes/agrawal-2025-gepa.md,true,3713,3713,0d2300db3b7f950eea2f5a74f29b70f2fb501c27cf8d99f01478ac84cd8b04d1,0d2300db3b7f950eea2f5a74f29b70f2fb501c27cf8d99f01478ac84cd8b04d1,none
paper-notes/ahn-2026-prompts-contracts.md,paper-notes/ahn-2026-prompts-contracts.md,true,2744,2744,ad1819da9604b7ed5ac9830c1dff589c4070e777eccd0374ce936851e38a0299,ad1819da9604b7ed5ac9830c1dff589c4070e777eccd0374ce936851e38a0299,none
paper-notes/aleithan-2024-swe-bench-plus.md,paper-notes/aleithan-2024-swe-bench-plus.md,true,2935,2935,f1a6b98958b2b003df085bca33c133bd9d6b039cff48f7359769f7949eb341d5,f1a6b98958b2b003df085bca33c133bd9d6b039cff48f7359769f7949eb341d5,none
paper-notes/alur-2013-sygus.md,paper-notes/alur-2013-sygus.md,true,3124,3124,a4bf4e1c64a480a02d9ed09ff347ef6c4f96004b980238ca2cf10b2da57e6f22,a4bf4e1c64a480a02d9ed09ff347ef6c4f96004b980238ca2cf10b2da57e6f22,none
paper-notes/badertdinov-2025-swe-rebench.md,paper-notes/badertdinov-2025-swe-rebench.md,true,3059,3059,f15664ebf0254132a325c8a0c8c46963fd029fd470385a964174abaa7af7d279,f15664ebf0254132a325c8a0c8c46963fd029fd470385a964174abaa7af7d279,none
paper-notes/barbaste-2026-harness-anatomy.md,paper-notes/barbaste-2026-harness-anatomy.md,true,2693,2693,32ca89c1bbdc2ece3d065116b012f29bef6eadb197189821586410db410607f0,32ca89c1bbdc2ece3d065116b012f29bef6eadb197189821586410db410607f0,none
paper-notes/besta-2024-graph-of-thoughts.md,paper-notes/besta-2024-graph-of-thoughts.md,true,2776,2776,cda3e94bdb840e59bd3fa897960ad532ddc295b25dfe1a6fa05e270644b069ff,cda3e94bdb840e59bd3fa897960ad532ddc295b25dfe1a6fa05e270644b069ff,none
paper-notes/blum-2015-ladder.md,paper-notes/blum-2015-ladder.md,true,3067,3067,bcb6d3c725af3c2955b17ab467c8ac46d473c50d012bb7f305272aa54a739838,bcb6d3c725af3c2955b17ab467c8ac46d473c50d012bb7f305272aa54a739838,none
paper-notes/brown-2024-language-monkeys.md,paper-notes/brown-2024-language-monkeys.md,true,2552,2552,422bd1670b74b38611ebf9395b4addd46ab9dc1a159640f25fdb58e438262180,422bd1670b74b38611ebf9395b4addd46ab9dc1a159640f25fdb58e438262180,none
paper-notes/cai-2023-latm.md,paper-notes/cai-2023-latm.md,true,3431,3431,2509a6f594e6f264f788e6f08e164cf0098f8ae68b042db3770b358566fc4c0a,2509a6f594e6f264f788e6f08e164cf0098f8ae68b042db3770b358566fc4c0a,none
paper-notes/cawley-2010-model-selection-overfitting.md,paper-notes/cawley-2010-model-selection-overfitting.md,true,3532,3532,2e5a6073f213217f94e77c68ac00a0279a29dfc46b6c505b1814521c5a1f3a2c,2e5a6073f213217f94e77c68ac00a0279a29dfc46b6c505b1814521c5a1f3a2c,none
paper-notes/cemri-2025-mas-failures.md,paper-notes/cemri-2025-mas-failures.md,true,2709,2709,fd3d2e197ea39043010ab87769734faeb9d28b192d5cc23652ce17caa646bbea,fd3d2e197ea39043010ab87769734faeb9d28b192d5cc23652ce17caa646bbea,none
paper-notes/chao-2026-stale.md,paper-notes/chao-2026-stale.md,true,2668,2668,01e110b45e10fb7022f8e89eda2b6bcdad86b6a063abd430961fd76da01aaadd,01e110b45e10fb7022f8e89eda2b6bcdad86b6a063abd430961fd76da01aaadd,none
paper-notes/chen-2021-codex-passk.md,paper-notes/chen-2021-codex-passk.md,true,3440,3440,6c326d0cbdaaafd677874d35376fe2432e2f84aee46b6fe94483356a455c3ebe,6c326d0cbdaaafd677874d35376fe2432e2f84aee46b6fe94483356a455c3ebe,none
paper-notes/chen-2023-autoagents.md,paper-notes/chen-2023-autoagents.md,true,3353,3353,616b41a2a88040fc50e5825be064eb79e822d7d82953e62696427e0101b9f099,616b41a2a88040fc50e5825be064eb79e822d7d82953e62696427e0101b9f099,none
paper-notes/chen-2024-self-debug.md,paper-notes/chen-2024-self-debug.md,true,2471,2471,1c4df4ce3b7ab7ce0e64d2a8ad409d11a1612506bb230f33eb0470748bc70e0a,1c4df4ce3b7ab7ce0e64d2a8ad409d11a1612506bb230f33eb0470748bc70e0a,none
paper-notes/chen-2026-self-correction-illusion.md,paper-notes/chen-2026-self-correction-illusion.md,true,2679,2679,f79a35964cebac18f21177aaa080c6d9758dfa89d9874b76053f513ab8bb06a7,f79a35964cebac18f21177aaa080c6d9758dfa89d9874b76053f513ab8bb06a7,none
paper-notes/cheng-2026-mem2evolve.md,paper-notes/cheng-2026-mem2evolve.md,true,3764,3764,f5044fd7fcca49b241a52a37202bf15ad322517357a5fa7192d4ea4c574b57bc,f5044fd7fcca49b241a52a37202bf15ad322517357a5fa7192d4ea4c574b57bc,none
paper-notes/choi-2025-debate-or-vote.md,paper-notes/choi-2025-debate-or-vote.md,true,2755,2755,01c64ab4c76c5ef2f1f5d59715674ee077e268c1c23f7f182770bc431b7a11a3,01c64ab4c76c5ef2f1f5d59715674ee077e268c1c23f7f182770bc431b7a11a3,none
paper-notes/choi-2026-agents-fail-explore.md,paper-notes/choi-2026-agents-fail-explore.md,true,2648,2648,2ebe8be7a7ec55cf86e31157cb926813e74b73a72465c690ccc43eb5a170b86b,2ebe8be7a7ec55cf86e31157cb926813e74b73a72465c690ccc43eb5a170b86b,none
paper-notes/dang-2025-evolving-orchestration.md,paper-notes/dang-2025-evolving-orchestration.md,true,3414,3414,9a27b6925a2bde2e276664f48b7993f657b848a618e97b398b30eecfdba99bfd,9a27b6925a2bde2e276664f48b7993f657b848a618e97b398b30eecfdba99bfd,none
paper-notes/debenedetti-2024-agentdojo.md,paper-notes/debenedetti-2024-agentdojo.md,true,3101,3101,d5fc75c2f07a7e0f9433a900cb4a5b6b714943a46aff4af3011d30fdfefb760c,d5fc75c2f07a7e0f9433a900cb4a5b6b714943a46aff4af3011d30fdfefb760c,none
paper-notes/dhage-2026-deterministic-harness.md,paper-notes/dhage-2026-deterministic-harness.md,true,2816,2816,3663229764a978bc1073768aed15ecd06aef51dbe4feb3b39493486e0ead9bc1,3663229764a978bc1073768aed15ecd06aef51dbe4feb3b39493486e0ead9bc1,none
paper-notes/du-2023-multiagent-debate.md,paper-notes/du-2023-multiagent-debate.md,true,2584,2584,1e7ed725907ab518f83e0647218efb0895f11c486e154309c0001f29023b3447,1e7ed725907ab518f83e0647218efb0895f11c486e154309c0001f29023b3447,none
paper-notes/dwork-2015-adaptive-holdout.md,paper-notes/dwork-2015-adaptive-holdout.md,true,3335,3335,c0bc8186def455a1f006776b4887039e0d7372ad62dddc46946d0984dd0bf84e,c0bc8186def455a1f006776b4887039e0d7372ad62dddc46946d0984dd0bf84e,none
paper-notes/everitt-2016-self-modification.md,paper-notes/everitt-2016-self-modification.md,true,3354,3354,53f03dea2e8b3b5d5a9ee93050b8b3c7792702f298c26501d025b1de4888eb8d,53f03dea2e8b3b5d5a9ee93050b8b3c7792702f298c26501d025b1de4888eb8d,none
paper-notes/fernando-2023-promptbreeder.md,paper-notes/fernando-2023-promptbreeder.md,true,3549,3549,af452a371d48e3d1aaebfdadd527a9e2805df5907ae56f14b78329e2c1740681,af452a371d48e3d1aaebfdadd527a9e2805df5907ae56f14b78329e2c1740681,none
paper-notes/gao-2025-self-evolving-agent-survey.md,paper-notes/gao-2025-self-evolving-agent-survey.md,true,3769,3769,71acdd7b5305ac6f8fa3ea2709e1d38c861f2fa648207d7af2384e28cf385743,71acdd7b5305ac6f8fa3ea2709e1d38c861f2fa648207d7af2384e28cf385743,none
paper-notes/gou-2024-critic.md,paper-notes/gou-2024-critic.md,true,2565,2565,81005d88a1696bbaba2432aa10f645636f0d11cb3c224638d7917ba53c135a8e,81005d88a1696bbaba2432aa10f645636f0d11cb3c224638d7917ba53c135a8e,none
paper-notes/greshake-2023-indirect-injection.md,paper-notes/greshake-2023-indirect-injection.md,true,3182,3182,43ade241911ce947d7088c5878055b1e26358eaacec3a2115acd0495030ffa60,43ade241911ce947d7088c5878055b1e26358eaacec3a2115acd0495030ffa60,none
paper-notes/guo-2026-agent-harness-survey.md,paper-notes/guo-2026-agent-harness-survey.md,true,2649,2649,e4c75cbd8c8d435d2a80b0befa8aa23ff32e5ebdebc060a0a0ad5d0d225d249b,e4c75cbd8c8d435d2a80b0befa8aa23ff32e5ebdebc060a0a0ad5d0d225d249b,none
paper-notes/hao-2023-rap.md,paper-notes/hao-2023-rap.md,true,2529,2529,96953cb1bb11ffb47cd833ffca8979f5faf19f6b1c7f087591871bc30cdc235b,96953cb1bb11ffb47cd833ffca8979f5faf19f6b1c7f087591871bc30cdc235b,none
paper-notes/hardt-2014-adaptive-hardness.md,paper-notes/hardt-2014-adaptive-hardness.md,true,3353,3353,fd86446edb23cff746c0b1ea558c01b9150260573ffa6882ca9187df9eb4341a,fd86446edb23cff746c0b1ea558c01b9150260573ffa6882ca9187df9eb4341a,none
paper-notes/hariri-2026-test-time-scaling-survey.md,paper-notes/hariri-2026-test-time-scaling-survey.md,true,2618,2618,acf5fbd17c4c9690d8c8b704034371eb4c30c5c8e4f2189b066f452847ada8ae,acf5fbd17c4c9690d8c8b704034371eb4c30c5c8e4f2189b066f452847ada8ae,none
paper-notes/howard-2021-confidence-sequences.md,paper-notes/howard-2021-confidence-sequences.md,true,3423,3423,2fb91552661388849cc1d90f2cb2ca9ccd534c94a912ed7d7fe20dc7f7f0afd6,2fb91552661388849cc1d90f2cb2ca9ccd534c94a912ed7d7fe20dc7f7f0afd6,none
paper-notes/hu-2024-adas.md,paper-notes/hu-2024-adas.md,true,3409,3409,7e293f35c72534eb613688b2e33ed5a6ef30c657a9d472fefceaa1d55933f28e,7e293f35c72534eb613688b2e33ed5a6ef30c657a9d472fefceaa1d55933f28e,none
paper-notes/hu-2025-hiagent.md,paper-notes/hu-2025-hiagent.md,true,2706,2706,f3fbc5b7350292d11cecde9fd818d6666645b95bb7e6887ca052604fe56d1f94,f3fbc5b7350292d11cecde9fd818d6666645b95bb7e6887ca052604fe56d1f94,none
paper-notes/hu-2026-evomas.md,paper-notes/hu-2026-evomas.md,true,3671,3671,ed6c16a74aa228eafd975501a2e21d69c43348ddfb6cb23c247fd8f602e383e8,ed6c16a74aa228eafd975501a2e21d69c43348ddfb6cb23c247fd8f602e383e8,none
paper-notes/huang-2024-cannot-self-correct.md,paper-notes/huang-2024-cannot-self-correct.md,true,2646,2646,126b0d9e6b62f8404205d22914f96df7c91d06f40dcd3475e1cc586f1fd83d0c,126b0d9e6b62f8404205d22914f96df7c91d06f40dcd3475e1cc586f1fd83d0c,none
paper-notes/huang-2026-memoharness.md,paper-notes/huang-2026-memoharness.md,true,2754,2754,52c6de56d6cb603f7e295b16e0f0583d09b273cfa201f7bc457bee488c5d8680,52c6de56d6cb603f7e295b16e0f0583d09b273cfa201f7bc457bee488c5d8680,none
paper-notes/hutter-2002-fastest-provable-program.md,paper-notes/hutter-2002-fastest-provable-program.md,true,3178,3178,d978536120ba53885716403211231f84034149bd7059bbce9da86c35ae4a3dd2,d978536120ba53885716403211231f84034149bd7059bbce9da86c35ae4a3dd2,none
paper-notes/jamieson-2016-successive-halving.md,paper-notes/jamieson-2016-successive-halving.md,true,3200,3200,45fa34fdc1d98cc49c2a4c8e00c3070e5724da72eea9eef60cdbd29a810d198d,45fa34fdc1d98cc49c2a4c8e00c3070e5724da72eea9eef60cdbd29a810d198d,none
paper-notes/jimenez-2024-swe-bench.md,paper-notes/jimenez-2024-swe-bench.md,true,2868,2868,7210f95ee1eb4c387e0d1f842e3a472030bb1edb5693060fcc400530e4f84093,7210f95ee1eb4c387e0d1f842e3a472030bb1edb5693060fcc400530e4f84093,none
paper-notes/jin-2026-heart-tool-primitives.md,paper-notes/jin-2026-heart-tool-primitives.md,true,2588,2588,8536303f59b883215946989ddbe009757cc9537cc8e29b845ce36c15f39d8863,8536303f59b883215946989ddbe009757cc9537cc8e29b845ce36c15f39d8863,none
paper-notes/kapoor-2024-agents-matter.md,paper-notes/kapoor-2024-agents-matter.md,true,2868,2868,18e7f9bdcf09bf87a4ad543da8547f4d94cf13ee54dba691005d3b3c7a0fd8db,18e7f9bdcf09bf87a4ad543da8547f4d94cf13ee54dba691005d3b3c7a0fd8db,none
paper-notes/kapoor-2026-hal.md,paper-notes/kapoor-2026-hal.md,true,3334,3334,329d50ed1a076322b47cd198486790f523875d323559cc6fb5fa6ffc8755a7ff,329d50ed1a076322b47cd198486790f523875d323559cc6fb5fa6ffc8755a7ff,none
paper-notes/karpas-2022-mrkl.md,paper-notes/karpas-2022-mrkl.md,true,2957,2957,b04190b1e2d1dfdae237b685c5a735992a012ef3b6c29a2f75c496aeb8633f8d,b04190b1e2d1dfdae237b685c5a735992a012ef3b6c29a2f75c496aeb8633f8d,none
paper-notes/ke-2026-quine.md,paper-notes/ke-2026-quine.md,true,2604,2604,1dbea227704e745b4eb93ad5d6a584659674aa73d4275f297c63923118860b64,1dbea227704e745b4eb93ad5d6a584659674aa73d4275f297c63923118860b64,none
paper-notes/khattab-2023-dspy.md,paper-notes/khattab-2023-dspy.md,true,3672,3672,8d51513c67e802e3facf37d3a8539f9d24499c13fe059a0e566bd193d26e1be8,8d51513c67e802e3facf37d3a8539f9d24499c13fe059a0e566bd193d26e1be8,none
paper-notes/kwa-2025-long-software-tasks.md,paper-notes/kwa-2025-long-software-tasks.md,true,3369,3369,c37f22dc3cbce8a926292e3e3c1667ca23adc30e01abfaffae84c4a327c6b0c8,c37f22dc3cbce8a926292e3e3c1667ca23adc30e01abfaffae84c4a327c6b0c8,none
paper-notes/laroche-2019-spibb.md,paper-notes/laroche-2019-spibb.md,true,3167,3167,ae5a73483059b7f1f058f6f07c6badf01d2e0e8608498478b1cab47aae47b0d4,ae5a73483059b7f1f058f6f07c6badf01d2e0e8608498478b1cab47aae47b0d4,none
paper-notes/lee-2026-meta-harness.md,paper-notes/lee-2026-meta-harness.md,true,2750,2750,7a92f116a36ba7d51bf9a351b8e717c01df48b48e6919a7462a56d1d01b301bc,7a92f116a36ba7d51bf9a351b8e717c01df48b48e6919a7462a56d1d01b301bc,none
paper-notes/lewis-2020-rag.md,paper-notes/lewis-2020-rag.md,true,2813,2813,2c02613007938b77a70ca677457e28205417a0f8eb92216bdb0f99e14bc4c9d4,2c02613007938b77a70ca677457e28205417a0f8eb92216bdb0f99e14bc4c9d4,none
paper-notes/li-2023-api-bank.md,paper-notes/li-2023-api-bank.md,true,2572,2572,161c9e289b7ce02151fd319a8f19c60a17521abc979d483284eadd9ace192f2a,161c9e289b7ce02151fd319a8f19c60a17521abc979d483284eadd9ace192f2a,none
paper-notes/li-2023-camel.md,paper-notes/li-2023-camel.md,true,2587,2587,d328e4d7a32a15ce9839f25419520cc3f08684fbb37985c58d53a044da021657,d328e4d7a32a15ce9839f25419520cc3f08684fbb37985c58d53a044da021657,none
paper-notes/li-2024-autoflow.md,paper-notes/li-2024-autoflow.md,true,3494,3494,0b778a96e68213249ddcbd9df50e4856bc7c077bc2e565ae9457ddbac11988f3,0b778a96e68213249ddcbd9df50e4856bc7c077bc2e565ae9457ddbac11988f3,none
paper-notes/li-2024-more-agents.md,paper-notes/li-2024-more-agents.md,true,2419,2419,e9925cf68a9a9a341a14c0a1d041404f0162b20f3565fc4cb549dfd20fd234ee,e9925cf68a9a9a341a14c0a1d041404f0162b20f3565fc4cb549dfd20fd234ee,none
paper-notes/li-2025-agent-paradigms.md,paper-notes/li-2025-agent-paradigms.md,true,2435,2435,e21b4968c1e2c4782ba94f028a6d923141983f11733974668bdb9131e351e488,e21b4968c1e2c4782ba94f028a6d923141983f11733974668bdb9131e351e488,none
paper-notes/li-2025-agentswift.md,paper-notes/li-2025-agentswift.md,true,3607,3607,f35707a2182d27414f1744ad34457be4e600b417413e7d1ebf16dabaa79588f0,f35707a2182d27414f1744ad34457be4e600b417413e7d1ebf16dabaa79588f0,none
paper-notes/lightman-2023-verify-step.md,paper-notes/lightman-2023-verify-step.md,true,2624,2624,135898fec846630ceba285b4e912215b9be7d154cb631b0b504c23d7f8e5bf91,135898fec846630ceba285b4e912215b9be7d154cb631b0b504c23d7f8e5bf91,none
paper-notes/lin-2026-agentic-harness-evolution.md,paper-notes/lin-2026-agentic-harness-evolution.md,true,2833,2833,6c4a9c7031845743266cd1135ead2b6b78e122b04b1cf91bcb3d61bdd92eb5a7,6c4a9c7031845743266cd1135ead2b6b78e122b04b1cf91bcb3d61bdd92eb5a7,none
paper-notes/lin-2026-harness-updating.md,paper-notes/lin-2026-harness-updating.md,true,3847,3847,2f74002ecb588621ee8c38c0de683a5a618649fe21728f226c765b24f6e318a8,2f74002ecb588621ee8c38c0de683a5a618649fe21728f226c765b24f6e318a8,none
paper-notes/liu-2023-agentbench.md,paper-notes/liu-2023-agentbench.md,true,3007,3007,d316152482141018aa44d0b14af3a14d3939b7499989d4e83061ab7eefb65634,d316152482141018aa44d0b14af3a14d3939b7499989d4e83061ab7eefb65634,none
paper-notes/liu-2024-lost-middle.md,paper-notes/liu-2024-lost-middle.md,true,2537,2537,612151ce84a6bce9872182c89aea5e42025a1f18df00d8e7296b095aebde23a2,612151ce84a6bce9872182c89aea5e42025a1f18df00d8e7296b095aebde23a2,none
paper-notes/liu-2026-acemad.md,paper-notes/liu-2026-acemad.md,true,2755,2755,641a185f3ea6a24d9f4713dfb0c0c945bd0562985e51aa30a43388baf325d1e2,641a185f3ea6a24d9f4713dfb0c0c945bd0562985e51aa30a43388baf325d1e2,none
paper-notes/liu-2026-adaptive-auto-harness.md,paper-notes/liu-2026-adaptive-auto-harness.md,true,3586,3586,7394978400974c3ee855a4caa5b105616a0a4c202fdf82aa91fb472582ef06cb,7394978400974c3ee855a4caa5b105616a0a4c202fdf82aa91fb472582ef06cb,none
paper-notes/liu-2026-agentflow.md,paper-notes/liu-2026-agentflow.md,true,2766,2766,282974dc20a228145e7ca30ef9e6e9f0a12bfe25d689ac80a83491a77a4576c5,282974dc20a228145e7ca30ef9e6e9f0a12bfe25d689ac80a83491a77a4576c5,none
paper-notes/lou-2026-autoharness.md,paper-notes/lou-2026-autoharness.md,true,3798,3798,7385948b1d99a5a0441726fc4a5f4975eb0177addb6571e280dcdd0b13940724,7385948b1d99a5a0441726fc4a5f4975eb0177addb6571e280dcdd0b13940724,none
paper-notes/luo-2026-autodesign.md,paper-notes/luo-2026-autodesign.md,true,2908,2908,fae4caff1efdf7e2900151213c4cac46f629dfc3afc69cda33e3575a105809f9,fae4caff1efdf7e2900151213c4cac46f629dfc3afc69cda33e3575a105809f9,none
paper-notes/luo-2026-harnessbank.md,paper-notes/luo-2026-harnessbank.md,true,3811,3811,7a4f37b1c065dbb93e2d13b1fd0679fe24457d7cfd3f048b9057d460628f86ba,7a4f37b1c065dbb93e2d13b1fd0679fe24457d7cfd3f048b9057d460628f86ba,none
paper-notes/ma-2024-agentboard.md,paper-notes/ma-2024-agentboard.md,true,2908,2908,b6024179020130e33ac79dd24263ed703010385e567a73de2ac9003fb751ddc1,b6024179020130e33ac79dd24263ed703010385e567a73de2ac9003fb751ddc1,none
paper-notes/madaan-2023-self-refine.md,paper-notes/madaan-2023-self-refine.md,true,2777,2777,0103ce911516b6dc6ee4a3dcd1762b4187a01d959f94eedc2ed0d036a5e72884,0103ce911516b6dc6ee4a3dcd1762b4187a01d959f94eedc2ed0d036a5e72884,none
paper-notes/mialon-2023-gaia.md,paper-notes/mialon-2023-gaia.md,true,2677,2677,c2560e12143a95201ad60ac97567fee73c0e883015279fa6927c7589f3321ab6,c2560e12143a95201ad60ac97567fee73c0e883015279fa6927c7589f3321ab6,none
paper-notes/nagle-2024-prompt-compression-rate-distortion.md,paper-notes/nagle-2024-prompt-compression-rate-distortion.md,true,3707,3707,8845241941f14e703fa35d8bc1df97af8f51847cc76bf26b459e3ef0399dd95e,8845241941f14e703fa35d8bc1df97af8f51847cc76bf26b459e3ef0399dd95e,none
paper-notes/packer-2023-memgpt.md,paper-notes/packer-2023-memgpt.md,true,2702,2702,fc011faafcee68ee45896cd0068e5acc5c75a499e8f1e3d3b6134b9c16bea38f,fc011faafcee68ee45896cd0068e5acc5c75a499e8f1e3d3b6134b9c16bea38f,none
paper-notes/pan-2023-reasoning-action-eval.md,paper-notes/pan-2023-reasoning-action-eval.md,true,2823,2823,0fad6ae3aa134d7179b11917caea3539a131b2c634893f45311ea1dcbe2b7db2,0fad6ae3aa134d7179b11917caea3539a131b2c634893f45311ea1dcbe2b7db2,none
paper-notes/pan-2026-natural-language-harnesses.md,paper-notes/pan-2026-natural-language-harnesses.md,true,2625,2625,ddecaa507565b508c7fc12a500c932d6d9bd72c11548ecbff375a0e1173ad94a,ddecaa507565b508c7fc12a500c932d6d9bd72c11548ecbff375a0e1173ad94a,none
paper-notes/paranjape-2023-art.md,paper-notes/paranjape-2023-art.md,true,2629,2629,9da9e1431250a808dd81ac2958e7049b076398870de25b1f094bc8973c8148c5,9da9e1431250a808dd81ac2958e7049b076398870de25b1f094bc8973c8148c5,none
paper-notes/park-2023-generative-agents.md,paper-notes/park-2023-generative-agents.md,true,2869,2869,44b5ddd5740acd00aaa4889231b451727aa8ac449e39a799c98bc122a10cd70b,44b5ddd5740acd00aaa4889231b451727aa8ac449e39a799c98bc122a10cd70b,none
paper-notes/patil-2023-gorilla.md,paper-notes/patil-2023-gorilla.md,true,2583,2583,6e626be4b0a1ac082879d5376f037d18a882e7ef055971f5be42229a6b808fce,6e626be4b0a1ac082879d5376f037d18a882e7ef055971f5be42229a6b808fce,none
paper-notes/patil-2025-bfcl.md,paper-notes/patil-2025-bfcl.md,true,2742,2742,75594cce98a5858a556f97b75f494e8ce16404bd6637f9db099afffab1503223,75594cce98a5858a556f97b75f494e8ce16404bd6637f9db099afffab1503223,none
paper-notes/prasad-2024-adapt.md,paper-notes/prasad-2024-adapt.md,true,2591,2591,466e2647b2e6eaf712ca6bc11d12c8d7c7ab72740f1510f2cc0757db84bb73dc,466e2647b2e6eaf712ca6bc11d12c8d7c7ab72740f1510f2cc0757db84bb73dc,none
paper-notes/prathifkumar-2025-swe-memory.md,paper-notes/prathifkumar-2025-swe-memory.md,true,2955,2955,784eea6f8a2bc96afa0b06ab452630938bd8d13b0f2cc1bb9c2f4b376f05a987,784eea6f8a2bc96afa0b06ab452630938bd8d13b0f2cc1bb9c2f4b376f05a987,none
paper-notes/qian-2024-scaling-collaboration.md,paper-notes/qian-2024-scaling-collaboration.md,true,2754,2754,124d54f2b80cd08d7c158452f18e0a0189f0b99131adc7ca41d829f16ee3fc51,124d54f2b80cd08d7c158452f18e0a0189f0b99131adc7ca41d829f16ee3fc51,none
paper-notes/qin-2023-toolllm.md,paper-notes/qin-2023-toolllm.md,true,2812,2812,74e05e45ad8b86d1e93470909ce41a241376bf9dd51edd0544606b56cca4d571,74e05e45ad8b86d1e93470909ce41a241376bf9dd51edd0544606b56cca4d571,none
paper-notes/robeyns-2025-sica.md,paper-notes/robeyns-2025-sica.md,true,3317,3317,8c391e3b8b14da53db7eb9d3e4302e7a68656ee115f7800c78d84d80616773ae,8c391e3b8b14da53db7eb9d3e4302e7a68656ee115f7800c78d84d80616773ae,none
paper-notes/ruaibox-2026-agent-systems-harness.md,paper-notes/ruaibox-2026-agent-systems-harness.md,true,2550,2550,2a51e41300768a59b71d964cbf562e66ca60bd879e3440e634f62ef7032ee137,2a51e41300768a59b71d964cbf562e66ca60bd879e3440e634f62ef7032ee137,none
paper-notes/ruan-2023-toolemu.md,paper-notes/ruan-2023-toolemu.md,true,2919,2919,2f4e757c0a6898fe3da841b35c111e17abe7c4425529becd5a14adad76694f82,2f4e757c0a6898fe3da841b35c111e17abe7c4425529becd5a14adad76694f82,none
paper-notes/russo-2016-adaptive-bias.md,paper-notes/russo-2016-adaptive-bias.md,true,3200,3200,fb6d06e11f75e3118694eacb08bcdc9474ca1675680977806ee0397eec755ac2,fb6d06e11f75e3118694eacb08bcdc9474ca1675680977806ee0397eec755ac2,none
paper-notes/saad-falcon-2024-archon.md,paper-notes/saad-falcon-2024-archon.md,true,3727,3727,72c06651329d39b3f44695736f84fdc0d3d347dab65a27a98583d45508774ca9,72c06651329d39b3f44695736f84fdc0d3d347dab65a27a98583d45508774ca9,none
paper-notes/schaeffer-2025-power-laws.md,paper-notes/schaeffer-2025-power-laws.md,true,2718,2718,a510860c077ec15621a377ded282a3a50a2293b0e78636693c3c53ff4dfedffb,a510860c077ec15621a377ded282a3a50a2293b0e78636693c3c53ff4dfedffb,none
paper-notes/schick-2023-toolformer.md,paper-notes/schick-2023-toolformer.md,true,2781,2781,8113bfcc9ea402d42a1793ac3388555d6bdcb24b80dcc53c6bfedbc31d4451a8,8113bfcc9ea402d42a1793ac3388555d6bdcb24b80dcc53c6bfedbc31d4451a8,none
paper-notes/schmidhuber-2003-godel-machines.md,paper-notes/schmidhuber-2003-godel-machines.md,true,3461,3461,a3d7f1a6b60beabbe0633f0c5ba3bd01157d1bb044c2b7ac3ef4fb86a7935004,a3d7f1a6b60beabbe0633f0c5ba3bd01157d1bb044c2b7ac3ef4fb86a7935004,none
paper-notes/schneider-2025-overtuning.md,paper-notes/schneider-2025-overtuning.md,true,3526,3526,d9bae39fcd14d29e990b6f6bdab0f3c2560002a39c57eaf0fa173bd115fe9b6b,d9bae39fcd14d29e990b6f6bdab0f3c2560002a39c57eaf0fa173bd115fe9b6b,none
paper-notes/sellier-2024-browsergym.md,paper-notes/sellier-2024-browsergym.md,true,3052,3052,6fbd6c9d364027fd66cb38985abd9d30b74d73edd360919470f1d2ac4943c503,6fbd6c9d364027fd66cb38985abd9d30b74d73edd360919470f1d2ac4943c503,none
paper-notes/shang-2024-agentsquare.md,paper-notes/shang-2024-agentsquare.md,true,3443,3443,cf06d533894394a44f72deb53f7bf27377a756507ad233124896135f484df67b,cf06d533894394a44f72deb53f7bf27377a756507ad233124896135f484df67b,none
paper-notes/shannon-1959-rate-distortion.md,paper-notes/shannon-1959-rate-distortion.md,true,3276,3276,7dc48e401a9d1468dfefc79915fb31ea74507ae2d8ffa7a85befb69677edbd24,7dc48e401a9d1468dfefc79915fb31ea74507ae2d8ffa7a85befb69677edbd24,none
paper-notes/shen-2023-hugginggpt.md,paper-notes/shen-2023-hugginggpt.md,true,2584,2584,a599ca1a8c852734e2d2c96284d8937eff3cb8fc24484e596f8979e87cd1dff2,a599ca1a8c852734e2d2c96284d8937eff3cb8fc24484e596f8979e87cd1dff2,none
paper-notes/sheng-2024-self-improving-computer-agent.md,paper-notes/sheng-2024-self-improving-computer-agent.md,true,3103,3103,93c858ed17beb520e5ba409b21b68bc3399873dad0b27992281bdd54bd32bfae,93c858ed17beb520e5ba409b21b68bc3399873dad0b27992281bdd54bd32bfae,none
paper-notes/shinn-2023-reflexion.md,paper-notes/shinn-2023-reflexion.md,true,2623,2623,776f6bec457076106e1c7d4f84d3e461791f2a582ba157ebc9dc0db980d3256d,776f6bec457076106e1c7d4f84d3e461791f2a582ba157ebc9dc0db980d3256d,none
paper-notes/siegel-2025-core-bench.md,paper-notes/siegel-2025-core-bench.md,true,2946,2946,a5a08a5d131ab1102a9340f3f1a0f8d6a13e29530169739cc4fa4b6b652186ce,a5a08a5d131ab1102a9340f3f1a0f8d6a13e29530169739cc4fa4b6b652186ce,none
paper-notes/smith-2006-optimizers-curse.md,paper-notes/smith-2006-optimizers-curse.md,true,3151,3151,7898d5ba1eb7f3476412334d05d02958304c2a05e06440423c5b21b9cee05eeb,7898d5ba1eb7f3476412334d05d02958304c2a05e06440423c5b21b9cee05eeb,none
paper-notes/snell-2024-test-time-compute.md,paper-notes/snell-2024-test-time-compute.md,true,2640,2640,ef83e85c3742b3c4cb49d885fd99cf7989b11c8b22dc7e1429da73753296dc03,ef83e85c3742b3c4cb49d885fd99cf7989b11c8b22dc7e1429da73753296dc03,none
paper-notes/solar-lezama-2006-sketch.md,paper-notes/solar-lezama-2006-sketch.md,true,3272,3272,fde6a3d37a27928b44935f0462f15041325a006b6719508a73a773e5075f1fc1,fde6a3d37a27928b44935f0462f15041325a006b6719508a73a773e5075f1fc1,none
paper-notes/song-2023-restgpt.md,paper-notes/song-2023-restgpt.md,true,2643,2643,a8687f740b24cc057d707cf80e26fa690a215eee646c22a100eb150ef1c8e96a,a8687f740b24cc057d707cf80e26fa690a215eee646c22a100eb150ef1c8e96a,none
paper-notes/stechly-2024-self-verification-limits.md,paper-notes/stechly-2024-self-verification-limits.md,true,2593,2593,4fa9c41155cab07443782d50bf9ba3368409a0a6cb529d0508f6e79877e23c97,4fa9c41155cab07443782d50bf9ba3368409a0a6cb529d0508f6e79877e23c97,none
paper-notes/stroebl-2026-inference-scaling-flaws.md,paper-notes/stroebl-2026-inference-scaling-flaws.md,true,2732,2732,f29fbcb6451a5b8bac813001a424169060ccc3debc8d833e015677af3c9d8393,f29fbcb6451a5b8bac813001a424169060ccc3debc8d833e015677af3c9d8393,none
paper-notes/sumers-2024-coala.md,paper-notes/sumers-2024-coala.md,true,2566,2566,625c600835a9c402971b7c768c4e8310d4c12e62f2ee6bef2bd73778f06ef4f0,625c600835a9c402971b7c768c4e8310d4c12e62f2ee6bef2bd73778f06ef4f0,none
paper-notes/tang-2025-autoagent.md,paper-notes/tang-2025-autoagent.md,true,3560,3560,f354b4041e9d494699d967e1a172e6cbcf11c9956a6d39a662e12ab3e744367b,f354b4041e9d494699d967e1a172e6cbcf11c9956a6d39a662e12ab3e744367b,none
paper-notes/taylor-2020-bounded-rational-self-modification.md,paper-notes/taylor-2020-bounded-rational-self-modification.md,true,3476,3476,dcd686e8f806ea477bf8a30261087145997310ec06c5db7d0d7df8b9cfca074a,dcd686e8f806ea477bf8a30261087145997310ec06c5db7d0d7df8b9cfca074a,none
paper-notes/tishby-2000-information-bottleneck.md,paper-notes/tishby-2000-information-bottleneck.md,true,3235,3235,7a9df317036b6250f8f31a4ac85bd02e910ec667e79a074813fdaac8971dffb9,7a9df317036b6250f8f31a4ac85bd02e910ec667e79a074813fdaac8971dffb9,none
paper-notes/ursekar-2026-harnessopt.md,paper-notes/ursekar-2026-harnessopt.md,true,2779,2779,445efdeedfc9dd7ee5b967dae1759d70be2ca897dbdc36463798a33a662d717d,445efdeedfc9dd7ee5b967dae1759d70be2ca897dbdc36463798a33a662d717d,none
paper-notes/wallace-2024-instruction-hierarchy.md,paper-notes/wallace-2024-instruction-hierarchy.md,true,3150,3150,21f848da85cb50cd738f2000471c88e9c323691f789cd07cd6e7b9fc2f094e85,21f848da85cb50cd738f2000471c88e9c323691f789cd07cd6e7b9fc2f094e85,none
paper-notes/wang-2022-self-consistency.md,paper-notes/wang-2022-self-consistency.md,true,2624,2624,a84078354a41fba48f78c8a85d38e12a495b77e49ccbc39b29300f0a117aefb4,a84078354a41fba48f78c8a85d38e12a495b77e49ccbc39b29300f0a117aefb4,none
paper-notes/wang-2023-voyager.md,paper-notes/wang-2023-voyager.md,true,2779,2779,10d02f519e560a5337d1427938633e300e6071f8e17b52e64fae0aa51b35e654,10d02f519e560a5337d1427938633e300e6071f8e17b52e64fae0aa51b35e654,none
paper-notes/wang-2024-autonomous-agent-survey.md,paper-notes/wang-2024-autonomous-agent-survey.md,true,2497,2497,e79e5cc30aa40f6603a9baf2b9d198a261ea2c242b2f8a304314e7d50364247c,e79e5cc30aa40f6603a9baf2b9d198a261ea2c242b2f8a304314e7d50364247c,none
paper-notes/wang-2024-openhands.md,paper-notes/wang-2024-openhands.md,true,3145,3145,8148789807da83d5ee483faaa408576944e87f59d46bdc13c762ed84083e4450,8148789807da83d5ee483faaa408576944e87f59d46bdc13c762ed84083e4450,none
paper-notes/wang-2024-quito-x.md,paper-notes/wang-2024-quito-x.md,true,3518,3518,6f29f0248359bd82808f5381bc6de9c6edf26997117876f395cc08f6b0c1c6ca,6f29f0248359bd82808f5381bc6de9c6edf26997117876f395cc08f6b0c1c6ca,none
paper-notes/wang-2025-evoagentx.md,paper-notes/wang-2025-evoagentx.md,true,3194,3194,701fe91157671afbb12cffe9be210edac105e6348437ec50f87d83c4193b6276,701fe91157671afbb12cffe9be210edac105e6348437ec50f87d83c4193b6276,none
paper-notes/wang-2025-scoreflow.md,paper-notes/wang-2025-scoreflow.md,true,3503,3503,65b24b43182f724c7d511751169b0a1c17f159903c2e778bd91eee434a9b517a,65b24b43182f724c7d511751169b0a1c17f159903c2e778bd91eee434a9b517a,none
paper-notes/wang-2025-statistical-limits.md,paper-notes/wang-2025-statistical-limits.md,true,3784,3784,b77430c684aa854215630b33931392d76631f80182df2060e7ae6737cf8190c0,b77430c684aa854215630b33931392d76631f80182df2060e7ae6737cf8190c0,none
paper-notes/wang-2026-swe-solved-correctly.md,paper-notes/wang-2026-swe-solved-correctly.md,true,2805,2805,1a7cb78d010922be0110c6b082a0056a1d085fb679c043e156cba36cc59c4d43,1a7cb78d010922be0110c6b082a0056a1d085fb679c043e156cba36cc59c4d43,none
paper-notes/wei-2026-evo-harness.md,paper-notes/wei-2026-evo-harness.md,true,3866,3866,55ec0cea1376c366422fdccb65c2dbe060ca9cc1a8c3f6a4c46b9e2d29677d26,55ec0cea1376c366422fdccb65c2dbe060ca9cc1a8c3f6a4c46b9e2d29677d26,none
paper-notes/weitzman-1979-optimal-search.md,paper-notes/weitzman-1979-optimal-search.md,true,3243,3243,f158c7d5b091dcd717515aa426967f3555c9621ebe60cd55cc640e4999d70b47,f158c7d5b091dcd717515aa426967f3555c9621ebe60cd55cc640e4999d70b47,none
paper-notes/wolflein-2025-toolmaker.md,paper-notes/wolflein-2025-toolmaker.md,true,3313,3313,9612fa7068dd0440ac7acab2cbfcbc0193c2f0fa11ea472ccc3abb9802a01e3c,9612fa7068dd0440ac7acab2cbfcbc0193c2f0fa11ea472ccc3abb9802a01e3c,none
paper-notes/wu-2023-autogen.md,paper-notes/wu-2023-autogen.md,true,2806,2806,7d45e023239e0c243047ee90bf2fc4c19435114a8949e8eb38b706b395cc7cf7,7d45e023239e0c243047ee90bf2fc4c19435114a8949e8eb38b706b395cc7cf7,none
paper-notes/wu-2024-longmemeval.md,paper-notes/wu-2024-longmemeval.md,true,2651,2651,db5dd258e8661c0e9a45b266b50304dbde827523dbc1cbccf459e2ea846357f3,db5dd258e8661c0e9a45b266b50304dbde827523dbc1cbccf459e2ea846357f3,none
paper-notes/wu-2026-harnessdev.md,paper-notes/wu-2026-harnessdev.md,true,2923,2923,810754ecc79e206ef9b7c81405a2d5c839b98a9e92b953aafbbbb9828d84f4dc,810754ecc79e206ef9b7c81405a2d5c839b98a9e92b953aafbbbb9828d84f4dc,none
paper-notes/xi-2023-rise-agent-survey.md,paper-notes/xi-2023-rise-agent-survey.md,true,2826,2826,2c971163bf824901b9b084838f3ac423278393ac7ee5cca6961517f4d8a00c42,2c971163bf824901b9b084838f3ac423278393ac7ee5cca6961517f4d8a00c42,none
paper-notes/xia-2024-agentless.md,paper-notes/xia-2024-agentless.md,true,2712,2712,acdab30da5c84b65a3b07ca5d2a9050f5e720474e41ec6d10669e7399a5c5d0d,acdab30da5c84b65a3b07ca5d2a9050f5e720474e41ec6d10669e7399a5c5d0d,none
paper-notes/xie-2024-osworld.md,paper-notes/xie-2024-osworld.md,true,2982,2982,d604be59e0ae6bc4974eb4123a839cf027e83f9f0b38d2018f855211ca1994b2,d604be59e0ae6bc4974eb4123a839cf027e83f9f0b38d2018f855211ca1994b2,none
paper-notes/xie-2025-planning-barriers.md,paper-notes/xie-2025-planning-barriers.md,true,2815,2815,f65b59e06c480608a66b6d6a8fc9c78ff0f7a825c08069e5a9b6c7111c0696fe,f65b59e06c480608a66b6d6a8fc9c78ff0f7a825c08069e5a9b6c7111c0696fe,none
paper-notes/xu-2023-rewoo.md,paper-notes/xu-2023-rewoo.md,true,2662,2662,f740028091520beda0f57df0f39a81975152ae0a0842448bf984b3da465d8e33,f740028091520beda0f57df0f39a81975152ae0a0842448bf984b3da465d8e33,none
paper-notes/xu-2026-polar.md,paper-notes/xu-2026-polar.md,true,2763,2763,9d5d77749873ac2fa5554c34223de8d63e579e09dcb55268478f32832fde7ce0,9d5d77749873ac2fa5554c34223de8d63e579e09dcb55268478f32832fde7ce0,none
paper-notes/yang-2024-agentoccam.md,paper-notes/yang-2024-agentoccam.md,true,3483,3483,cc85a7a433597aef39d74b64436a003bcd4f4126f712efd0e04c23354ae93e33,cc85a7a433597aef39d74b64436a003bcd4f4126f712efd0e04c23354ae93e33,none
paper-notes/yang-2024-swe-agent.md,paper-notes/yang-2024-swe-agent.md,true,2902,2902,1bd300fae402239e1fa7f084ef41a1975283949d95427f88b443faad2f52b399,1bd300fae402239e1fa7f084ef41a1975283949d95427f88b443faad2f52b399,none
paper-notes/yang-2025-revisiting-mad.md,paper-notes/yang-2025-revisiting-mad.md,true,2578,2578,1bfc6f6ef8510ac9441db89877d60b83331f59bf3f7a98f01118baac81adde1c,1bfc6f6ef8510ac9441db89877d60b83331f59bf3f7a98f01118baac81adde1c,none
paper-notes/yang-2025-swe-smith.md,paper-notes/yang-2025-swe-smith.md,true,2835,2835,973248bc989f6f425bdbfcdbb8e9451bad63113bf3a2d39e41624ea40ff461f2,973248bc989f6f425bdbfcdbb8e9451bad63113bf3a2d39e41624ea40ff461f2,none
paper-notes/yang-2026-evotool.md,paper-notes/yang-2026-evotool.md,true,3603,3603,d6afc935cd51befd35b35ce5d5fd8364793cf08bf9280402d68ab050946a3e62,d6afc935cd51befd35b35ce5d5fd8364793cf08bf9280402d68ab050946a3e62,none
paper-notes/yao-2023-react.md,paper-notes/yao-2023-react.md,true,2597,2597,ee6cbd99782ea494f48a6abbe0ff77737209818504ed11f4410e2f02f7ba2aaa,ee6cbd99782ea494f48a6abbe0ff77737209818504ed11f4410e2f02f7ba2aaa,none
paper-notes/yao-2023-tree-of-thoughts.md,paper-notes/yao-2023-tree-of-thoughts.md,true,2686,2686,7c732583e9e3a1bcd08cef618c699bbec73b58cdff7744b513bc992744f0bb09,7c732583e9e3a1bcd08cef618c699bbec73b58cdff7744b513bc992744f0bb09,none
paper-notes/yao-2024-tau-bench.md,paper-notes/yao-2024-tau-bench.md,true,2738,2738,08a69c6f74def9fb844a7af43cf6100ca5571e1e65deef17a8a15b23593cf4ef,08a69c6f74def9fb844a7af43cf6100ca5571e1e65deef17a8a15b23593cf4ef,none
paper-notes/yao-2026-harness-bench.md,paper-notes/yao-2026-harness-bench.md,true,2787,2787,0ffca30b0f6a78138c5e64bf61b547f37625a2d6705c02db6717f35a03a36bb4,0ffca30b0f6a78138c5e64bf61b547f37625a2d6705c02db6717f35a03a36bb4,none
paper-notes/yehudai-2026-agent-evaluation-survey.md,paper-notes/yehudai-2026-agent-evaluation-survey.md,true,2468,2468,540094a2bae8a4f7c9c715b03ee30043a1cda7f04f2b1ee38ad2697260d2dc13,540094a2bae8a4f7c9c715b03ee30043a1cda7f04f2b1ee38ad2697260d2dc13,none
paper-notes/yin-2024-godel-agent.md,paper-notes/yin-2024-godel-agent.md,true,3543,3543,92d3586d3903219c5bc7904e307ff226616397ba1ed42822e738733089479588,92d3586d3903219c5bc7904e307ff226616397ba1ed42822e738733089479588,none
paper-notes/yuan-2023-craft.md,paper-notes/yuan-2023-craft.md,true,3610,3610,b9b1e8d74fe241428a9d4d9c03110b3498f39a6e1eb67c4c986e32ba95179397,b9b1e8d74fe241428a9d4d9c03110b3498f39a6e1eb67c4c986e32ba95179397,none
paper-notes/yuan-2024-evoagent.md,paper-notes/yuan-2024-evoagent.md,true,3367,3367,57740369e6173c1f3977aa9fd81dfc34509f7265626b7bf5809f9bfc02b7c833,57740369e6173c1f3977aa9fd81dfc34509f7265626b7bf5809f9bfc02b7c833,none
paper-notes/yue-2026-workflow-optimization-survey.md,paper-notes/yue-2026-workflow-optimization-survey.md,true,3686,3686,516b57d46d75d71ce2bef54e1b539d4884e023082c97d7a3dcb65a81362a8be6,516b57d46d75d71ce2bef54e1b539d4884e023082c97d7a3dcb65a81362a8be6,none
paper-notes/yuksekgonul-2024-textgrad.md,paper-notes/yuksekgonul-2024-textgrad.md,true,3501,3501,a89b56ed4aa155cc184b779b1620e28266b8e9855f7628b15d17ca93629f00a2,a89b56ed4aa155cc184b779b1620e28266b8e9855f7628b15d17ca93629f00a2,none
paper-notes/zelikman-2024-stop.md,paper-notes/zelikman-2024-stop.md,true,3417,3417,a3c1b86838f2b34505359de545b371006af2286ff445c19a3f9c783a8f0f5e5a,a3c1b86838f2b34505359de545b371006af2286ff445c19a3f9c783a8f0f5e5a,none
paper-notes/zhan-2024-injecagent.md,paper-notes/zhan-2024-injecagent.md,true,2939,2939,aa7c3860574530208c4849d1a84d829422dbcc449cf63d9de280082efddd386c,aa7c3860574530208c4849d1a84d829422dbcc449cf63d9de280082efddd386c,none
paper-notes/zhang-2024-aflow.md,paper-notes/zhang-2024-aflow.md,true,3503,3503,7afe55802aa3eab1d9cb71835b154695dbb88c90bfe3736c659c181b39f0c2ee,7afe55802aa3eab1d9cb71835b154695dbb88c90bfe3736c659c181b39f0c2ee,none
paper-notes/zhang-2024-agentoptimizer.md,paper-notes/zhang-2024-agentoptimizer.md,true,3497,3497,7652fbf6b089aa07967e235353c8a5aedaa32843d0d5443e801502ead865f315,7652fbf6b089aa07967e235353c8a5aedaa32843d0d5443e801502ead865f315,none
paper-notes/zhang-2025-ace.md,paper-notes/zhang-2025-ace.md,true,3690,3690,888d8ac009597c04f9373eda61572e802332981d39589df521d29774374d5a5e,888d8ac009597c04f9373eda61572e802332981d39589df521d29774374d5a5e,none
paper-notes/zhang-2025-darwin-godel-machine.md,paper-notes/zhang-2025-darwin-godel-machine.md,true,3564,3564,e92bbe4d6578c69f88b24bc654b8aa58e254f82b73fe883432ad547946b5f76d,e92bbe4d6578c69f88b24bc654b8aa58e254f82b73fe883432ad547946b5f76d,none
paper-notes/zhang-2025-maas.md,paper-notes/zhang-2025-maas.md,true,3420,3420,412cfb433e67947298c3b42ccea2d3cd7c79480d4b7b38528355a93a93658269,412cfb433e67947298c3b42ccea2d3cd7c79480d4b7b38528355a93a93658269,none
paper-notes/zhang-2025-swarmagentic.md,paper-notes/zhang-2025-swarmagentic.md,true,3460,3460,8311d9248b86cc173bd8b6ecb042846842c5cf12bd78999bf50030666c7577fa,8311d9248b86cc173bd8b6ecb042846842c5cf12bd78999bf50030666c7577fa,none
paper-notes/zhang-2026-jit-agent.md,paper-notes/zhang-2026-jit-agent.md,true,2838,2838,650ba701bc1c3b339d4409764fd9e1c01dcfe44c170fc01a64c0adc515ab46bc,650ba701bc1c3b339d4409764fd9e1c01dcfe44c170fc01a64c0adc515ab46bc,none
paper-notes/zhang-2026-self-harness.md,paper-notes/zhang-2026-self-harness.md,true,3547,3547,2bc484b7aa231e98db3cdfda03b077cfbdf064292685af603eceb1de11e24e5a,2bc484b7aa231e98db3cdfda03b077cfbdf064292685af603eceb1de11e24e5a,none
paper-notes/zhang-2026-stop-comparing.md,paper-notes/zhang-2026-stop-comparing.md,true,2990,2990,408d7e4ce646c5010abfa22a7a5ddbd8386e62c649dd34804d8ca55c0e62d3ef,408d7e4ce646c5010abfa22a7a5ddbd8386e62c649dd34804d8ca55c0e62d3ef,none
paper-notes/zhao-2023-expel.md,paper-notes/zhao-2023-expel.md,true,2649,2649,3eb17eafc642b3e0c3e98056c58526c172f2fd57ca670df9f4f057c1013d20bc,3eb17eafc642b3e0c3e98056c58526c172f2fd57ca670df9f4f057c1013d20bc,none
paper-notes/zhao-2025-a2flow.md,paper-notes/zhao-2025-a2flow.md,true,3553,3553,73bbba54e025ac81ebf571dc4fdef3ea9828037eb9cfa33b74a840ce6dd1a9a8,73bbba54e025ac81ebf571dc4fdef3ea9828037eb9cfa33b74a840ce6dd1a9a8,none
paper-notes/zhong-2023-memorybank.md,paper-notes/zhong-2023-memorybank.md,true,2665,2665,f2f71ce9eb552be36e99b6619712ced1c382b43a25eb079b5074d63d6d55f874,f2f71ce9eb552be36e99b6619712ced1c382b43a25eb079b5074d63d6d55f874,none
paper-notes/zhong-2026-harness-runtime.md,paper-notes/zhong-2026-harness-runtime.md,true,2558,2558,097c4bc98d031fff5e23903919ba79111d2a2b1fcc6f6cb2e588bf8bd15b3cd2,097c4bc98d031fff5e23903919ba79111d2a2b1fcc6f6cb2e588bf8bd15b3cd2,none
paper-notes/zhou-2023-webarena.md,paper-notes/zhou-2023-webarena.md,true,2825,2825,e55085fecfdb5102c2281e1f6d103c7b90b2b87d72f3bcc9d6271e72e474b46e,e55085fecfdb5102c2281e1f6d103c7b90b2b87d72f3bcc9d6271e72e474b46e,none
paper-notes/zhou-2024-lats.md,paper-notes/zhou-2024-lats.md,true,2555,2555,744e2aa4d45a2033916072074606f5f42e0157fe34920dc6155b70c4a692774f,744e2aa4d45a2033916072074606f5f42e0157fe34920dc6155b70c4a692774f,none
paper-notes/zhou-2024-symbolic-learning.md,paper-notes/zhou-2024-symbolic-learning.md,true,3571,3571,b22ac89246af9d51b416eaef1dec75e588e1d79a4660691e6a1b3ee755bc15d0,b22ac89246af9d51b416eaef1dec75e588e1d79a4660691e6a1b3ee755bc15d0,none
paper-notes/zhou-2026-hsi.md,paper-notes/zhou-2026-hsi.md,true,3486,3486,29fec728e6e49decc1e6215235fe44bab28e710e6534066760879e9f1c60a2ba,29fec728e6e49decc1e6215235fe44bab28e710e6534066760879e9f1c60a2ba,none
paper-notes/zhu-2025-rigorous-agentic-benchmarks.md,paper-notes/zhu-2025-rigorous-agentic-benchmarks.md,true,3394,3394,1277c395ccfc663a6bfc9a98ef1d9a7f27504ad8087c5a58f5c071add2055894,1277c395ccfc663a6bfc9a98ef1d9a7f27504ad8087c5a58f5c071add2055894,none
paper-notes/zhuge-2024-gptswarm.md,paper-notes/zhuge-2024-gptswarm.md,true,3537,3537,02df087fdbf0393e958f79c2e433d64e9f658ed2477f02e32eee0ce358ef4e98,02df087fdbf0393e958f79c2e433d64e9f658ed2477f02e32eee0ce358ef4e98,none
papers/academic/.gitkeep,papers/academic/.gitkeep,true,1,1,01ba4719c80b6fe911b091a7c05124b64eeece964e09c058ef8f9805daca546b,01ba4719c80b6fe911b091a7c05124b64eeece964e09c058ef8f9805daca546b,none
papers/academic/abuzakuk-2026-awo.pdf,papers/academic/abuzakuk-2026-awo.pdf,true,3902294,3902294,97f856b6c45a66870a9323359f260d8df8b8f66785b0ae96837b8672ccd140ff,97f856b6c45a66870a9323359f260d8df8b8f66785b0ae96837b8672ccd140ff,none
papers/academic/agrawal-2025-gepa.pdf,papers/academic/agrawal-2025-gepa.pdf,true,2975112,2975112,ab3a5139bac83f192ad67529368d77b84b0d807e95a8e4fd0daa8d45fd046bec,ab3a5139bac83f192ad67529368d77b84b0d807e95a8e4fd0daa8d45fd046bec,none
papers/academic/ahn-2026-prompts-contracts.pdf,papers/academic/ahn-2026-prompts-contracts.pdf,true,1686826,1686826,d90ad4ee4e445512e930a291fee7d10ec43c662e7a920eccafd6740cd6f8eb64,d90ad4ee4e445512e930a291fee7d10ec43c662e7a920eccafd6740cd6f8eb64,none
papers/academic/aleithan-2024-swe-bench-plus.pdf,papers/academic/aleithan-2024-swe-bench-plus.pdf,true,663868,663868,5b845ad1617b5abb71f5ab2c11831ea0dde7a6a25f43e618056327c3e782ea2c,5b845ad1617b5abb71f5ab2c11831ea0dde7a6a25f43e618056327c3e782ea2c,none
papers/academic/alur-2013-sygus.pdf,papers/academic/alur-2013-sygus.pdf,true,305858,305858,ed46aeb2ac50ff93169331b92b11ecd03ffa3bcc43acddd29b468e9913dabaf7,ed46aeb2ac50ff93169331b92b11ecd03ffa3bcc43acddd29b468e9913dabaf7,none
papers/academic/badertdinov-2025-swe-rebench.pdf,papers/academic/badertdinov-2025-swe-rebench.pdf,true,778512,778512,5d514a4d2bb375763bd12f71140a79e721e29adab8ec192ebd7215d7c93c4d8c,5d514a4d2bb375763bd12f71140a79e721e29adab8ec192ebd7215d7c93c4d8c,none
papers/academic/barbaste-2026-harness-anatomy.pdf,papers/academic/barbaste-2026-harness-anatomy.pdf,true,963456,963456,e81b5a4855adda8cc5e46db0a05cd69e0d0d542bd49cec6b157c17e6001395d7,e81b5a4855adda8cc5e46db0a05cd69e0d0d542bd49cec6b157c17e6001395d7,none
papers/academic/besta-2024-graph-of-thoughts.pdf,papers/academic/besta-2024-graph-of-thoughts.pdf,true,3128193,3128193,73caa3c05813105e5db38edfbb58e1b660771a00dfdb74768c8845e15263c5da,73caa3c05813105e5db38edfbb58e1b660771a00dfdb74768c8845e15263c5da,none
papers/academic/blum-2015-ladder.pdf,papers/academic/blum-2015-ladder.pdf,true,308155,308155,957ef4739df371a0a778360f0db4252a62f7c85abcd8343f581cd6250b1d31fe,957ef4739df371a0a778360f0db4252a62f7c85abcd8343f581cd6250b1d31fe,none
papers/academic/brown-2024-language-monkeys.pdf,papers/academic/brown-2024-language-monkeys.pdf,true,989958,989958,33889c6cb265ae11ed67e50070d3a31cd894036d8c9b404212a38df1783e8884,33889c6cb265ae11ed67e50070d3a31cd894036d8c9b404212a38df1783e8884,none
papers/academic/cai-2023-latm.pdf,papers/academic/cai-2023-latm.pdf,true,1058353,1058353,b943eec75e8a02e2c1003e87cb8508717820950a422508ce1d067195fb0edd10,b943eec75e8a02e2c1003e87cb8508717820950a422508ce1d067195fb0edd10,none
papers/academic/cawley-2010-model-selection-overfitting.pdf,papers/academic/cawley-2010-model-selection-overfitting.pdf,true,759286,759286,db01ac8fabef3064a0297bfcf64fb9791bf35c4d03be7a51f5862260adfca206,db01ac8fabef3064a0297bfcf64fb9791bf35c4d03be7a51f5862260adfca206,none
papers/academic/cemri-2025-mas-failures.pdf,papers/academic/cemri-2025-mas-failures.pdf,true,1188307,1188307,1b9e317a2a421e60ca2b2eda4a30844557a01e63286a790890c0ecef32d25460,1b9e317a2a421e60ca2b2eda4a30844557a01e63286a790890c0ecef32d25460,none
papers/academic/chao-2026-stale.pdf,papers/academic/chao-2026-stale.pdf,true,5568857,5568857,388f71f1eb952e7d7e7b19c2f25bfc744c47efa8ee00a548093b949432495109,388f71f1eb952e7d7e7b19c2f25bfc744c47efa8ee00a548093b949432495109,none
papers/academic/chen-2021-codex-passk.pdf,papers/academic/chen-2021-codex-passk.pdf,true,1885177,1885177,ebae72ea0e8a5eb2ecbccdb985aec6cc1254a7c4d29e6d4de7866db1e66c4855,ebae72ea0e8a5eb2ecbccdb985aec6cc1254a7c4d29e6d4de7866db1e66c4855,none
papers/academic/chen-2023-autoagents.pdf,papers/academic/chen-2023-autoagents.pdf,true,20659580,20659580,eb28d6d380b88dbdaabaaea10c9e55dac04706f903ccac22830f462f043385f6,eb28d6d380b88dbdaabaaea10c9e55dac04706f903ccac22830f462f043385f6,none
papers/academic/chen-2024-self-debug.pdf,papers/academic/chen-2024-self-debug.pdf,true,1419448,1419448,020e06b1fb9e1d4b6c33016a9471e8bd31f8ecfd7a22335d85956c14efa39f75,020e06b1fb9e1d4b6c33016a9471e8bd31f8ecfd7a22335d85956c14efa39f75,none
papers/academic/chen-2026-self-correction-illusion.pdf,papers/academic/chen-2026-self-correction-illusion.pdf,true,812326,812326,a79d3fb0bf8ee1e27c559d2a17cdf426a71de6958271d38b359bcc746521ef9e,a79d3fb0bf8ee1e27c559d2a17cdf426a71de6958271d38b359bcc746521ef9e,none
papers/academic/cheng-2026-mem2evolve.pdf,papers/academic/cheng-2026-mem2evolve.pdf,true,7589190,7589190,172228f7c0495ec445ab881d22b35711e64bb2737ec59fa4ff87b450c200076a,172228f7c0495ec445ab881d22b35711e64bb2737ec59fa4ff87b450c200076a,none
papers/academic/choi-2025-debate-or-vote.pdf,papers/academic/choi-2025-debate-or-vote.pdf,true,506116,506116,0a731f56e50d0fcee9a191e58f586b88d1c7084e75de5f1990b5a103986c0b56,0a731f56e50d0fcee9a191e58f586b88d1c7084e75de5f1990b5a103986c0b56,none
papers/academic/choi-2026-agents-fail-explore.pdf,papers/academic/choi-2026-agents-fail-explore.pdf,true,2277740,2277740,b6157ae2cdac52c1da59014ed12935212f59f40add913dd88db902ef575149c6,b6157ae2cdac52c1da59014ed12935212f59f40add913dd88db902ef575149c6,none
papers/academic/dang-2025-evolving-orchestration.pdf,papers/academic/dang-2025-evolving-orchestration.pdf,true,7407808,7407808,244c86ebd95a9fa7ca06539854186ea3dcdbf794ceb6e7827fff6e642e647bf6,244c86ebd95a9fa7ca06539854186ea3dcdbf794ceb6e7827fff6e642e647bf6,none
papers/academic/debenedetti-2024-agentdojo.pdf,papers/academic/debenedetti-2024-agentdojo.pdf,true,1042076,1042076,349884fffbf43282591c5accffd57bb651632f38e412fe303114941bdd111b05,349884fffbf43282591c5accffd57bb651632f38e412fe303114941bdd111b05,none
papers/academic/dhage-2026-deterministic-harness.pdf,papers/academic/dhage-2026-deterministic-harness.pdf,true,177695,177695,3bafe1cbdb0469a02a736405adf2664825a807edec6fbf13056596d9cd70a595,3bafe1cbdb0469a02a736405adf2664825a807edec6fbf13056596d9cd70a595,none
papers/academic/du-2023-multiagent-debate.pdf,papers/academic/du-2023-multiagent-debate.pdf,true,1779875,1779875,b302ff15202dc3cda03f40ea1ac92b29e1519978540b345af92991f6d3e619b4,b302ff15202dc3cda03f40ea1ac92b29e1519978540b345af92991f6d3e619b4,none
papers/academic/dwork-2015-adaptive-holdout.pdf,papers/academic/dwork-2015-adaptive-holdout.pdf,true,705052,705052,dcfbb9aa401c62949123be2d74787c4f9cca48597f18860760ef1580ddb4bc71,dcfbb9aa401c62949123be2d74787c4f9cca48597f18860760ef1580ddb4bc71,none
papers/academic/everitt-2016-self-modification.pdf,papers/academic/everitt-2016-self-modification.pdf,true,524252,524252,1b7a3c091bd2c02b30d9bc9201bf09b5c6f9af839d30240458da917a3f750461,1b7a3c091bd2c02b30d9bc9201bf09b5c6f9af839d30240458da917a3f750461,none
papers/academic/fernando-2023-promptbreeder.pdf,papers/academic/fernando-2023-promptbreeder.pdf,true,819158,819158,0e5b44b77d345581509bb58b009fa7fef9928bf8c090b2a056e8916f25d974a0,0e5b44b77d345581509bb58b009fa7fef9928bf8c090b2a056e8916f25d974a0,none
papers/academic/gao-2025-self-evolving-agent-survey.pdf,papers/academic/gao-2025-self-evolving-agent-survey.pdf,true,5726709,5726709,0b39df03feea2f4d8ac41e35a9247889978a53cb1e7b7d3eafaae76ad97b5602,0b39df03feea2f4d8ac41e35a9247889978a53cb1e7b7d3eafaae76ad97b5602,none
papers/academic/gou-2024-critic.pdf,papers/academic/gou-2024-critic.pdf,true,1581312,1581312,ed5cbff53c8ff550b72d6abba0d7e4d83c5d214d61d0fafde10cbe4bbfc31a5b,ed5cbff53c8ff550b72d6abba0d7e4d83c5d214d61d0fafde10cbe4bbfc31a5b,none
papers/academic/greshake-2023-indirect-injection.pdf,papers/academic/greshake-2023-indirect-injection.pdf,true,7306999,7306999,428e23e8c7e4f89310e113e38d082b3f65548a8b887188ebc536099061800e81,428e23e8c7e4f89310e113e38d082b3f65548a8b887188ebc536099061800e81,none
papers/academic/guo-2026-agent-harness-survey.pdf,papers/academic/guo-2026-agent-harness-survey.pdf,true,1182574,1182574,5d21e1f25dd55857e7d17452be1bc74d14026e0bc7843d84f73f55c17856fdda,5d21e1f25dd55857e7d17452be1bc74d14026e0bc7843d84f73f55c17856fdda,none
papers/academic/hao-2023-rap.pdf,papers/academic/hao-2023-rap.pdf,true,873191,873191,3babff1eb4eb47d19dd9eb5a5bb11d433c34370e308c0be9ad75ea7d8ab76dfe,3babff1eb4eb47d19dd9eb5a5bb11d433c34370e308c0be9ad75ea7d8ab76dfe,none
papers/academic/hardt-2014-adaptive-hardness.pdf,papers/academic/hardt-2014-adaptive-hardness.pdf,true,325014,325014,308e6e4ff3b5c7668da1ec62b614b5e9034f674050668a6e9c79554c367990d8,308e6e4ff3b5c7668da1ec62b614b5e9034f674050668a6e9c79554c367990d8,none
papers/academic/hariri-2026-test-time-scaling-survey.pdf,papers/academic/hariri-2026-test-time-scaling-survey.pdf,true,1431442,1431442,d5ac888ca9d2f6b15ad3ce1b626bbcd403745805d15d38f750e7e0680d747e32,d5ac888ca9d2f6b15ad3ce1b626bbcd403745805d15d38f750e7e0680d747e32,none
papers/academic/howard-2021-confidence-sequences.pdf,papers/academic/howard-2021-confidence-sequences.pdf,true,1494142,1494142,eb3efd547349adfbff25514ae0854c142cd29b96b398be38c9000d69a2f64ca8,eb3efd547349adfbff25514ae0854c142cd29b96b398be38c9000d69a2f64ca8,none
papers/academic/hu-2024-adas.pdf,papers/academic/hu-2024-adas.pdf,true,801981,801981,32eb1c1a6888e35fae0f618e33c58698b54d9c49bc063fef91ee591719fca376,32eb1c1a6888e35fae0f618e33c58698b54d9c49bc063fef91ee591719fca376,none
papers/academic/hu-2025-hiagent.pdf,papers/academic/hu-2025-hiagent.pdf,true,1512190,1512190,5e907a1013077f79041640294229f702c91a3b23673bed9649fb1bc773a4e25b,5e907a1013077f79041640294229f702c91a3b23673bed9649fb1bc773a4e25b,none
papers/academic/hu-2026-evomas.pdf,papers/academic/hu-2026-evomas.pdf,true,1043235,1043235,eb0825fda1b70a9522298d8b423fffe19d9b1cafbd183873bcfb457f8bc0892d,eb0825fda1b70a9522298d8b423fffe19d9b1cafbd183873bcfb457f8bc0892d,none
papers/academic/huang-2024-cannot-self-correct.pdf,papers/academic/huang-2024-cannot-self-correct.pdf,true,385585,385585,15e1731e255ec6b217792a1e077926807da77e8e46b69e6c57dda30d67794761,15e1731e255ec6b217792a1e077926807da77e8e46b69e6c57dda30d67794761,none
papers/academic/huang-2026-memoharness.pdf,papers/academic/huang-2026-memoharness.pdf,true,1915311,1915311,491dc8117001be021051c876e6dfef8617a5b6dd34a6030f765811c642ca7e9d,491dc8117001be021051c876e6dfef8617a5b6dd34a6030f765811c642ca7e9d,none
papers/academic/hutter-2002-fastest-provable-program.pdf,papers/academic/hutter-2002-fastest-provable-program.pdf,true,189738,189738,b08f86b49b4fb8607b87ec73bb46cfdb379e80ead363082e14cd36057f3279bd,b08f86b49b4fb8607b87ec73bb46cfdb379e80ead363082e14cd36057f3279bd,none
papers/academic/jamieson-2016-successive-halving.pdf,papers/academic/jamieson-2016-successive-halving.pdf,true,763452,763452,52133bcd5f21b68964983cf77d15d51f10fc62fa67a22b5a2a8af4bbc82a91fa,52133bcd5f21b68964983cf77d15d51f10fc62fa67a22b5a2a8af4bbc82a91fa,none
papers/academic/jimenez-2024-swe-bench.pdf,papers/academic/jimenez-2024-swe-bench.pdf,true,4533722,4533722,f7e8e1df64129742b8199a21a042734519a823a1dafd6f48f8f3ddcfb48ee296,f7e8e1df64129742b8199a21a042734519a823a1dafd6f48f8f3ddcfb48ee296,none
papers/academic/jin-2026-heart-tool-primitives.pdf,papers/academic/jin-2026-heart-tool-primitives.pdf,true,468562,468562,1e741d517eb9593cb7f4f07a5542d04288e86ad2a4c0c8260d9976f1ec08dfee,1e741d517eb9593cb7f4f07a5542d04288e86ad2a4c0c8260d9976f1ec08dfee,none
papers/academic/kapoor-2024-agents-matter.pdf,papers/academic/kapoor-2024-agents-matter.pdf,true,1235369,1235369,1681013e0421f9d193ca5bb556b566f50d1e5eaa43d7a9700a31ca3dd0e2ff7a,1681013e0421f9d193ca5bb556b566f50d1e5eaa43d7a9700a31ca3dd0e2ff7a,none
papers/academic/kapoor-2026-hal.pdf,papers/academic/kapoor-2026-hal.pdf,true,12428285,12428285,f224b5ef6ec2a9e1606878e39e81acd4e0ed8ac9f4d80b120f17266c5c281d0f,f224b5ef6ec2a9e1606878e39e81acd4e0ed8ac9f4d80b120f17266c5c281d0f,none
papers/academic/karpas-2022-mrkl.pdf,papers/academic/karpas-2022-mrkl.pdf,true,766926,766926,50496293f221729999f03d17867bd0b7a84dba7275196684a1aa6fe06cca7257,50496293f221729999f03d17867bd0b7a84dba7275196684a1aa6fe06cca7257,none
papers/academic/ke-2026-quine.pdf,papers/academic/ke-2026-quine.pdf,true,749899,749899,ab9e29ad5aaf7ed9d805d72336bb8e53154c15c68dba2aec07dd146dfaa634e2,ab9e29ad5aaf7ed9d805d72336bb8e53154c15c68dba2aec07dd146dfaa634e2,none
papers/academic/khattab-2023-dspy.pdf,papers/academic/khattab-2023-dspy.pdf,true,460814,460814,5309836325c3a580b6c176242f49f21ca40e413b0acd514e74b67e16bb1b56bc,5309836325c3a580b6c176242f49f21ca40e413b0acd514e74b67e16bb1b56bc,none
papers/academic/kwa-2025-long-software-tasks.pdf,papers/academic/kwa-2025-long-software-tasks.pdf,true,6903377,6903377,460e6d25522be8a6d83a13bbedf8f691cc4cfadc12a3e57adb783647515d1c60,460e6d25522be8a6d83a13bbedf8f691cc4cfadc12a3e57adb783647515d1c60,none
papers/academic/laroche-2019-spibb.pdf,papers/academic/laroche-2019-spibb.pdf,true,2509921,2509921,ebb7aa35960e803ff09eeabd0c1a8e53a790994ccff4c0a2e441a5faadaba10f,ebb7aa35960e803ff09eeabd0c1a8e53a790994ccff4c0a2e441a5faadaba10f,none
papers/academic/lee-2026-meta-harness.pdf,papers/academic/lee-2026-meta-harness.pdf,true,1078140,1078140,7d9b90f53a9f4801a090f1a4acb843340cde81e4f865f97d53fff2a6a570eb73,7d9b90f53a9f4801a090f1a4acb843340cde81e4f865f97d53fff2a6a570eb73,none
papers/academic/lewis-2020-rag.pdf,papers/academic/lewis-2020-rag.pdf,true,885323,885323,23e3249e9a1e75418d82efecab0ea8c4d033b89c93742f63208d47ce01f21233,23e3249e9a1e75418d82efecab0ea8c4d033b89c93742f63208d47ce01f21233,none
papers/academic/li-2023-api-bank.pdf,papers/academic/li-2023-api-bank.pdf,true,848885,848885,619006a4cfcdd1d2427e4d7cb0fd45d54803c16f238bdabde899d8e141958b92,619006a4cfcdd1d2427e4d7cb0fd45d54803c16f238bdabde899d8e141958b92,none
papers/academic/li-2023-camel.pdf,papers/academic/li-2023-camel.pdf,true,7536497,7536497,926c73c2ae9f9abc7612ab58373e428476f4de55db78646ed59de09810db7777,926c73c2ae9f9abc7612ab58373e428476f4de55db78646ed59de09810db7777,none
papers/academic/li-2024-autoflow.pdf,papers/academic/li-2024-autoflow.pdf,true,558397,558397,dee9185ced28099dcf689698051090a309bcaf584bf41dd95e7ec679c8bc2132,dee9185ced28099dcf689698051090a309bcaf584bf41dd95e7ec679c8bc2132,none
papers/academic/li-2024-more-agents.pdf,papers/academic/li-2024-more-agents.pdf,true,1393247,1393247,d948be6a6068835cffe9b6f8b799861e188eea3a0204a90eec70e5faae0cfe57,d948be6a6068835cffe9b6f8b799861e188eea3a0204a90eec70e5faae0cfe57,none
papers/academic/li-2025-agent-paradigms.pdf,papers/academic/li-2025-agent-paradigms.pdf,true,950906,950906,2e248c36bd6388d6e21820cfa557c66b5e6e632e32f3930d5c3efcfebe7bc9f0,2e248c36bd6388d6e21820cfa557c66b5e6e632e32f3930d5c3efcfebe7bc9f0,none
papers/academic/li-2025-agentswift.pdf,papers/academic/li-2025-agentswift.pdf,true,1026510,1026510,4b47a70e925262a1b7441fb22318047725976d3f5adceb4265805d1fb884293a,4b47a70e925262a1b7441fb22318047725976d3f5adceb4265805d1fb884293a,none
papers/academic/lightman-2023-verify-step.pdf,papers/academic/lightman-2023-verify-step.pdf,true,4384742,4384742,fbd170e2042c32950c3fe97d3a558d89e8a8dffaadc942e774ccb4b751abc123,fbd170e2042c32950c3fe97d3a558d89e8a8dffaadc942e774ccb4b751abc123,none
papers/academic/lin-2026-agentic-harness-evolution.pdf,papers/academic/lin-2026-agentic-harness-evolution.pdf,true,1432986,1432986,299f2633b4c13db7bed52434b4db7c48ea621993581014d30e7bcd036d3464df,299f2633b4c13db7bed52434b4db7c48ea621993581014d30e7bcd036d3464df,none
papers/academic/lin-2026-harness-updating.pdf,papers/academic/lin-2026-harness-updating.pdf,true,2463998,2463998,a3a09f90dc278f1c6ceee5a3f7bf807b5a92b642cbcb0123d20b824a0e880d6b,a3a09f90dc278f1c6ceee5a3f7bf807b5a92b642cbcb0123d20b824a0e880d6b,none
papers/academic/liu-2023-agentbench.pdf,papers/academic/liu-2023-agentbench.pdf,true,23017024,23017024,9c780e35fc0b2de6c2e21e0572f6aaaadcf7ecdd56d63cfaae2b415bc0dc83c3,9c780e35fc0b2de6c2e21e0572f6aaaadcf7ecdd56d63cfaae2b415bc0dc83c3,none
papers/academic/liu-2024-lost-middle.pdf,papers/academic/liu-2024-lost-middle.pdf,true,747542,747542,653b29619eae2ae4b361d7bdcdc06db4bedcb1b0eabe31814036beca8c1af0b1,653b29619eae2ae4b361d7bdcdc06db4bedcb1b0eabe31814036beca8c1af0b1,none
papers/academic/liu-2026-acemad.pdf,papers/academic/liu-2026-acemad.pdf,true,831647,831647,fb6eab55458e03c9d53bd671e27979a1ef22853adc0a4f560756b721f6a29f09,fb6eab55458e03c9d53bd671e27979a1ef22853adc0a4f560756b721f6a29f09,none
papers/academic/liu-2026-adaptive-auto-harness.pdf,papers/academic/liu-2026-adaptive-auto-harness.pdf,true,1895729,1895729,50454c1eec069b668b515c6d322e4c5ac55f24655298b3381f91f461a9c39b3e,50454c1eec069b668b515c6d322e4c5ac55f24655298b3381f91f461a9c39b3e,none
papers/academic/liu-2026-agentflow.pdf,papers/academic/liu-2026-agentflow.pdf,true,906835,906835,896f1e7b49bacbb567aa2d4cad74db0afed738982b3863743f20cffed47d2ec7,896f1e7b49bacbb567aa2d4cad74db0afed738982b3863743f20cffed47d2ec7,none
papers/academic/lou-2026-autoharness.pdf,papers/academic/lou-2026-autoharness.pdf,true,917772,917772,8399c0a6a76a38c1a96804c88d0bac69286fe52ba3f255cba9175e3882fecf19,8399c0a6a76a38c1a96804c88d0bac69286fe52ba3f255cba9175e3882fecf19,none
papers/academic/luo-2026-autodesign.pdf,papers/academic/luo-2026-autodesign.pdf,true,19057789,19057789,9e9b8532f29ab9d12756f4dba5cc8d1577feb9b0057ae1ae6f2bcc9f04ce06d8,9e9b8532f29ab9d12756f4dba5cc8d1577feb9b0057ae1ae6f2bcc9f04ce06d8,none
papers/academic/luo-2026-harnessbank.pdf,papers/academic/luo-2026-harnessbank.pdf,true,2126637,2126637,360efedc16753f6bfe062cd58b1e2f7e9984bbdd36a8cc79ed363af686aeaeb2,360efedc16753f6bfe062cd58b1e2f7e9984bbdd36a8cc79ed363af686aeaeb2,none
papers/academic/ma-2024-agentboard.pdf,papers/academic/ma-2024-agentboard.pdf,true,4192031,4192031,05299b4bd716de2769ec6f23ff358db1dbef6b2eac7a643e9e3e8eed0e62c2ef,05299b4bd716de2769ec6f23ff358db1dbef6b2eac7a643e9e3e8eed0e62c2ef,none
papers/academic/madaan-2023-self-refine.pdf,papers/academic/madaan-2023-self-refine.pdf,true,2014949,2014949,81e44592314d80218ad108d3490cd0b84ba5962fefd5c84819987afd77a57087,81e44592314d80218ad108d3490cd0b84ba5962fefd5c84819987afd77a57087,none
papers/academic/mialon-2023-gaia.pdf,papers/academic/mialon-2023-gaia.pdf,true,4254059,4254059,5bf6f968d4f5cd20acdfca6e81e3c9f5277bb66061fad7a02e35442dff812ba0,5bf6f968d4f5cd20acdfca6e81e3c9f5277bb66061fad7a02e35442dff812ba0,none
papers/academic/nagle-2024-prompt-compression-rate-distortion.pdf,papers/academic/nagle-2024-prompt-compression-rate-distortion.pdf,true,1601105,1601105,029bc1b2d30fead23ef4f4a00e08d070d9d92ae271acbe3ce7a6e6df26ea5048,029bc1b2d30fead23ef4f4a00e08d070d9d92ae271acbe3ce7a6e6df26ea5048,none
papers/academic/packer-2023-memgpt.pdf,papers/academic/packer-2023-memgpt.pdf,true,663708,663708,9f674bcff69c86f11c813dcfad613d8841f5f8ed17979e3c4df06a91df7762e0,9f674bcff69c86f11c813dcfad613d8841f5f8ed17979e3c4df06a91df7762e0,none
papers/academic/pan-2023-reasoning-action-eval.pdf,papers/academic/pan-2023-reasoning-action-eval.pdf,true,648664,648664,465fd5d7fa6594115aa7764008711b7d9f4fee22eb050098e10feae7055a194b,465fd5d7fa6594115aa7764008711b7d9f4fee22eb050098e10feae7055a194b,none
papers/academic/pan-2026-natural-language-harnesses.pdf,papers/academic/pan-2026-natural-language-harnesses.pdf,true,2744087,2744087,8de9eb2456a52487f3db5839e2cab6ae044017260d700183c99de9c14dcbf8dc,8de9eb2456a52487f3db5839e2cab6ae044017260d700183c99de9c14dcbf8dc,none
papers/academic/paranjape-2023-art.pdf,papers/academic/paranjape-2023-art.pdf,true,662733,662733,b93afc2d95a82fbf1204f5cae3a0322aec2ca6ff258ab45115d7f047bcd5593f,b93afc2d95a82fbf1204f5cae3a0322aec2ca6ff258ab45115d7f047bcd5593f,none
papers/academic/park-2023-generative-agents.pdf,papers/academic/park-2023-generative-agents.pdf,true,11947867,11947867,1b31e77fb24d25d7598f2c49e955d12a28b95a6dabad34acdac40f44bfb7a139,1b31e77fb24d25d7598f2c49e955d12a28b95a6dabad34acdac40f44bfb7a139,none
papers/academic/patil-2023-gorilla.pdf,papers/academic/patil-2023-gorilla.pdf,true,1247664,1247664,1aeae54095cdae3a3ebaa29f7af0919d666e0c87d961848ae85b991b3c022718,1aeae54095cdae3a3ebaa29f7af0919d666e0c87d961848ae85b991b3c022718,none
papers/academic/patil-2025-bfcl.pdf,papers/academic/patil-2025-bfcl.pdf,true,1200643,1200643,5248f4770823b2a73fd52e3b12339d94121ff1b359c45163c5a47168edab7a2f,5248f4770823b2a73fd52e3b12339d94121ff1b359c45163c5a47168edab7a2f,none
papers/academic/prasad-2024-adapt.pdf,papers/academic/prasad-2024-adapt.pdf,true,1457254,1457254,9de7a8f3fa07efc9b35c5dac4f5d7a8b55720e3eeaa9f65788aa06a54aa05a0f,9de7a8f3fa07efc9b35c5dac4f5d7a8b55720e3eeaa9f65788aa06a54aa05a0f,none
papers/academic/prathifkumar-2025-swe-memory.pdf,papers/academic/prathifkumar-2025-swe-memory.pdf,true,390177,390177,704998200abd6d5957ecdfcff52faa3a5bc9c14cf31d83b18f723128aeed393f,704998200abd6d5957ecdfcff52faa3a5bc9c14cf31d83b18f723128aeed393f,none
papers/academic/qian-2024-scaling-collaboration.pdf,papers/academic/qian-2024-scaling-collaboration.pdf,true,3241680,3241680,218988f7944195a66d57383f4089b01151a3babf86e5e13a3d65b146baddda4f,218988f7944195a66d57383f4089b01151a3babf86e5e13a3d65b146baddda4f,none
papers/academic/qin-2023-toolllm.pdf,papers/academic/qin-2023-toolllm.pdf,true,2048075,2048075,295299721d67b250661fb6598bee86a2e9fe766241fdc08dd7cf389e984b4d1a,295299721d67b250661fb6598bee86a2e9fe766241fdc08dd7cf389e984b4d1a,none
papers/academic/robeyns-2025-sica.pdf,papers/academic/robeyns-2025-sica.pdf,true,1211610,1211610,97781b82ed43a330f491a35f772360bc3a9e7b47c5817e8889a0e1fec1115a15,97781b82ed43a330f491a35f772360bc3a9e7b47c5817e8889a0e1fec1115a15,none
papers/academic/ruaibox-2026-agent-systems-harness.pdf,papers/academic/ruaibox-2026-agent-systems-harness.pdf,true,2242088,2242088,3b6a78f65cd82da0c7210677c04bdb49cdfe56934b7e4b5cda2073d2a05df57c,3b6a78f65cd82da0c7210677c04bdb49cdfe56934b7e4b5cda2073d2a05df57c,none
papers/academic/ruan-2023-toolemu.pdf,papers/academic/ruan-2023-toolemu.pdf,true,2712591,2712591,2d746c512086bd47084e616a0848c6dd25052dfe8b6da64e42e4c5e2f0050722,2d746c512086bd47084e616a0848c6dd25052dfe8b6da64e42e4c5e2f0050722,none
papers/academic/russo-2016-adaptive-bias.pdf,papers/academic/russo-2016-adaptive-bias.pdf,true,1046336,1046336,6cde2c14238f0440e1506458ff28cd609d26104dc232579a3fe0361ec42e7c38,6cde2c14238f0440e1506458ff28cd609d26104dc232579a3fe0361ec42e7c38,none
papers/academic/saad-falcon-2024-archon.pdf,papers/academic/saad-falcon-2024-archon.pdf,true,2460406,2460406,7531f7bd335276b326b0230d0cc000ef022251079330a7f7c2e278defad7f3ef,7531f7bd335276b326b0230d0cc000ef022251079330a7f7c2e278defad7f3ef,none
papers/academic/schaeffer-2025-power-laws.pdf,papers/academic/schaeffer-2025-power-laws.pdf,true,1949454,1949454,f92c1a62f7e7a5aac8e9d0622fb4dca3ae85e4b735465c08702e80bf709cae65,f92c1a62f7e7a5aac8e9d0622fb4dca3ae85e4b735465c08702e80bf709cae65,none
papers/academic/schick-2023-toolformer.pdf,papers/academic/schick-2023-toolformer.pdf,true,657966,657966,6d7483d94653008e40c2058a1c22441c92e3713dae278b6361e8efc447c99522,6d7483d94653008e40c2058a1c22441c92e3713dae278b6361e8efc447c99522,none
papers/academic/schmidhuber-2003-godel-machines.pdf,papers/academic/schmidhuber-2003-godel-machines.pdf,true,247365,247365,1b9e2aa5504e3c6709bbde5c37c0f56561f62ec40684e4d4388116ee8b780ffd,1b9e2aa5504e3c6709bbde5c37c0f56561f62ec40684e4d4388116ee8b780ffd,none
papers/academic/schneider-2025-overtuning.pdf,papers/academic/schneider-2025-overtuning.pdf,true,1424483,1424483,08c5c9e2286bc70187632483d2a3bfd27586e805992e92026f83ff43f8e37376,08c5c9e2286bc70187632483d2a3bfd27586e805992e92026f83ff43f8e37376,none
papers/academic/sellier-2024-browsergym.pdf,papers/academic/sellier-2024-browsergym.pdf,true,10876140,10876140,98d4d9b8088ca6bc5e0efd613389622b53ffedcb36cb285f093f7e6045499491,98d4d9b8088ca6bc5e0efd613389622b53ffedcb36cb285f093f7e6045499491,none
papers/academic/shang-2024-agentsquare.pdf,papers/academic/shang-2024-agentsquare.pdf,true,2084840,2084840,5d83a6ba6a64a1b79364200a98a733fbaa32e9dad826ffe7b8433a9e9d0aa57a,5d83a6ba6a64a1b79364200a98a733fbaa32e9dad826ffe7b8433a9e9d0aa57a,none
papers/academic/shannon-1959-rate-distortion.pdf,papers/academic/shannon-1959-rate-distortion.pdf,true,2531729,2531729,bae66c898e04c7088fcadd6232a53b9d3fe66f344f947dab0a34381c1a0a5955,bae66c898e04c7088fcadd6232a53b9d3fe66f344f947dab0a34381c1a0a5955,none
papers/academic/shen-2023-hugginggpt.pdf,papers/academic/shen-2023-hugginggpt.pdf,true,3417598,3417598,5add5f7ff9041299c305769d49615e1ac2de2229e17c46e0811d1a60f94d6e3b,5add5f7ff9041299c305769d49615e1ac2de2229e17c46e0811d1a60f94d6e3b,none
papers/academic/sheng-2024-self-improving-computer-agent.pdf,papers/academic/sheng-2024-self-improving-computer-agent.pdf,true,273869,273869,54b99fcf52c64c4d94b58205977004229b0c3223cb9077c32974799a1dbdd4b3,54b99fcf52c64c4d94b58205977004229b0c3223cb9077c32974799a1dbdd4b3,none
papers/academic/shinn-2023-reflexion.pdf,papers/academic/shinn-2023-reflexion.pdf,true,591097,591097,6059b6f89fea9959bd3dab553fbb97756a3dfb1b15e3cbab2fbf3ab6664333bd,6059b6f89fea9959bd3dab553fbb97756a3dfb1b15e3cbab2fbf3ab6664333bd,none
papers/academic/siegel-2025-core-bench.pdf,papers/academic/siegel-2025-core-bench.pdf,true,2885202,2885202,1d1fbe8a3cf472fc468495e6a3bcd6b90224ba1eae3dac8d8174f98d666c3d76,1d1fbe8a3cf472fc468495e6a3bcd6b90224ba1eae3dac8d8174f98d666c3d76,none
papers/academic/smith-2006-optimizers-curse.pdf,papers/academic/smith-2006-optimizers-curse.pdf,true,206749,206749,c5e9b6e38f9eae8959114fbdc56399cf6747ff1c4820305f7e311b12e4b35f7e,c5e9b6e38f9eae8959114fbdc56399cf6747ff1c4820305f7e311b12e4b35f7e,none
papers/academic/snell-2024-test-time-compute.pdf,papers/academic/snell-2024-test-time-compute.pdf,true,3870997,3870997,ded7b20b51493258c5ce2a1a024cd33dd752de1fa3373d1207620da4cfe24545,ded7b20b51493258c5ce2a1a024cd33dd752de1fa3373d1207620da4cfe24545,none
papers/academic/solar-lezama-2006-sketch.pdf,papers/academic/solar-lezama-2006-sketch.pdf,true,196824,196824,77cb14b219e7e8118d7b12ecb75685ca1225ae6f3246c2db72a874ca8720529f,77cb14b219e7e8118d7b12ecb75685ca1225ae6f3246c2db72a874ca8720529f,none
papers/academic/song-2023-restgpt.pdf,papers/academic/song-2023-restgpt.pdf,true,892474,892474,61e65633db1e073de1690a14f87a5c8104e4540012794b92f9d5eeb0d61a1b34,61e65633db1e073de1690a14f87a5c8104e4540012794b92f9d5eeb0d61a1b34,none
papers/academic/stechly-2024-self-verification-limits.pdf,papers/academic/stechly-2024-self-verification-limits.pdf,true,1090560,1090560,90544a98c961a4c94414d58f8cd39be6f166974e14332abadbdf6a0b41b8e9c4,90544a98c961a4c94414d58f8cd39be6f166974e14332abadbdf6a0b41b8e9c4,none
papers/academic/stroebl-2026-inference-scaling-flaws.pdf,papers/academic/stroebl-2026-inference-scaling-flaws.pdf,true,2779296,2779296,b0f844bc5223bd39231e316b05db251e77dd9b92cdc2bd124b84a9fdafdbc200,b0f844bc5223bd39231e316b05db251e77dd9b92cdc2bd124b84a9fdafdbc200,none
papers/academic/sumers-2024-coala.pdf,papers/academic/sumers-2024-coala.pdf,true,2785564,2785564,fd93d2ef1b94f963b652136b8c792b01d7326d861f5ce918926c043934a48dbe,fd93d2ef1b94f963b652136b8c792b01d7326d861f5ce918926c043934a48dbe,none
papers/academic/tang-2025-autoagent.pdf,papers/academic/tang-2025-autoagent.pdf,true,6158660,6158660,d3d72179c14c4a66214e53d0d5ed760bb37f9664141c952c3cefa8154addcc41,d3d72179c14c4a66214e53d0d5ed760bb37f9664141c952c3cefa8154addcc41,none
papers/academic/taylor-2020-bounded-rational-self-modification.pdf,papers/academic/taylor-2020-bounded-rational-self-modification.pdf,true,587740,587740,496165baae99f4b68d8b66da46376454a918101cc840dbf1ecb76a28a8e04b2c,496165baae99f4b68d8b66da46376454a918101cc840dbf1ecb76a28a8e04b2c,none
papers/academic/tishby-2000-information-bottleneck.pdf,papers/academic/tishby-2000-information-bottleneck.pdf,true,136267,136267,afdbc45366b590086e34faef76ad0570885884489ed32233c8571912ef92ef47,afdbc45366b590086e34faef76ad0570885884489ed32233c8571912ef92ef47,none
papers/academic/ursekar-2026-harnessopt.pdf,papers/academic/ursekar-2026-harnessopt.pdf,true,716129,716129,7e8e92f025ede0b279990a9de59827669ef143ca7bd8e1ced56faea7def28152,7e8e92f025ede0b279990a9de59827669ef143ca7bd8e1ced56faea7def28152,none
papers/academic/wallace-2024-instruction-hierarchy.pdf,papers/academic/wallace-2024-instruction-hierarchy.pdf,true,488381,488381,fbc2d65e913e75b8f0ae74e83e3443c36a727636d1038a071a2f10d8be63dac4,fbc2d65e913e75b8f0ae74e83e3443c36a727636d1038a071a2f10d8be63dac4,none
papers/academic/wang-2022-self-consistency.pdf,papers/academic/wang-2022-self-consistency.pdf,true,10505941,10505941,1a49ce0373afc89d2d6e97fb1aa8230f6b818c70590d732a3187f753f4df6aba,1a49ce0373afc89d2d6e97fb1aa8230f6b818c70590d732a3187f753f4df6aba,none
papers/academic/wang-2023-voyager.pdf,papers/academic/wang-2023-voyager.pdf,true,18830859,18830859,769a4e33ddeeb73870849232eece49afe882c2d146362e33917ccb432ba0efb8,769a4e33ddeeb73870849232eece49afe882c2d146362e33917ccb432ba0efb8,none
papers/academic/wang-2024-autonomous-agent-survey.pdf,papers/academic/wang-2024-autonomous-agent-survey.pdf,true,5788348,5788348,8709507742c260a5a92b4690ffc0459a0ab9af16dc7a5478d253a6e7b57bf23a,8709507742c260a5a92b4690ffc0459a0ab9af16dc7a5478d253a6e7b57bf23a,none
papers/academic/wang-2024-openhands.pdf,papers/academic/wang-2024-openhands.pdf,true,3293124,3293124,5d802255c4a58104a06147ba736fee09569faf3c26f251e5e9b7eff5d7662c14,5d802255c4a58104a06147ba736fee09569faf3c26f251e5e9b7eff5d7662c14,none
papers/academic/wang-2024-quito-x.pdf,papers/academic/wang-2024-quito-x.pdf,true,6757938,6757938,822f0d6b4fb3a6d0cffc3886e8126cce21907cf2e23a2bcaeab6e8188cdc2644,822f0d6b4fb3a6d0cffc3886e8126cce21907cf2e23a2bcaeab6e8188cdc2644,none
papers/academic/wang-2025-evoagentx.pdf,papers/academic/wang-2025-evoagentx.pdf,true,788548,788548,900fdc40d65652682699592a4b73f3aca8b08e32f54326beefa07d88378ada47,900fdc40d65652682699592a4b73f3aca8b08e32f54326beefa07d88378ada47,none
papers/academic/wang-2025-scoreflow.pdf,papers/academic/wang-2025-scoreflow.pdf,true,2465217,2465217,08a9a584ed58b0871992ce3d3707fc94295f62998f63d7aca0da5f54f880fc2d,08a9a584ed58b0871992ce3d3707fc94295f62998f63d7aca0da5f54f880fc2d,none
papers/academic/wang-2025-statistical-limits.pdf,papers/academic/wang-2025-statistical-limits.pdf,true,456415,456415,4beb5268e1411213179662d4f0139df6ce3558e9015b790e2da2c33f03de4874,4beb5268e1411213179662d4f0139df6ce3558e9015b790e2da2c33f03de4874,none
papers/academic/wang-2026-swe-solved-correctly.pdf,papers/academic/wang-2026-swe-solved-correctly.pdf,true,1045458,1045458,b2db368d3c9632795c0c719270184b88a5602122a9e5515c51e6acc669af555f,b2db368d3c9632795c0c719270184b88a5602122a9e5515c51e6acc669af555f,none
papers/academic/wei-2026-evo-harness.pdf,papers/academic/wei-2026-evo-harness.pdf,true,891904,891904,41476396f4eab1517395672cc204db8915ae4f41ed363bfa0915b5f81b4824e5,41476396f4eab1517395672cc204db8915ae4f41ed363bfa0915b5f81b4824e5,none
papers/academic/weitzman-1979-optimal-search.pdf,papers/academic/weitzman-1979-optimal-search.pdf,true,1193818,1193818,cdb601370aaba1972afd7677c72b0cec2bb0fbf3b21fd0ac534286b11a4ff518,cdb601370aaba1972afd7677c72b0cec2bb0fbf3b21fd0ac534286b11a4ff518,none
papers/academic/wolflein-2025-toolmaker.pdf,papers/academic/wolflein-2025-toolmaker.pdf,true,2005335,2005335,ad5422bf08d0db34ff8a5f39ebb3e466614f2f233c132a2d85d6b88a46a13ee6,ad5422bf08d0db34ff8a5f39ebb3e466614f2f233c132a2d85d6b88a46a13ee6,none
papers/academic/wu-2023-autogen.pdf,papers/academic/wu-2023-autogen.pdf,true,3571809,3571809,fcf8b1acae6b1bd6f14c92463caa9726828bf998234ba9f10c2411087897c96b,fcf8b1acae6b1bd6f14c92463caa9726828bf998234ba9f10c2411087897c96b,none
papers/academic/wu-2024-longmemeval.pdf,papers/academic/wu-2024-longmemeval.pdf,true,749169,749169,05c5d055201466a241a56e082cdd02d39ad566fa04b3804891983e4e069a3fda,05c5d055201466a241a56e082cdd02d39ad566fa04b3804891983e4e069a3fda,none
papers/academic/wu-2026-harnessdev.pdf,papers/academic/wu-2026-harnessdev.pdf,true,1800192,1800192,1231454f0ae5ccffdb3d031dc8f42eae0cbbaeb61dcd25dddb1855074697dfc0,1231454f0ae5ccffdb3d031dc8f42eae0cbbaeb61dcd25dddb1855074697dfc0,none
papers/academic/xi-2023-rise-agent-survey.pdf,papers/academic/xi-2023-rise-agent-survey.pdf,true,6832174,6832174,5e3b2357ff942e1a0e084ae4af3327011a651cf1f155d108065c70af369e24ac,5e3b2357ff942e1a0e084ae4af3327011a651cf1f155d108065c70af369e24ac,none
papers/academic/xia-2024-agentless.pdf,papers/academic/xia-2024-agentless.pdf,true,1384716,1384716,1675c2dcd5ecaef47e8a4356062f60be642cee82e1bbacb044c9d047dce4c856,1675c2dcd5ecaef47e8a4356062f60be642cee82e1bbacb044c9d047dce4c856,none
papers/academic/xie-2024-osworld.pdf,papers/academic/xie-2024-osworld.pdf,true,36863784,36863784,d4c6e20dd59467f005561b1e97199f9842fd3b0e9fdd93e66e06ba0ec09edfdb,d4c6e20dd59467f005561b1e97199f9842fd3b0e9fdd93e66e06ba0ec09edfdb,none
papers/academic/xie-2025-planning-barriers.pdf,papers/academic/xie-2025-planning-barriers.pdf,true,742362,742362,4320d496ebf3a01f41e61561d8e47f6b100773415e0c0ec3a4298ba9f4603c20,4320d496ebf3a01f41e61561d8e47f6b100773415e0c0ec3a4298ba9f4603c20,none
papers/academic/xu-2023-rewoo.pdf,papers/academic/xu-2023-rewoo.pdf,true,2552313,2552313,1847bb42b9efb3a2860ca48edc962ee9c9b7d3e0359887ea596e1b23084de9ff,1847bb42b9efb3a2860ca48edc962ee9c9b7d3e0359887ea596e1b23084de9ff,none
papers/academic/xu-2026-polar.pdf,papers/academic/xu-2026-polar.pdf,true,2185042,2185042,a9f5a30f97fe5683444a7b4cd4b038b6dc2ff4eb160c4d523217deb8f610d77e,a9f5a30f97fe5683444a7b4cd4b038b6dc2ff4eb160c4d523217deb8f610d77e,none
papers/academic/yang-2024-agentoccam.pdf,papers/academic/yang-2024-agentoccam.pdf,true,2650978,2650978,1917c0df163ea0c8cdd0e50ed8cb5c0b6b8c648f8c4f9943c4a4c6061b5722f4,1917c0df163ea0c8cdd0e50ed8cb5c0b6b8c648f8c4f9943c4a4c6061b5722f4,none
papers/academic/yang-2024-swe-agent.pdf,papers/academic/yang-2024-swe-agent.pdf,true,4963538,4963538,d171e0693060b910ceb2cddd0fd4bc7cae302005d42d0d8059bfdbe056c3adba,d171e0693060b910ceb2cddd0fd4bc7cae302005d42d0d8059bfdbe056c3adba,none
papers/academic/yang-2025-revisiting-mad.pdf,papers/academic/yang-2025-revisiting-mad.pdf,true,2865520,2865520,e2c9b426b9527e86494282488a49cef0f1b9ff11a656fab769dfebda587d749d,e2c9b426b9527e86494282488a49cef0f1b9ff11a656fab769dfebda587d749d,none
papers/academic/yang-2025-swe-smith.pdf,papers/academic/yang-2025-swe-smith.pdf,true,3613659,3613659,6752df853569104ae2e55cc1bee09dc3f6b335f7eeae300b6e9fee911f3f2897,6752df853569104ae2e55cc1bee09dc3f6b335f7eeae300b6e9fee911f3f2897,none
papers/academic/yang-2026-evotool.pdf,papers/academic/yang-2026-evotool.pdf,true,2686739,2686739,d978bbe7dff41d9e39daa9118b1495c21057273abaa0b686099c8ad1e04aa724,d978bbe7dff41d9e39daa9118b1495c21057273abaa0b686099c8ad1e04aa724,none
papers/academic/yao-2023-react.pdf,papers/academic/yao-2023-react.pdf,true,633805,633805,f285b0971ae4a790e402fb93966bed3adde2cf0a04977d08b2b40d6ab0cace69,f285b0971ae4a790e402fb93966bed3adde2cf0a04977d08b2b40d6ab0cace69,none
papers/academic/yao-2023-tree-of-thoughts.pdf,papers/academic/yao-2023-tree-of-thoughts.pdf,true,799685,799685,79c5237e3f63953a73f2b0d6894327702ee1f7e981450c251bb1b5cb4f8d7b8f,79c5237e3f63953a73f2b0d6894327702ee1f7e981450c251bb1b5cb4f8d7b8f,none
papers/academic/yao-2024-tau-bench.pdf,papers/academic/yao-2024-tau-bench.pdf,true,663224,663224,0ce66a1763d698c61bb311c3c874bf593d1e9a5bfff11bb35f6f72b981f6da56,0ce66a1763d698c61bb311c3c874bf593d1e9a5bfff11bb35f6f72b981f6da56,none
papers/academic/yao-2026-harness-bench.pdf,papers/academic/yao-2026-harness-bench.pdf,true,812724,812724,859570aa22270af5203be6042595cce1add19dcef2976db748550462ceb2709e,859570aa22270af5203be6042595cce1add19dcef2976db748550462ceb2709e,none
papers/academic/yehudai-2026-agent-evaluation-survey.pdf,papers/academic/yehudai-2026-agent-evaluation-survey.pdf,true,346110,346110,2c3c80fff5735925378b99528684559e2d47f82e281957dc4b955397186560b1,2c3c80fff5735925378b99528684559e2d47f82e281957dc4b955397186560b1,none
papers/academic/yin-2024-godel-agent.pdf,papers/academic/yin-2024-godel-agent.pdf,true,1150916,1150916,f3e8e090d16bc53048cf9a2f20557c217ea0d52ea1d33e496f7ee1be07241a95,f3e8e090d16bc53048cf9a2f20557c217ea0d52ea1d33e496f7ee1be07241a95,none
papers/academic/yuan-2023-craft.pdf,papers/academic/yuan-2023-craft.pdf,true,9848797,9848797,59263fffdc51e21530d9dba1aeeeacefb2b5c4048012a7e385b4f555a362f155,59263fffdc51e21530d9dba1aeeeacefb2b5c4048012a7e385b4f555a362f155,none
papers/academic/yuan-2024-evoagent.pdf,papers/academic/yuan-2024-evoagent.pdf,true,7075348,7075348,2f7d490bf5d56f47e923302c78b07acf61c294c04c4bd0b8eb8f6e71127ca6f4,2f7d490bf5d56f47e923302c78b07acf61c294c04c4bd0b8eb8f6e71127ca6f4,none
papers/academic/yue-2026-workflow-optimization-survey.pdf,papers/academic/yue-2026-workflow-optimization-survey.pdf,true,1576067,1576067,d1cc2287aaa143213bbd11d5ad77a1bb781a7015ed9bb71eceb4b42767a1a5c8,d1cc2287aaa143213bbd11d5ad77a1bb781a7015ed9bb71eceb4b42767a1a5c8,none
papers/academic/yuksekgonul-2024-textgrad.pdf,papers/academic/yuksekgonul-2024-textgrad.pdf,true,1336878,1336878,9cbfd5c78ad69e2a8363e76d6774f3e6b5e68f46b409d8b560e98276a985b428,9cbfd5c78ad69e2a8363e76d6774f3e6b5e68f46b409d8b560e98276a985b428,none
papers/academic/zelikman-2024-stop.pdf,papers/academic/zelikman-2024-stop.pdf,true,966894,966894,f1eb66d65763d84367fd380625cf86d66b5dd8e319c46259e7d0aabba9b608e2,f1eb66d65763d84367fd380625cf86d66b5dd8e319c46259e7d0aabba9b608e2,none
papers/academic/zhan-2024-injecagent.pdf,papers/academic/zhan-2024-injecagent.pdf,true,3183277,3183277,49e6e6a4a00c797a772ef905a154c0839426655027d5fa0ce6b632e6c1db2bfb,49e6e6a4a00c797a772ef905a154c0839426655027d5fa0ce6b632e6c1db2bfb,none
papers/academic/zhang-2024-aflow.pdf,papers/academic/zhang-2024-aflow.pdf,true,1342681,1342681,9be15f695f11dd5bc634c1c026bd2270eff3d3c4a53c4d9b51c012b7bd03d521,9be15f695f11dd5bc634c1c026bd2270eff3d3c4a53c4d9b51c012b7bd03d521,none
papers/academic/zhang-2024-agentoptimizer.pdf,papers/academic/zhang-2024-agentoptimizer.pdf,true,1370244,1370244,3201906f4a3de7ea2b10cf3972210cb6a3c7038defce13e74580609cd7a63d2c,3201906f4a3de7ea2b10cf3972210cb6a3c7038defce13e74580609cd7a63d2c,none
papers/academic/zhang-2025-ace.pdf,papers/academic/zhang-2025-ace.pdf,true,2313268,2313268,51050ced82df75c143b151262d5af8763916968ca50374bd8ff778f40552b0ad,51050ced82df75c143b151262d5af8763916968ca50374bd8ff778f40552b0ad,none
papers/academic/zhang-2025-darwin-godel-machine.pdf,papers/academic/zhang-2025-darwin-godel-machine.pdf,true,3825399,3825399,13ff4abe0c7ad4a7dd3b4876d19a8bf940e39e70dabbf06065aa774a6c3457de,13ff4abe0c7ad4a7dd3b4876d19a8bf940e39e70dabbf06065aa774a6c3457de,none
papers/academic/zhang-2025-maas.pdf,papers/academic/zhang-2025-maas.pdf,true,15144205,15144205,1f7a580667049d3f7ac879c9ef9b3d206e22ae5f52ee18ab1b52fe0b312bc0b0,1f7a580667049d3f7ac879c9ef9b3d206e22ae5f52ee18ab1b52fe0b312bc0b0,none
papers/academic/zhang-2025-swarmagentic.pdf,papers/academic/zhang-2025-swarmagentic.pdf,true,1275508,1275508,36176bc6ba8b7d8780bec5a8be4f3a6f48607e1d28a64e5cf731019379861f7d,36176bc6ba8b7d8780bec5a8be4f3a6f48607e1d28a64e5cf731019379861f7d,none
papers/academic/zhang-2026-jit-agent.pdf,papers/academic/zhang-2026-jit-agent.pdf,true,9329005,9329005,5654012b4723f128c26908e0cce6a8c7afd58fe4a69c6688a9a88094bcfe9ebc,5654012b4723f128c26908e0cce6a8c7afd58fe4a69c6688a9a88094bcfe9ebc,none
papers/academic/zhang-2026-self-harness.pdf,papers/academic/zhang-2026-self-harness.pdf,true,9572735,9572735,eb38452b5d357499ff3a2f7aa8bd7b8c1c1409dbafadaff3624071b2f7b1b302,eb38452b5d357499ff3a2f7aa8bd7b8c1c1409dbafadaff3624071b2f7b1b302,none
papers/academic/zhang-2026-stop-comparing.pdf,papers/academic/zhang-2026-stop-comparing.pdf,true,591939,591939,4b7b9b46dc076753ad9cfc51f2741d3828cdb1e2fc8848c4dcaa49836f4072dc,4b7b9b46dc076753ad9cfc51f2741d3828cdb1e2fc8848c4dcaa49836f4072dc,none
papers/academic/zhao-2023-expel.pdf,papers/academic/zhao-2023-expel.pdf,true,9870272,9870272,01e533d81fb4a5f91797c073a9b1929acbaa64da45a592b26563ca7d135024f3,01e533d81fb4a5f91797c073a9b1929acbaa64da45a592b26563ca7d135024f3,none
papers/academic/zhao-2025-a2flow.pdf,papers/academic/zhao-2025-a2flow.pdf,true,1345246,1345246,57dd3d938c69f60ff006f61fc5e78ace6fb72ee0a5ccad191fcd5263a75931ca,57dd3d938c69f60ff006f61fc5e78ace6fb72ee0a5ccad191fcd5263a75931ca,none
papers/academic/zhong-2023-memorybank.pdf,papers/academic/zhong-2023-memorybank.pdf,true,516536,516536,6c60f7f95a872de85179b770edaba584da7a30da37490522394a3e4888aa0059,6c60f7f95a872de85179b770edaba584da7a30da37490522394a3e4888aa0059,none
papers/academic/zhong-2026-harness-runtime.pdf,papers/academic/zhong-2026-harness-runtime.pdf,true,263956,263956,a1e2d7ce307c662411ca6bd5f833d7dae7f122ce6ef1ddd6d2370e82575b2fb9,a1e2d7ce307c662411ca6bd5f833d7dae7f122ce6ef1ddd6d2370e82575b2fb9,none
papers/academic/zhou-2023-webarena.pdf,papers/academic/zhou-2023-webarena.pdf,true,9128123,9128123,f9731b92bc3d29a2ea7b5f9cb46b48540c76bc3f84a57e0c48fc37ea73107f95,f9731b92bc3d29a2ea7b5f9cb46b48540c76bc3f84a57e0c48fc37ea73107f95,none
papers/academic/zhou-2024-lats.pdf,papers/academic/zhou-2024-lats.pdf,true,1054882,1054882,04c1e9cb00f384052739c53bcecb75626bf1f58f66c379cc289ea60ffc988635,04c1e9cb00f384052739c53bcecb75626bf1f58f66c379cc289ea60ffc988635,none
papers/academic/zhou-2024-symbolic-learning.pdf,papers/academic/zhou-2024-symbolic-learning.pdf,true,887174,887174,7bde2483cab9536f5dd93ce789026287bf5f8dd47077d66f1f4fedca9a376f10,7bde2483cab9536f5dd93ce789026287bf5f8dd47077d66f1f4fedca9a376f10,none
papers/academic/zhou-2026-hsi.pdf,papers/academic/zhou-2026-hsi.pdf,true,1194330,1194330,455a7e44cf4c597915fa9de60e1009bf717c3b2f2ce910de96e39618d25bd32d,455a7e44cf4c597915fa9de60e1009bf717c3b2f2ce910de96e39618d25bd32d,none
papers/academic/zhu-2025-rigorous-agentic-benchmarks.pdf,papers/academic/zhu-2025-rigorous-agentic-benchmarks.pdf,true,1242188,1242188,6bee07172c55c1146fdc8a14e0a4839854f7b4be36616729fda3ee6d519a698b,6bee07172c55c1146fdc8a14e0a4839854f7b4be36616729fda3ee6d519a698b,none
papers/academic/zhuge-2024-gptswarm.pdf,papers/academic/zhuge-2024-gptswarm.pdf,true,3545021,3545021,c7380846511d8beb77faf51467e0c947a93d1de95b8683bae82e3ccc3acec335,c7380846511d8beb77faf51467e0c947a93d1de95b8683bae82e3ccc3acec335,none
papers/practitioner/.gitkeep,papers/practitioner/.gitkeep,true,1,1,01ba4719c80b6fe911b091a7c05124b64eeece964e09c058ef8f9805daca546b,01ba4719c80b6fe911b091a7c05124b64eeece964e09c058ef8f9805daca546b,none
papers/practitioner/README.md,papers/practitioner/README.md,true,763,763,ec8f33f91af6639e511fdde07be9baa8c95383833050db25e6554a847d82be71,ec8f33f91af6639e511fdde07be9baa8c95383833050db25e6554a847d82be71,none
research/CODEX_COMPACTION_TECHNICAL.md,research/CODEX_COMPACTION_TECHNICAL.md,true,19548,19548,7a3679ff00525f92cd430248e1988fdfe9237e0f0d26e04553b5e6c5d996b611,7a3679ff00525f92cd430248e1988fdfe9237e0f0d26e04553b5e6c5d996b611,none
research/COMPACTION_FRONTIER_REVERSE_ENGINEERING.md,research/COMPACTION_FRONTIER_REVERSE_ENGINEERING.md,true,15883,15232,34ea4986880532457438ac322f536af7d61e8c101c28547ff239d1ea2a1c7a0f,252818f18d11ae20412de5bd87b6038a58cab127cca151d63a3180f1975b2e3b,portable_local_links:15
research/CONTEXT_COMPACTION_MATHEMATICS_2026-09-16.md,research/CONTEXT_COMPACTION_MATHEMATICS_2026-09-16.md,false,13268,13268,98a34a779c75d4f1df505dd5c83c769f5891e089e949f56ba166066f7133d3cd,98a34a779c75d4f1df505dd5c83c769f5891e089e949f56ba166066f7133d3cd,none
research/CONTEXT_COMPILER_STARTER_PLAN.md,research/CONTEXT_COMPILER_STARTER_PLAN.md,true,15817,15817,63d5e610e53c2ba3f69f98011abf5b3e064f8e47ca53ce01f582b8b30acc9a0e,63d5e610e53c2ba3f69f98011abf5b3e064f8e47ca53ce01f582b8b30acc9a0e,none
research/CONTEXT_MANAGEMENT_SURVEY_2026-09-16.md,research/CONTEXT_MANAGEMENT_SURVEY_2026-09-16.md,false,32527,32527,5b51baf0d17940d09b3b2b62057d27f00ee6293cf7723c29c2f3163257be6316,5b51baf0d17940d09b3b2b62057d27f00ee6293cf7723c29c2f3163257be6316,none
research/GAP_MATRIX.md,research/GAP_MATRIX.md,true,6284,6284,f592fb16b3063f7d57c2f6b802b59bd0f61305538f8759f907690d0241fda040,f592fb16b3063f7d57c2f6b802b59bd0f61305538f8759f907690d0241fda040,none
research/LIVE_DEPENDENCY_RESEARCH_PROPOSAL_2026-09-16.md,research/LIVE_DEPENDENCY_RESEARCH_PROPOSAL_2026-09-16.md,false,24612,24612,37bbecb4de1e77ac0c5fad68522d9850d60be0dd20c9ec995e141e4c92948753,37bbecb4de1e77ac0c5fad68522d9850d60be0dd20c9ec995e141e4c92948753,none
research/PLAN.md,research/PLAN.md,true,5937,5937,29514c1c4afc6b50a83dcf2bc52f26ae77dbabf1c33dd6aa5e6254dacb4c426a,29514c1c4afc6b50a83dcf2bc52f26ae77dbabf1c33dd6aa5e6254dacb4c426a,none
research/SEARCH_LOG.md,research/SEARCH_LOG.md,true,9599,9599,43375c65a8feeb04318c4f39fe38debf27d048b0f39e0e094a2df5f6657051f0,43375c65a8feeb04318c4f39fe38debf27d048b0f39e0e094a2df5f6657051f0,none
research/SELF_IMPROVING_GAP_MATRIX.md,research/SELF_IMPROVING_GAP_MATRIX.md,true,4196,4196,3ccd6c8fd4d54ad7dd8acd403680d1e2b895876f2f44976446ed949cc8086ffd,3ccd6c8fd4d54ad7dd8acd403680d1e2b895876f2f44976446ed949cc8086ffd,none
research/SELF_IMPROVING_HARNESSES_PLAN.md,research/SELF_IMPROVING_HARNESSES_PLAN.md,true,4528,4528,b6dd3316dd641c9a0b71483465065566b1b04c15d71a5139ca2e3e8444cde1a9,b6dd3316dd641c9a0b71483465065566b1b04c15d71a5139ca2e3e8444cde1a9,none
research/VALIDATION.md,research/VALIDATION.md,true,1102,1102,81c7fb862674a522fefb14f51e248dba6dfcfa17cf1c63ac7eb0b93520a66687,81c7fb862674a522fefb14f51e248dba6dfcfa17cf1c63ac7eb0b93520a66687,none
research/codex_compact_visual.html,research/codex_compact_visual.html,true,46105,46105,7c991818162d8098943306ee6189387a1107fe9c6d25c41678a5046e0a959d67,7c991818162d8098943306ee6189387a1107fe9c6d25c41678a5046e0a959d67,none
research/compaction-frontier-inspection/audit.json,research/compaction-frontier-inspection/audit.json,true,15399,15399,7d207ebf77cceb775a12f0edc5fe0adf7d33a332c033c92b1ac5c1fc1580abf9,7d207ebf77cceb775a12f0edc5fe0adf7d33a332c033c92b1ac5c1fc1580abf9,none
research/compaction-frontier-inspection/example-1.md,research/compaction-frontier-inspection/example-1.md,true,4951,4951,98d624b4a220e5ac4581b8e1add3c8cdfad4013370f58f72a1fe1938c358eeba,98d624b4a220e5ac4581b8e1add3c8cdfad4013370f58f72a1fe1938c358eeba,none
research/compaction-frontier-inspection/example-2.md,research/compaction-frontier-inspection/example-2.md,true,2428,2428,bf861a537c24469b02173ecbc14b21baf69eece7ec25ad356273eec73a0c813b,bf861a537c24469b02173ecbc14b21baf69eece7ec25ad356273eec73a0c813b,none
research/compaction-frontier-inspection/example-3.md,research/compaction-frontier-inspection/example-3.md,true,3242,3242,0a68a3b32313d21cb1280fbaffbc53f57c070a05d3ce328df917327a99db920a,0a68a3b32313d21cb1280fbaffbc53f57c070a05d3ce328df917327a99db920a,none
research/compaction-frontier-inspection/qualitative-samples.json,research/compaction-frontier-inspection/qualitative-samples.json,true,24615,24615,ee2a579647ab0eca565ee4482ca37d38f438f4be39289559850df4ccf812e10d,ee2a579647ab0eca565ee4482ca37d38f438f4be39289559850df4ccf812e10d,none
research/compaction_algorithm_visualizer.html,research/compaction_algorithm_visualizer.html,true,63610,63610,6f727cc48cdfdfa2d1aefd19061011885448641bd04fa3bd256a39ce43ae9679,6f727cc48cdfdfa2d1aefd19061011885448641bd04fa3bd256a39ce43ae9679,none
scripts/build-harness-notes.py,scripts/build-harness-notes.py,true,18231,18231,f91516a436a26767452718fec4527f80a4c31b1dc8a6642f5415e1267d1bb257,f91516a436a26767452718fec4527f80a4c31b1dc8a6642f5415e1267d1bb257,none
scripts/build-paper-notes.py,scripts/build-paper-notes.py,true,6103,6103,97caa01e7d694143755f2c670edd39203b652f7fbe4c0f7f0443d753f2c838a4,97caa01e7d694143755f2c670edd39203b652f7fbe4c0f7f0443d753f2c838a4,none
scripts/build-source-catalog.py,scripts/build-source-catalog.py,true,8098,8098,12169f6853b00d056bc369399cf9f3e4028542e4477fc39ebeea80c1308f1125,12169f6853b00d056bc369399cf9f3e4028542e4477fc39ebeea80c1308f1125,none
scripts/extract-paper-text.py,scripts/extract-paper-text.py,true,4534,4534,22072f55e3b2a89b23fc92c4cb6acb5ddba9b2b3db845e79360d0dfd1481a7b8,22072f55e3b2a89b23fc92c4cb6acb5ddba9b2b3db845e79360d0dfd1481a7b8,none
scripts/fetch-arxiv-metadata.py,scripts/fetch-arxiv-metadata.py,true,6316,6316,6f11981c238130d34c0e038c5dbef60bc1837f25d7521efdccaf179d78a23281,6f11981c238130d34c0e038c5dbef60bc1837f25d7521efdccaf179d78a23281,none
scripts/fetch-papers.ps1,scripts/fetch-papers.ps1,true,5021,5021,49ee4c1d488d2190380a0e93dc0a5f5694b566f6e4b796a7970eb6d5f9ee8c94,49ee4c1d488d2190380a0e93dc0a5f5694b566f6e4b796a7970eb6d5f9ee8c94,none
scripts/inspect-compaction-frontier.py,scripts/inspect-compaction-frontier.py,true,9246,9246,71b88f9cc24743bc980873fa1b64dbaf7a787a4541affc2626732b7219d17042,71b88f9cc24743bc980873fa1b64dbaf7a787a4541affc2626732b7219d17042,none
scripts/merge-distillation-fragments.py,scripts/merge-distillation-fragments.py,true,4311,4311,df6c0e3f1c20c88510e4f3a9f5b2f23d2c07ea628794491ce825afc683c76eff,df6c0e3f1c20c88510e4f3a9f5b2f23d2c07ea628794491ce825afc683c76eff,none
scripts/test-codex-compact-visual.cjs,scripts/test-codex-compact-visual.cjs,true,5673,5673,326d6a8d5565d37b2a5bf0d213ba0572f065cd6b8f2041786cc883729cc54111,326d6a8d5565d37b2a5bf0d213ba0572f065cd6b8f2041786cc883729cc54111,none
scripts/test-compaction-visualizer.cjs,scripts/test-compaction-visualizer.cjs,true,6466,6466,9599e4ee30df437b59349ed7de950d8bf9f098fb851ff7d156458173b73ea1a2,9599e4ee30df437b59349ed7de950d8bf9f098fb851ff7d156458173b73ea1a2,none
scripts/validate-repository.py,scripts/validate-repository.py,true,15910,15910,00c337e0f269e49ef6547341880521cf9cf94557948ae29d1d62e481656a2ad3,00c337e0f269e49ef6547341880521cf9cf94557948ae29d1d62e481656a2ad3,none
source-notes/INDEX.md,source-notes/INDEX.md,true,9804,9804,e0b05e7e1fa343af40a1b77a066a826e153149e040392670c095398ac4e368cc,e0b05e7e1fa343af40a1b77a066a826e153149e040392670c095398ac4e368cc,none
source-notes/TEMPLATE.md,source-notes/TEMPLATE.md,true,678,678,15d16ab563089d5fe12cb2f2e45901cfdd65f6d5ff22681fcd252dea7b04a358,15d16ab563089d5fe12cb2f2e45901cfdd65f6d5ff22681fcd252dea7b04a358,none
source-notes/anthropic-2024-building-effective-agents.md,source-notes/anthropic-2024-building-effective-agents.md,true,3659,3659,a00743668c0046f70db61f22aaa1f17c72c19f5f13c75c3ae84bf84e6c06bb31,a00743668c0046f70db61f22aaa1f17c72c19f5f13c75c3ae84bf84e6c06bb31,none
source-notes/anthropic-2025-context-engineering.md,source-notes/anthropic-2025-context-engineering.md,true,3613,3613,ebe7427ccae7d0c3af90433309c21b2047a776774ad002d5e76d14830456fab2,ebe7427ccae7d0c3af90433309c21b2047a776774ad002d5e76d14830456fab2,none
source-notes/anthropic-2025-long-running-agents.md,source-notes/anthropic-2025-long-running-agents.md,true,3524,3524,daf4c43aa676cfac68679d16f7833bafacbf38248b726e1ff1d6a2752b1dc198,daf4c43aa676cfac68679d16f7833bafacbf38248b726e1ff1d6a2752b1dc198,none
source-notes/anthropic-2025-multi-agent-research.md,source-notes/anthropic-2025-multi-agent-research.md,true,3664,3664,6d379ddbe8bac5108e2787ae306b9372da07e531b280a013a81a5ff118e155ca,6d379ddbe8bac5108e2787ae306b9372da07e531b280a013a81a5ff118e155ca,none
source-notes/anthropic-2026-agent-evals.md,source-notes/anthropic-2026-agent-evals.md,true,3387,3387,921f2a6a8a2bbbfa5ebbb4bf399cfe0747724d0dac43c648c89a6c436ac26cd5,921f2a6a8a2bbbfa5ebbb4bf399cfe0747724d0dac43c648c89a6c436ac26cd5,none
source-notes/anthropic-2026-harness-design.md,source-notes/anthropic-2026-harness-design.md,true,3349,3349,f2823e7a4538cb403825cff8dfcca41a8e4bc37ef20f4b0d8e6fd293675e14e8,f2823e7a4538cb403825cff8dfcca41a8e4bc37ef20f4b0d8e6fd293675e14e8,none
source-notes/anthropic-2026-infrastructure-noise.md,source-notes/anthropic-2026-infrastructure-noise.md,true,3250,3250,25cf4f7eef4dbdd22fa19483ac6dfda16d763ff33a19fefb3c8d3f2634b3eea7,25cf4f7eef4dbdd22fa19483ac6dfda16d763ff33a19fefb3c8d3f2634b3eea7,none
source-notes/anthropic-2026-managed-agents.md,source-notes/anthropic-2026-managed-agents.md,true,3411,3411,807b237721698ef962b7226f27594e2df3d59c72eb58dac158537dcbb3b4a5a4,807b237721698ef962b7226f27594e2df3d59c72eb58dac158537dcbb3b4a5a4,none
source-notes/cursor-2026-improving-harness.md,source-notes/cursor-2026-improving-harness.md,true,3512,3512,c9a4ec48aa8e1b2bfd15f0294f464e036aab07bcb427f6127222e28f642fd385,c9a4ec48aa8e1b2bfd15f0294f464e036aab07bcb427f6127222e28f642fd385,none
source-notes/harness-ag2.md,source-notes/harness-ag2.md,true,4325,4325,b64cf24d43ddc2225c07f4ef43c6ae281a4b39a4db5afc2cdad74d2593f019c2,b64cf24d43ddc2225c07f4ef43c6ae281a4b39a4db5afc2cdad74d2593f019c2,none
source-notes/harness-aider.md,source-notes/harness-aider.md,true,4311,4311,c8b80bd6fdbf7b1205be057f14182ab2c5e3df45565a7f33caf9f10c53bc2ed2,c8b80bd6fdbf7b1205be057f14182ab2c5e3df45565a7f33caf9f10c53bc2ed2,none
source-notes/harness-autogen.md,source-notes/harness-autogen.md,true,4567,4567,055a7686a5a8579f64f25951c6aa62cd6af54bdd04ffcd491e22123b68742806,055a7686a5a8579f64f25951c6aa62cd6af54bdd04ffcd491e22123b68742806,none
source-notes/harness-claude-code.md,source-notes/harness-claude-code.md,true,4494,4494,6319934d6d7d7ff8a66257facd3f425fb345eb798bd602db265c7ecf98944f2a,6319934d6d7d7ff8a66257facd3f425fb345eb798bd602db265c7ecf98944f2a,none
source-notes/harness-codex-cli.md,source-notes/harness-codex-cli.md,true,4628,4628,7a2d86c25d9146b18a1a5fda5e343d26708ff80e10ac184f6ccf5a4330047db8,7a2d86c25d9146b18a1a5fda5e343d26708ff80e10ac184f6ccf5a4330047db8,none
source-notes/harness-crewai.md,source-notes/harness-crewai.md,true,4848,4848,5e65dedc8bcc3b79ea7b2cb4ef2d003c83ddfcc35fc84ad30d34e9738bcac6dc,5e65dedc8bcc3b79ea7b2cb4ef2d003c83ddfcc35fc84ad30d34e9738bcac6dc,none
source-notes/harness-goose.md,source-notes/harness-goose.md,true,4202,4202,bea77810660bf9bb18eae79f34ac1f710ac15117b0541acae9a8bc91beebfa9e,bea77810660bf9bb18eae79f34ac1f710ac15117b0541acae9a8bc91beebfa9e,none
source-notes/harness-haystack.md,source-notes/harness-haystack.md,true,4595,4595,f5c63a4a89f0c3824c4bbb80d9df4604a5e4d2ad63dd7cd21b8b716be75ae427,f5c63a4a89f0c3824c4bbb80d9df4604a5e4d2ad63dd7cd21b8b716be75ae427,none
source-notes/harness-langgraph.md,source-notes/harness-langgraph.md,true,4870,4870,529860da28bb7856efc164b7e95679a8f65d62e61aab5c444ff6c493d630d821,529860da28bb7856efc164b7e95679a8f65d62e61aab5c444ff6c493d630d821,none
source-notes/harness-letta-code.md,source-notes/harness-letta-code.md,true,5338,5338,eaab36285235a3b2deb8f96d847fa1c9164e6ed0b4a3ce7aa22e1c099219828e,eaab36285235a3b2deb8f96d847fa1c9164e6ed0b4a3ce7aa22e1c099219828e,none
source-notes/harness-llamaagents.md,source-notes/harness-llamaagents.md,true,4465,4465,509cc3c676b12449ac109d6a1bd3adc02a2cfdde211f95d1d9232149d8dde69e,509cc3c676b12449ac109d6a1bd3adc02a2cfdde211f95d1d9232149d8dde69e,none
source-notes/harness-mini-swe-agent.md,source-notes/harness-mini-swe-agent.md,true,4177,4177,30cb97302acd6f4fd1e85e85465d6d774d3d08786165fa17a38d58e328f95bdc,30cb97302acd6f4fd1e85e85465d6d774d3d08786165fa17a38d58e328f95bdc,none
source-notes/harness-openhands.md,source-notes/harness-openhands.md,true,4723,4723,37874aaa63669d6445413402531e77b72a7530eeb528d06ea8e35e2e352ab352,37874aaa63669d6445413402531e77b72a7530eeb528d06ea8e35e2e352ab352,none
source-notes/harness-pocketflow.md,source-notes/harness-pocketflow.md,true,4182,4182,4ebe4e9ca2cbd5c1bacf61011db4f4d382baf9916fd9a732aee0fb74da0686a7,4ebe4e9ca2cbd5c1bacf61011db4f4d382baf9916fd9a732aee0fb74da0686a7,none
source-notes/harness-pydantic-ai.md,source-notes/harness-pydantic-ai.md,true,5266,5266,b880313d2e50d8f5ef399c6e8972d67cde94263eb566f147e64a7f8ad9e619dd,b880313d2e50d8f5ef399c6e8972d67cde94263eb566f147e64a7f8ad9e619dd,none
source-notes/harness-semantic-kernel.md,source-notes/harness-semantic-kernel.md,true,4741,4741,36370b0f7a889757749860837a66413fe027959d9c417bd5f0f8b945d29d99c7,36370b0f7a889757749860837a66413fe027959d9c417bd5f0f8b945d29d99c7,none
source-notes/harness-smolagents.md,source-notes/harness-smolagents.md,true,4518,4518,831fa5749aa4324bccd96949d3b22ec464f869439e4360f363a649f47503c093,831fa5749aa4324bccd96949d3b22ec464f869439e4360f363a649f47503c093,none
source-notes/harness-swe-agent.md,source-notes/harness-swe-agent.md,true,4518,4518,3f664cd9efd3464a467b3ed1d4fa77460849d594b25373afb1c1cc1db92481ff,3f664cd9efd3464a467b3ed1d4fa77460849d594b25373afb1c1cc1db92481ff,none
source-notes/langchain-2026-better-harness.md,source-notes/langchain-2026-better-harness.md,true,3410,3410,6be445812a85b1c71df0edac15683c0befd78613e7410cc30f9d36d0438479d4,6be445812a85b1c71df0edac15683c0befd78613e7410cc30f9d36d0438479d4,none
source-notes/manus-2025-context-engineering.md,source-notes/manus-2025-context-engineering.md,true,3934,3934,5386dc219207e44c35173f5dbc094ab2e893d1d3ccfe4791e3691929476bb3dd,5386dc219207e44c35173f5dbc094ab2e893d1d3ccfe4791e3691929476bb3dd,none
source-notes/openai-2024-swebench-verified.md,source-notes/openai-2024-swebench-verified.md,true,3164,3164,f2ea1043a860cf83ba460f82bdfce6d4541659e0a4f8b68a84face21f2132fe3,f2ea1043a860cf83ba460f82bdfce6d4541659e0a4f8b68a84face21f2132fe3,none
source-notes/openai-2026-harness-engineering.md,source-notes/openai-2026-harness-engineering.md,true,4268,4268,106dda3da58e2e0c78d1148bf1bf44589ff523a1efb45ac76d442c0073e915a7,106dda3da58e2e0c78d1148bf1bf44589ff523a1efb45ac76d442c0073e915a7,none
source-notes/openai-2026-swebench-pro-audit.md,source-notes/openai-2026-swebench-pro-audit.md,true,4056,4056,4d3d10afdb3f6e8247fb22738c3bbafd4e6b8f99dad22e538b5499fff77bd64e,4d3d10afdb3f6e8247fb22738c3bbafd4e6b8f99dad22e538b5499fff77bd64e,none
source-notes/openai-2026-swebench-retirement.md,source-notes/openai-2026-swebench-retirement.md,true,3571,3571,5412b7c40836c06beedd60f3dc6ce7487e97c2d067deac19cb86d3b9521fbd92,5412b7c40836c06beedd60f3dc6ce7487e97c2d067deac19cb86d3b9521fbd92,none
source-notes/selfopt-ace.md,source-notes/selfopt-ace.md,true,5018,5018,a76d01cb2e644e07586ddae9362e3265e8e23508c04cf2a90152616beb66f01f,a76d01cb2e644e07586ddae9362e3265e8e23508c04cf2a90152616beb66f01f,none
source-notes/selfopt-adas.md,source-notes/selfopt-adas.md,true,4712,4712,4decf89ea810a5284a62fadde6e7617789b4653c0adee5b9d07deae034761f00,4decf89ea810a5284a62fadde6e7617789b4653c0adee5b9d07deae034761f00,none
source-notes/selfopt-aflow.md,source-notes/selfopt-aflow.md,true,5037,5037,35ce8ebae6858597c794673afed8fe315fec8b0928334710d1ae0bff4161b048,35ce8ebae6858597c794673afed8fe315fec8b0928334710d1ae0bff4161b048,none
source-notes/selfopt-agent-lightning.md,source-notes/selfopt-agent-lightning.md,true,5482,5482,66a13604aa863b2903326b8f9e70d97992433b146f6ee9ebf29f43fd522a9db9,66a13604aa863b2903326b8f9e70d97992433b146f6ee9ebf29f43fd522a9db9,none
source-notes/selfopt-agentopt.md,source-notes/selfopt-agentopt.md,true,5432,5432,85934bd218b35bdaaae59684be0acb3a592c6efaff8ab5ad070290eb527463cc,85934bd218b35bdaaae59684be0acb3a592c6efaff8ab5ad070290eb527463cc,none
source-notes/selfopt-agentsquare.md,source-notes/selfopt-agentsquare.md,true,5132,5132,95313865e415184941941e88fcbdbe9daee5307f173655527318efed72b800a3,95313865e415184941941e88fcbdbe9daee5307f173655527318efed72b800a3,none
source-notes/selfopt-archon.md,source-notes/selfopt-archon.md,true,4906,4906,60b62faf81fd7574ccae7ad17ed56b7b617b0a6c9f7b9f777361d7e94307de40,60b62faf81fd7574ccae7ad17ed56b7b617b0a6c9f7b9f777361d7e94307de40,none
source-notes/selfopt-autoflow.md,source-notes/selfopt-autoflow.md,true,4978,4978,b8f6981d48cbf9914945c60a31fc05d6046e980b4022840c0e98200ed2163775,b8f6981d48cbf9914945c60a31fc05d6046e980b4022840c0e98200ed2163775,none
source-notes/selfopt-dspy.md,source-notes/selfopt-dspy.md,true,5215,5215,b6e90ec4b8cd5e28bd4dd3a2592ab94d360e33603a4bdce4d2e56615af0d1bdc,b6e90ec4b8cd5e28bd4dd3a2592ab94d360e33603a4bdce4d2e56615af0d1bdc,none
source-notes/selfopt-evoagent.md,source-notes/selfopt-evoagent.md,true,4650,4650,4f6d4dc5e56a7a45c50bb847e6a60724efbcec457828cada5f767ae5ed89d4ae,4f6d4dc5e56a7a45c50bb847e6a60724efbcec457828cada5f767ae5ed89d4ae,none
source-notes/selfopt-evoagentx.md,source-notes/selfopt-evoagentx.md,true,4847,4847,5d5cb37d527de898cfc4038e41c89289d20f0c9b8b22ca5bad7105417f2a9df6,5d5cb37d527de898cfc4038e41c89289d20f0c9b8b22ca5bad7105417f2a9df6,none
source-notes/selfopt-gepa.md,source-notes/selfopt-gepa.md,true,5692,5692,3b46eb27ab9039de3f2591cf3d934c9ccc83b3bac0fb1410d848ddcca1adbc4a,3b46eb27ab9039de3f2591cf3d934c9ccc83b3bac0fb1410d848ddcca1adbc4a,none
source-notes/selfopt-gptswarm.md,source-notes/selfopt-gptswarm.md,true,4534,4534,41b8bd5ffc25982b2c625a778e9af1ea455a40714abc1ad94266dd08796e58ba,41b8bd5ffc25982b2c625a778e9af1ea455a40714abc1ad94266dd08796e58ba,none
source-notes/selfopt-textgrad.md,source-notes/selfopt-textgrad.md,true,4792,4792,ed835e564ff72331450e5ede2f17e49d92fe37ebd9711f6e91b76f8a97ca8e56,ed835e564ff72331450e5ede2f17e49d92fe37ebd9711f6e91b76f8a97ca8e56,none
source-notes/stencil-2026-harness-playbook.md,source-notes/stencil-2026-harness-playbook.md,true,5446,5446,07a3cb06c30afe64a1ecc9a4aceb2c2c2eef4728816b5422ea861d0ac028b218,07a3cb06c30afe64a1ecc9a4aceb2c2c2eef4728816b5422ea861d0ac028b218,none
synthesis/.gitkeep,synthesis/.gitkeep,true,1,1,01ba4719c80b6fe911b091a7c05124b64eeece964e09c058ef8f9805daca546b,01ba4719c80b6fe911b091a7c05124b64eeece964e09c058ef8f9805daca546b,none
synthesis/00-executive-map.md,synthesis/00-executive-map.md,true,13699,13699,61e0bc1af0052360fca55900e1576668bee6f95b2dba0896c2c94a92c7e103b9,61e0bc1af0052360fca55900e1576668bee6f95b2dba0896c2c94a92c7e103b9,none
synthesis/01-definitions-and-taxonomy.md,synthesis/01-definitions-and-taxonomy.md,true,23722,23722,f5c7a93e7654a7cf9c2418ea9fda412c675c113a4298012720ac91b36ddf50e2,f5c7a93e7654a7cf9c2418ea9fda412c675c113a4298012720ac91b36ddf50e2,none
synthesis/02-architecture-and-design-patterns.md,synthesis/02-architecture-and-design-patterns.md,true,48496,48496,9f8e731cbb4f66f4f22198469887ff5340e20d78e4474002f4b2ed5893eabd3a,9f8e731cbb4f66f4f22198469887ff5340e20d78e4474002f4b2ed5893eabd3a,none
synthesis/03-empirical-evidence-and-benchmark-validity.md,synthesis/03-empirical-evidence-and-benchmark-validity.md,true,40561,40561,e9084e507152464dd5810b78394b545b1162dfc957c8c9bcf22b6170bdb1defd,e9084e507152464dd5810b78394b545b1162dfc957c8c9bcf22b6170bdb1defd,none
synthesis/04-mathematical-foundations.md,synthesis/04-mathematical-foundations.md,true,39084,39084,14e503d718c183116890d3e9aaf9d0f87cd22ce46ba3d1f9baa4a675290c6732,14e503d718c183116890d3e9aaf9d0f87cd22ce46ba3d1f9baa4a675290c6732,none
synthesis/05-open-source-harnesses.md,synthesis/05-open-source-harnesses.md,true,73181,73181,838dabf6abb710d1892cef12fd09bd3fa1c11470d28c3e818be72931d6bbdc06,838dabf6abb710d1892cef12fd09bd3fa1c11470d28c3e818be72931d6bbdc06,none
synthesis/06-practitioner-evidence.md,synthesis/06-practitioner-evidence.md,true,21761,21761,d5e0a6cbae285b0efe01c2726815b5a0113d32d37e191b36001894dcd2d5b618,d5e0a6cbae285b0efe01c2726815b5a0113d32d37e191b36001894dcd2d5b618,none
synthesis/07-research-agenda.md,synthesis/07-research-agenda.md,true,32436,32436,b616039997be3f88e26ecf3e3ec7676e0636a3efcacf56eba3f5b2e82d3c9c84,b616039997be3f88e26ecf3e3ec7676e0636a3efcacf56eba3f5b2e82d3c9c84,none
synthesis/08-paper-thesis-options.md,synthesis/08-paper-thesis-options.md,true,13161,13161,7c11ff0138b219824def99e1f79aa3654c506acf1f077ff7cc7f76289c1c9d26,7c11ff0138b219824def99e1f79aa3654c506acf1f077ff7cc7f76289c1c9d26,none
synthesis/09-self-building-and-self-improving-harnesses.md,synthesis/09-self-building-and-self-improving-harnesses.md,true,37875,37875,e6209188ac01f2d71ca614ae847cb50b138489f67021277c51598fd7f400e184,e6209188ac01f2d71ca614ae847cb50b138489f67021277c51598fd7f400e184,none
synthesis/10-mathematics-of-harness-improvement.md,synthesis/10-mathematics-of-harness-improvement.md,true,49755,49755,838ad4a88eeffa75af36833f65a060e50d84269962cf3a089e2070c3b9bbfa9f,838ad4a88eeffa75af36833f65a060e50d84269962cf3a089e2070c3b9bbfa9f,none
synthesis/11-self-improving-experimental-blueprint.md,synthesis/11-self-improving-experimental-blueprint.md,true,16616,16616,382448a7d11398ce8c9e7e899b1cf5f82dd988ec0aba8315089a3697fa9a27ca,382448a7d11398ce8c9e7e899b1cf5f82dd988ec0aba8315089a3697fa9a27ca,none
synthesis/report-source.md,synthesis/report-source.md,true,40812,40812,3bbe136164fc1a78f832a19beb86e6e27fdff0bcc2a098266da25b010ca97669,3bbe136164fc1a78f832a19beb86e6e27fdff0bcc2a098266da25b010ca97669,none
tmp/context-management-2026-09-16/codex-tree.json,sources/harness-snapshots/2026-09-16/codex-tree.json,false,2949234,2949234,a7776cab212fef071eedae97b596ccc2d287809b362a6738fdfc40ba860c6ad5,a7776cab212fef071eedae97b596ccc2d287809b362a6738fdfc40ba860c6ad5,none
tmp/context-management-2026-09-16/codex/codex-rs/core/src/compact.rs,sources/harness-snapshots/2026-09-16/codex/codex-rs/core/src/compact.rs,false,31014,31014,efbc64f98c2777c64f8dafcd1d5e1f5164aafebf2d3f1afc47774ee29effba7d,efbc64f98c2777c64f8dafcd1d5e1f5164aafebf2d3f1afc47774ee29effba7d,none
tmp/context-management-2026-09-16/codex/codex-rs/core/src/compact_model_fallback.rs,sources/harness-snapshots/2026-09-16/codex/codex-rs/core/src/compact_model_fallback.rs,false,2166,2166,3443f3818da468f56e69afa46bac7791e24e4e17e7d1df49f77d3f32dff2a808,3443f3818da468f56e69afa46bac7791e24e4e17e7d1df49f77d3f32dff2a808,none
tmp/context-management-2026-09-16/codex/codex-rs/core/src/compact_remote_history.rs,sources/harness-snapshots/2026-09-16/codex/codex-rs/core/src/compact_remote_history.rs,false,7096,7096,02e5ffd6271ffe6a7ba7dab50afb984873dfbef97f192be9d7a2a990abe4cfd0,02e5ffd6271ffe6a7ba7dab50afb984873dfbef97f192be9d7a2a990abe4cfd0,none
tmp/context-management-2026-09-16/codex/codex-rs/core/src/compact_remote_history_tests.rs,sources/harness-snapshots/2026-09-16/codex/codex-rs/core/src/compact_remote_history_tests.rs,false,902,902,74fdeb07ce77fcf268138ccfe5f0bc15c82c0c989ee86bf0fa4007578b5ccfd6,74fdeb07ce77fcf268138ccfe5f0bc15c82c0c989ee86bf0fa4007578b5ccfd6,none
tmp/context-management-2026-09-16/codex/codex-rs/core/src/compact_remote_v2.rs,sources/harness-snapshots/2026-09-16/codex/codex-rs/core/src/compact_remote_v2.rs,false,48550,48550,e75dd19f4d9dc1e47eafb6a4e7265f6aabec8348516e33abefd9c06fa5782dd8,e75dd19f4d9dc1e47eafb6a4e7265f6aabec8348516e33abefd9c06fa5782dd8,none
tmp/context-management-2026-09-16/codex/codex-rs/core/src/compact_remote_v2_attempt.rs,sources/harness-snapshots/2026-09-16/codex/codex-rs/core/src/compact_remote_v2_attempt.rs,false,5218,5218,7c740bc2c8858d703080bd2e0d8f6fde7ec40a985b2edcbddcc9967527ceb6e4,7c740bc2c8858d703080bd2e0d8f6fde7ec40a985b2edcbddcc9967527ceb6e4,none
tmp/context-management-2026-09-16/codex/codex-rs/core/src/compact_remote_v2_image_budget_tests.rs,sources/harness-snapshots/2026-09-16/codex/codex-rs/core/src/compact_remote_v2_image_budget_tests.rs,false,5214,5214,b5d1c2f4868533689446f230eba1ee84cd7cc7b62e27d2d3081dbc4c645e11da,b5d1c2f4868533689446f230eba1ee84cd7cc7b62e27d2d3081dbc4c645e11da,none
tmp/context-management-2026-09-16/codex/codex-rs/core/src/compact_remote_v2_images.rs,sources/harness-snapshots/2026-09-16/codex/codex-rs/core/src/compact_remote_v2_images.rs,false,4440,4440,2f6e09152c5684023d1e31a5a7d3d04172a5aa0c959868c718ae4459b7d6a9ab,2f6e09152c5684023d1e31a5a7d3d04172a5aa0c959868c718ae4459b7d6a9ab,none
tmp/context-management-2026-09-16/codex/codex-rs/core/src/compact_tests.rs,sources/harness-snapshots/2026-09-16/codex/codex-rs/core/src/compact_tests.rs,false,22195,22195,d5091a538219c1403707c31373cf860317e3acb54ba2c76008719ec7b7044c63,d5091a538219c1403707c31373cf860317e3acb54ba2c76008719ec7b7044c63,none
tmp/context-management-2026-09-16/codex/codex-rs/core/src/compact_token_budget.rs,sources/harness-snapshots/2026-09-16/codex/codex-rs/core/src/compact_token_budget.rs,false,3628,3628,eeaa8f6d7eee2f96349e1b84353de5d3461a5b20cc63b22fcf76eb085a11f2a6,eeaa8f6d7eee2f96349e1b84353de5d3461a5b20cc63b22fcf76eb085a11f2a6,none
tmp/context-management-2026-09-16/codex/codex-rs/core/src/config/token_budget_startup.rs,sources/harness-snapshots/2026-09-16/codex/codex-rs/core/src/config/token_budget_startup.rs,false,1313,1313,b338c6f417057dd0ee74b15420eaa5407e61aef83d4b5be15d96b116fe3a95f1,b338c6f417057dd0ee74b15420eaa5407e61aef83d4b5be15d96b116fe3a95f1,none
tmp/context-management-2026-09-16/codex/codex-rs/core/src/context/token_budget_context.rs,sources/harness-snapshots/2026-09-16/codex/codex-rs/core/src/context/token_budget_context.rs,false,6578,6578,a69d44ec05d67ddb4cf977c814eb50dd984c8877ddd16287c88e8fdb0a501c9a,a69d44ec05d67ddb4cf977c814eb50dd984c8877ddd16287c88e8fdb0a501c9a,none
tmp/context-management-2026-09-16/codex/codex-rs/core/src/context/world_state/context_window_guidance.rs,sources/harness-snapshots/2026-09-16/codex/codex-rs/core/src/context/world_state/context_window_guidance.rs,false,2535,2535,196ab22399b6bf39099f74f284ef84b1b7235a515add96e05292b7029553c4ad,196ab22399b6bf39099f74f284ef84b1b7235a515add96e05292b7029553c4ad,none
tmp/context-management-2026-09-16/codex/codex-rs/core/src/context_manager/history.rs,sources/harness-snapshots/2026-09-16/codex/codex-rs/core/src/context_manager/history.rs,false,52300,52300,5d674c748587a78bd7a279ec9433036a966b76bdd2ce55ca6079ec43054c2d23,5d674c748587a78bd7a279ec9433036a966b76bdd2ce55ca6079ec43054c2d23,none
tmp/context-management-2026-09-16/codex/codex-rs/core/src/context_manager/normalize.rs,sources/harness-snapshots/2026-09-16/codex/codex-rs/core/src/context_manager/normalize.rs,false,16993,16993,ae5a5dca0320b9399f0925021082aa37d3dfc6bd4987ae4ca55a44b8fb14069a,ae5a5dca0320b9399f0925021082aa37d3dfc6bd4987ae4ca55a44b8fb14069a,none
tmp/context-management-2026-09-16/codex/codex-rs/core/src/exec.rs,sources/harness-snapshots/2026-09-16/codex/codex-rs/core/src/exec.rs,false,46820,46820,166a669690ad79f0d4b922f8f73d765bda497a29fa498ad4083d933bd8a3d771,166a669690ad79f0d4b922f8f73d765bda497a29fa498ad4083d933bd8a3d771,none
tmp/context-management-2026-09-16/codex/codex-rs/core/src/exec_env.rs,sources/harness-snapshots/2026-09-16/codex/codex-rs/core/src/exec_env.rs,false,4473,4473,325d03848d98c45b40feb153c0936a83483852de9d624215323aa6444c7a889d,325d03848d98c45b40feb153c0936a83483852de9d624215323aa6444c7a889d,none
tmp/context-management-2026-09-16/codex/codex-rs/core/src/exec_env_tests.rs,sources/harness-snapshots/2026-09-16/codex/codex-rs/core/src/exec_env_tests.rs,false,10602,10602,1f0146fad0cb1f7dc2da9c9d9934dc5ba4c5559d5b6b2e2b2c9015457d33b748,1f0146fad0cb1f7dc2da9c9d9934dc5ba4c5559d5b6b2e2b2c9015457d33b748,none
tmp/context-management-2026-09-16/codex/codex-rs/core/src/exec_policy.rs,sources/harness-snapshots/2026-09-16/codex/codex-rs/core/src/exec_policy.rs,false,42431,42431,49fc000c2b7779ecdc79d81b482f231f74a32ef69763cc686a1adcd4461a3616,49fc000c2b7779ecdc79d81b482f231f74a32ef69763cc686a1adcd4461a3616,none
tmp/context-management-2026-09-16/codex/codex-rs/core/src/exec_policy/executable_identity.rs,sources/harness-snapshots/2026-09-16/codex/codex-rs/core/src/exec_policy/executable_identity.rs,false,4152,4152,57edba9a27c007e0e0dc9ad5e40c7b857487c17245ea1e1ab3f32863653fc5e8,57edba9a27c007e0e0dc9ad5e40c7b857487c17245ea1e1ab3f32863653fc5e8,none
tmp/context-management-2026-09-16/codex/codex-rs/core/src/exec_policy/executable_identity_tests.rs,sources/harness-snapshots/2026-09-16/codex/codex-rs/core/src/exec_policy/executable_identity_tests.rs,false,2361,2361,17911ca25c542c42a1ce7d9deba252bd32fe226c0f0d6809178b1cc94c8c6bc5,17911ca25c542c42a1ce7d9deba252bd32fe226c0f0d6809178b1cc94c8c6bc5,none
tmp/context-management-2026-09-16/codex/codex-rs/core/src/exec_policy/model_policy.rs,sources/harness-snapshots/2026-09-16/codex/codex-rs/core/src/exec_policy/model_policy.rs,false,1856,1856,c1c052167687e49d2dc97c0c55f54dc4259965231f6f8c8c9e71f64fdfd7cfa6,c1c052167687e49d2dc97c0c55f54dc4259965231f6f8c8c9e71f64fdfd7cfa6,none
tmp/context-management-2026-09-16/codex/codex-rs/core/src/exec_policy/model_policy_tests.rs,sources/harness-snapshots/2026-09-16/codex/codex-rs/core/src/exec_policy/model_policy_tests.rs,false,7910,7910,1bee23b3604ccb294ca5dbe22580da301af9231449c2a01e8154f992a270465d,1bee23b3604ccb294ca5dbe22580da301af9231449c2a01e8154f992a270465d,none
tmp/context-management-2026-09-16/codex/codex-rs/core/src/exec_policy_tests.rs,sources/harness-snapshots/2026-09-16/codex/codex-rs/core/src/exec_policy_tests.rs,false,87333,87333,d57ca7290ce6972e6b3e4d86e3a2170b5dd9e111a12fc3f70cf2a523bccbcebb,d57ca7290ce6972e6b3e4d86e3a2170b5dd9e111a12fc3f70cf2a523bccbcebb,none
tmp/context-management-2026-09-16/codex/codex-rs/core/src/exec_policy_windows_tests.rs,sources/harness-snapshots/2026-09-16/codex/codex-rs/core/src/exec_policy_windows_tests.rs,false,7193,7193,fda8885932fc3f06e5470e1a86472daa289017b8c446e3a021a971d9f36d66ce,fda8885932fc3f06e5470e1a86472daa289017b8c446e3a021a971d9f36d66ce,none
tmp/context-management-2026-09-16/codex/codex-rs/core/src/exec_tests.rs,sources/harness-snapshots/2026-09-16/codex/codex-rs/core/src/exec_tests.rs,false,57061,57061,c457f21ffb1a960720c11291f52942235f5563b3c37d605b286c3be053ecf2f5,c457f21ffb1a960720c11291f52942235f5563b3c37d605b286c3be053ecf2f5,none
tmp/context-management-2026-09-16/codex/codex-rs/core/src/session/context_window.rs,sources/harness-snapshots/2026-09-16/codex/codex-rs/core/src/session/context_window.rs,false,4932,4932,5331502ee75cefea0069ce5b679b0fd26915f6bbd9f5852f5f00c0cce1bfd1a1,5331502ee75cefea0069ce5b679b0fd26915f6bbd9f5852f5f00c0cce1bfd1a1,none
tmp/context-management-2026-09-16/codex/codex-rs/core/src/session/token_budget.rs,sources/harness-snapshots/2026-09-16/codex/codex-rs/core/src/session/token_budget.rs,false,8469,8469,e1712b845ddcb245bec507c56f2c1644d657b88c984fd5f8cb2edfb150eda174,e1712b845ddcb245bec507c56f2c1644d657b88c984fd5f8cb2edfb150eda174,none
tmp/context-management-2026-09-16/codex/codex-rs/core/src/session/turn.rs,sources/harness-snapshots/2026-09-16/codex/codex-rs/core/src/session/turn.rs,false,123074,123074,9f0d0d7ba69982576c0c1b90cb86915fb89f1ccef98c5506716044237f6a3c40,9f0d0d7ba69982576c0c1b90cb86915fb89f1ccef98c5506716044237f6a3c40,none
tmp/context-management-2026-09-16/codex/codex-rs/core/src/state/auto_compact_window.rs,sources/harness-snapshots/2026-09-16/codex/codex-rs/core/src/state/auto_compact_window.rs,false,8161,8161,2c708f19811a0470b7b9b7bb14fc3f630ffe771c295ee163e021cc6c50c8e46c,2c708f19811a0470b7b9b7bb14fc3f630ffe771c295ee163e021cc6c50c8e46c,none
tmp/context-management-2026-09-16/codex/codex-rs/core/src/tools/handlers/new_context_window.rs,sources/harness-snapshots/2026-09-16/codex/codex-rs/core/src/tools/handlers/new_context_window.rs,false,1725,1725,c4776e01c7a93cb8a4583836d062b3df9ec48a4a52ec386d780af0299e48797e,c4776e01c7a93cb8a4583836d062b3df9ec48a4a52ec386d780af0299e48797e,none
tmp/context-management-2026-09-16/codex/codex-rs/core/src/tools/handlers/unified_exec/exec_command.rs,sources/harness-snapshots/2026-09-16/codex/codex-rs/core/src/tools/handlers/unified_exec/exec_command.rs,false,23131,23131,91119d08050167270c7ad3df499f88845883f42ea2dc7e1349971f5aea76fb8f,91119d08050167270c7ad3df499f88845883f42ea2dc7e1349971f5aea76fb8f,none
tmp/context-management-2026-09-16/codex/codex-rs/core/src/unified_exec/async_watcher.rs,sources/harness-snapshots/2026-09-16/codex/codex-rs/core/src/unified_exec/async_watcher.rs,false,16517,16517,ecff719f0f24d939b7a8f2054a8061c536e6055a63930327aa7d5f1f79bd0b2f,ecff719f0f24d939b7a8f2054a8061c536e6055a63930327aa7d5f1f79bd0b2f,none
tmp/context-management-2026-09-16/codex/codex-rs/core/src/unified_exec/async_watcher_tests.rs,sources/harness-snapshots/2026-09-16/codex/codex-rs/core/src/unified_exec/async_watcher_tests.rs,false,11831,11831,969fd4726e5517078db81edb461de37d6701126d797e6094af4bb4ceb43a4eda,969fd4726e5517078db81edb461de37d6701126d797e6094af4bb4ceb43a4eda,none
tmp/context-management-2026-09-16/codex/codex-rs/core/src/unified_exec/errors.rs,sources/harness-snapshots/2026-09-16/codex/codex-rs/core/src/unified_exec/errors.rs,false,2369,2369,4d55749566770114332ed56e28b12ee509b5f8377384413518dd0be0cf46cb92,4d55749566770114332ed56e28b12ee509b5f8377384413518dd0be0cf46cb92,none
tmp/context-management-2026-09-16/codex/codex-rs/core/src/unified_exec/head_tail_buffer.rs,sources/harness-snapshots/2026-09-16/codex/codex-rs/core/src/unified_exec/head_tail_buffer.rs,false,6130,6130,51773c7e340e8b3be3494d96e88ed6f6ec6d53845475d7ae167ccaff80297a1d,51773c7e340e8b3be3494d96e88ed6f6ec6d53845475d7ae167ccaff80297a1d,none
tmp/context-management-2026-09-16/codex/codex-rs/core/src/unified_exec/head_tail_buffer_tests.rs,sources/harness-snapshots/2026-09-16/codex/codex-rs/core/src/unified_exec/head_tail_buffer_tests.rs,false,2688,2688,5ceac047dee938456d2a3c346473e225911cd2d68cafeeafa7e07fc73fe1e63b,5ceac047dee938456d2a3c346473e225911cd2d68cafeeafa7e07fc73fe1e63b,none
tmp/context-management-2026-09-16/codex/codex-rs/core/src/unified_exec/mod.rs,sources/harness-snapshots/2026-09-16/codex/codex-rs/core/src/unified_exec/mod.rs,false,8330,8330,540bdaaf1f0fdd52c97c524d66440b9c3e29a71074629e3b64ce07e27c12051d,540bdaaf1f0fdd52c97c524d66440b9c3e29a71074629e3b64ce07e27c12051d,none
tmp/context-management-2026-09-16/codex/codex-rs/core/src/unified_exec/mod_tests.rs,sources/harness-snapshots/2026-09-16/codex/codex-rs/core/src/unified_exec/mod_tests.rs,false,35797,35797,a03ce35399810e7b263569e4c00ad1471af8a68c97504b4c1ebe6d16b6fc29dc,a03ce35399810e7b263569e4c00ad1471af8a68c97504b4c1ebe6d16b6fc29dc,none
tmp/context-management-2026-09-16/codex/codex-rs/core/src/unified_exec/oneshot.rs,sources/harness-snapshots/2026-09-16/codex/codex-rs/core/src/unified_exec/oneshot.rs,false,4533,4533,e8167c799124b921a1950c54c795dd0967f4f4185aa3d15c0eed1df606724c88,e8167c799124b921a1950c54c795dd0967f4f4185aa3d15c0eed1df606724c88,none
tmp/context-management-2026-09-16/codex/codex-rs/core/src/unified_exec/process.rs,sources/harness-snapshots/2026-09-16/codex/codex-rs/core/src/unified_exec/process.rs,false,25472,25472,49e4103bf12b1ab333d4fa1a07c135eb9e48356013688d06bab17486f06298a5,49e4103bf12b1ab333d4fa1a07c135eb9e48356013688d06bab17486f06298a5,none
tmp/context-management-2026-09-16/codex/codex-rs/core/src/unified_exec/process_manager.rs,sources/harness-snapshots/2026-09-16/codex/codex-rs/core/src/unified_exec/process_manager.rs,false,75158,75158,96452cfce1ba084d12fa4f7545063eb36ce9ac303bcf90c5fc147e6ab98a22ac,96452cfce1ba084d12fa4f7545063eb36ce9ac303bcf90c5fc147e6ab98a22ac,none
tmp/context-management-2026-09-16/codex/codex-rs/core/src/unified_exec/process_manager_tests.rs,sources/harness-snapshots/2026-09-16/codex/codex-rs/core/src/unified_exec/process_manager_tests.rs,false,24247,24247,6bbe292c88fbafa2c13445c583370a557a29b678713454ac2fda17056632af47,6bbe292c88fbafa2c13445c583370a557a29b678713454ac2fda17056632af47,none
tmp/context-management-2026-09-16/codex/codex-rs/core/src/unified_exec/process_state.rs,sources/harness-snapshots/2026-09-16/codex/codex-rs/core/src/unified_exec/process_state.rs,false,801,801,e7ed1947b1d814a042623b2375ac51855912f01bcf9036b8d218a768e0461483,e7ed1947b1d814a042623b2375ac51855912f01bcf9036b8d218a768e0461483,none
tmp/context-management-2026-09-16/codex/codex-rs/core/src/unified_exec/process_tests.rs,sources/harness-snapshots/2026-09-16/codex/codex-rs/core/src/unified_exec/process_tests.rs,false,5980,5980,85ee6f7af145cecf53af1bb9bbf275c764b23bf2def9345b74c2f46b3f6a236c,85ee6f7af145cecf53af1bb9bbf275c764b23bf2def9345b74c2f46b3f6a236c,none
tmp/context-management-2026-09-16/codex/codex-rs/core/src/unified_exec/shell_snapshot.rs,sources/harness-snapshots/2026-09-16/codex/codex-rs/core/src/unified_exec/shell_snapshot.rs,false,8585,8585,07b1ed970d925233ae6fe2606926519febb8b5be10598355a1992d4677c536ae,07b1ed970d925233ae6fe2606926519febb8b5be10598355a1992d4677c536ae,none
tmp/context-management-2026-09-16/codex/codex-rs/core/src/unified_exec/stdin_approval.rs,sources/harness-snapshots/2026-09-16/codex/codex-rs/core/src/unified_exec/stdin_approval.rs,false,10519,10519,40447c4b252fb34d94da9c7f721750a23e9dd36521c6a47fb6bcd4ac96d0b5c7,40447c4b252fb34d94da9c7f721750a23e9dd36521c6a47fb6bcd4ac96d0b5c7,none
tmp/context-management-2026-09-16/codex/codex-rs/core/src/unified_exec/stdin_approval_tests.rs,sources/harness-snapshots/2026-09-16/codex/codex-rs/core/src/unified_exec/stdin_approval_tests.rs,false,10260,10260,46c1c372ec0bb4e9e6a02ad2603a033642afd7e45139bca17611899cbf8c09b2,46c1c372ec0bb4e9e6a02ad2603a033642afd7e45139bca17611899cbf8c09b2,none
tmp/context-management-2026-09-16/codex/codex-rs/ext/history-notes/src/extension.rs,sources/harness-snapshots/2026-09-16/codex/codex-rs/ext/history-notes/src/extension.rs,false,6755,6755,c6cf4d09296f74cbe60b7244d77d04eb4d445b4d0de83f281f0e78c00b87d53f,c6cf4d09296f74cbe60b7244d77d04eb4d445b4d0de83f281f0e78c00b87d53f,none
tmp/context-management-2026-09-16/codex/codex-rs/ext/history-notes/src/tools.rs,sources/harness-snapshots/2026-09-16/codex/codex-rs/ext/history-notes/src/tools.rs,false,21474,21474,2a9707ccc88f46c474d89aad820c57f8bb44622d36990a450621dae6c9f64fbe,2a9707ccc88f46c474d89aad820c57f8bb44622d36990a450621dae6c9f64fbe,none
tmp/context-management-2026-09-16/codex/codex-rs/features/src/lib.rs,sources/harness-snapshots/2026-09-16/codex/codex-rs/features/src/lib.rs,false,64638,64638,710079d9279a4eb34d7cc41315b5465c12ca371610c8f2d8a180e9c4810b831d,710079d9279a4eb34d7cc41315b5465c12ca371610c8f2d8a180e9c4810b831d,none
tmp/context-management-2026-09-16/codex/codex-rs/models-manager/models.json,sources/harness-snapshots/2026-09-16/codex/codex-rs/models-manager/models.json,false,295491,295491,7a70ed77b5b4c76e6d15cafe3019abada9f74a8039dfe263374057f1f2d88dd8,7a70ed77b5b4c76e6d15cafe3019abada9f74a8039dfe263374057f1f2d88dd8,none
tmp/context-management-2026-09-16/codex/codex-rs/models-manager/src/model_info.rs,sources/harness-snapshots/2026-09-16/codex/codex-rs/models-manager/src/model_info.rs,false,6979,6979,a0092dcb94577e38e83edd3ae9959fc0a19a36950c062dd88da36dd5d421a229,a0092dcb94577e38e83edd3ae9959fc0a19a36950c062dd88da36dd5d421a229,none
tmp/context-management-2026-09-16/codex/codex-rs/prompts/templates/compact/prompt.md,sources/harness-snapshots/2026-09-16/codex/codex-rs/prompts/templates/compact/prompt.md,false,435,435,bcdd8c0240c38c88a1beb53b0736a606bed60b278e0170912d4ebbc7d3b419eb,bcdd8c0240c38c88a1beb53b0736a606bed60b278e0170912d4ebbc7d3b419eb,none
tmp/context-management-2026-09-16/codex/codex-rs/prompts/templates/compact/summary_prefix.md,sources/harness-snapshots/2026-09-16/codex/codex-rs/prompts/templates/compact/summary_prefix.md,false,401,401,118cc0035f52bebdcb19edde1fd5f657652f1e5e2335ff8058fa831637b037e0,118cc0035f52bebdcb19edde1fd5f657652f1e5e2335ff8058fa831637b037e0,none
tmp/context-management-2026-09-16/codex/codex-rs/protocol/src/openai_models.rs,sources/harness-snapshots/2026-09-16/codex/codex-rs/protocol/src/openai_models.rs,false,73117,73117,1889ca40c5a45cd1cb2e0c9b6163d2b04f62004d7542d8c6e13c12dfa0228da0,1889ca40c5a45cd1cb2e0c9b6163d2b04f62004d7542d8c6e13c12dfa0228da0,none
tmp/context-management-2026-09-16/codex/codex-rs/utils/output-truncation/src/lib.rs,sources/harness-snapshots/2026-09-16/codex/codex-rs/utils/output-truncation/src/lib.rs,false,8434,8434,27db063ec58f10fce56d2b49461c08d3fdee7a22084a9e7810d22b444f152384,27db063ec58f10fce56d2b49461c08d3fdee7a22084a9e7810d22b444f152384,none
tmp/context-management-2026-09-16/fetch-sources.ps1,sources/harness-snapshots/2026-09-16/fetch-sources.ps1,false,2360,2360,cfd0a6bea70784bac68122fc7f1fb34543de55802c61ca0b997c12bd24ce2fcc,cfd0a6bea70784bac68122fc7f1fb34543de55802c61ca0b997c12bd24ce2fcc,none
tmp/context-management-2026-09-16/omp-tree.json,sources/harness-snapshots/2026-09-16/omp-tree.json,false,2585969,2585969,31a2ae8b2240fdcabbb3b9eb75b1272f62da81c13dfc22531d2c60bfa2a95c70,31a2ae8b2240fdcabbb3b9eb75b1272f62da81c13dfc22531d2c60bfa2a95c70,none
tmp/context-management-2026-09-16/omp/crates/pi-builtins/src/truncate.rs,sources/harness-snapshots/2026-09-16/omp/crates/pi-builtins/src/truncate.rs,false,18937,18937,d8221dc14ea756b76c3b704e9f4964d37df854dbfd050b2559fd12b06205a60e,d8221dc14ea756b76c3b704e9f4964d37df854dbfd050b2559fd12b06205a60e,none
tmp/context-management-2026-09-16/omp/docs/compaction.md,sources/harness-snapshots/2026-09-16/omp/docs/compaction.md,false,42643,42643,d80fe6d1a6c3e993b982e7c1e73aa5a91e3433ecd61a3de28238fd58b8a9c3a6,d80fe6d1a6c3e993b982e7c1e73aa5a91e3433ecd61a3de28238fd58b8a9c3a6,none
tmp/context-management-2026-09-16/omp/docs/tools/context-notes.md,sources/harness-snapshots/2026-09-16/omp/docs/tools/context-notes.md,false,3270,3270,dba64a360142a69114017ace96b146cc16f9dfa622a32a736e89ea5516698efd,dba64a360142a69114017ace96b146cc16f9dfa622a32a736e89ea5516698efd,none
tmp/context-management-2026-09-16/omp/docs/tools/new-context.md,sources/harness-snapshots/2026-09-16/omp/docs/tools/new-context.md,false,3026,3026,9a926a4380bf2a1c41f356e2931689e4209bd7cfa7a9d123f9fd536b653ef0dc,9a926a4380bf2a1c41f356e2931689e4209bd7cfa7a9d123f9fd536b653ef0dc,none
tmp/context-management-2026-09-16/omp/packages/agent/src/append-only-context.ts,sources/harness-snapshots/2026-09-16/omp/packages/agent/src/append-only-context.ts,false,13501,13501,facabd9e051cbe6c5cb1ff0581bdeaa08dd82923a9a3ecc3cfc06be803e6c1b2,facabd9e051cbe6c5cb1ff0581bdeaa08dd82923a9a3ecc3cfc06be803e6c1b2,none
tmp/context-management-2026-09-16/omp/packages/agent/src/compaction/anthropic.ts,sources/harness-snapshots/2026-09-16/omp/packages/agent/src/compaction/anthropic.ts,false,12579,12579,5d410bcd329cdd502e3a71d4dcb99ef089c9e87dc6bee58debf58729a7f00a74,5d410bcd329cdd502e3a71d4dcb99ef089c9e87dc6bee58debf58729a7f00a74,none
tmp/context-management-2026-09-16/omp/packages/agent/src/compaction/branch-summarization.ts,sources/harness-snapshots/2026-09-16/omp/packages/agent/src/compaction/branch-summarization.ts,false,13254,13254,0e7aa5693a6662c2445014d3b798ffcea3574272ccee4cb72dd4dd805637d85c,0e7aa5693a6662c2445014d3b798ffcea3574272ccee4cb72dd4dd805637d85c,none
tmp/context-management-2026-09-16/omp/packages/agent/src/compaction/compaction-v2-streaming.ts,sources/harness-snapshots/2026-09-16/omp/packages/agent/src/compaction/compaction-v2-streaming.ts,false,31847,31847,7b0fcd8f0cb15571b3b1022cc54edbbd3a7d70af81117f72eca6566f068d2950,7b0fcd8f0cb15571b3b1022cc54edbbd3a7d70af81117f72eca6566f068d2950,none
tmp/context-management-2026-09-16/omp/packages/agent/src/compaction/compaction.ts,sources/harness-snapshots/2026-09-16/omp/packages/agent/src/compaction/compaction.ts,false,84334,84334,dd89989bd27dd6fcb0dd62e08acc54ecec00f43ed9e3e6855ee4077d00208bde,dd89989bd27dd6fcb0dd62e08acc54ecec00f43ed9e3e6855ee4077d00208bde,none
tmp/context-management-2026-09-16/omp/packages/agent/src/compaction/entries.ts,sources/harness-snapshots/2026-09-16/omp/packages/agent/src/compaction/entries.ts,false,4678,4678,67fdb820811666ddef9397618a6608f5b9453fbeead2ff9a7d09fccd2336769f,67fdb820811666ddef9397618a6608f5b9453fbeead2ff9a7d09fccd2336769f,none
tmp/context-management-2026-09-16/omp/packages/agent/src/compaction/errors.ts,sources/harness-snapshots/2026-09-16/omp/packages/agent/src/compaction/errors.ts,false,1995,1995,db0aa5dbd568699efab0ebaeafe3d88729e523787307f124183eb1a8a1a8b4db,db0aa5dbd568699efab0ebaeafe3d88729e523787307f124183eb1a8a1a8b4db,none
tmp/context-management-2026-09-16/omp/packages/agent/src/compaction/index.ts,sources/harness-snapshots/2026-09-16/omp/packages/agent/src/compaction/index.ts,false,421,421,0aaa6e54a05121b6f0ff84e3967e57e127180218f509e000590dff22e4e7c694,0aaa6e54a05121b6f0ff84e3967e57e127180218f509e000590dff22e4e7c694,none
tmp/context-management-2026-09-16/omp/packages/agent/src/compaction/message-cache.ts,sources/harness-snapshots/2026-09-16/omp/packages/agent/src/compaction/message-cache.ts,false,4224,4224,637a74b890d54a62c958b671ce076b62b670bab43a8260c361694e953f75aabf,637a74b890d54a62c958b671ce076b62b670bab43a8260c361694e953f75aabf,none
tmp/context-management-2026-09-16/omp/packages/agent/src/compaction/messages.ts,sources/harness-snapshots/2026-09-16/omp/packages/agent/src/compaction/messages.ts,false,9601,9601,8db7a992a083b74afc7ad3270d2e62299fffac13375cefb776f44cf448769713,8db7a992a083b74afc7ad3270d2e62299fffac13375cefb776f44cf448769713,none
tmp/context-management-2026-09-16/omp/packages/agent/src/compaction/openai.ts,sources/harness-snapshots/2026-09-16/omp/packages/agent/src/compaction/openai.ts,false,38717,38717,17a32a9dcbc612f2fcee999c256db6b3e36021db311284a0306d8e67e316da80,17a32a9dcbc612f2fcee999c256db6b3e36021db311284a0306d8e67e316da80,none
tmp/context-management-2026-09-16/omp/packages/agent/src/compaction/prompts/anthropic-compaction-instructions.md,sources/harness-snapshots/2026-09-16/omp/packages/agent/src/compaction/prompts/anthropic-compaction-instructions.md,false,963,963,b87be1f2f84c79853a8ded200a429f54ded6f75d97482894f2a31fdfaff9390f,b87be1f2f84c79853a8ded200a429f54ded6f75d97482894f2a31fdfaff9390f,none
tmp/context-management-2026-09-16/omp/packages/agent/src/compaction/prompts/auto-handoff-threshold-focus.md,sources/harness-snapshots/2026-09-16/omp/packages/agent/src/compaction/prompts/auto-handoff-threshold-focus.md,false,101,101,2b0d36b98dbed284922f3eb4a5a5bb01bc2b8aaa4aca33b926dbfa4c89f61d46,2b0d36b98dbed284922f3eb4a5a5bb01bc2b8aaa4aca33b926dbfa4c89f61d46,none
tmp/context-management-2026-09-16/omp/packages/agent/src/compaction/prompts/branch-summary-context.md,sources/harness-snapshots/2026-09-16/omp/packages/agent/src/compaction/prompts/branch-summary-context.md,false,62,62,ffacc0b2749af1f3acd4beee2e0a8e61331874c642b781982302b091e2f36d3e,ffacc0b2749af1f3acd4beee2e0a8e61331874c642b781982302b091e2f36d3e,none
tmp/context-management-2026-09-16/omp/packages/agent/src/compaction/prompts/branch-summary-preamble.md,sources/harness-snapshots/2026-09-16/omp/packages/agent/src/compaction/prompts/branch-summary-preamble.md,false,86,86,d77adcde80816878ec8ecb8d1673e42372d88d247963f80cc655af8980f34e61,d77adcde80816878ec8ecb8d1673e42372d88d247963f80cc655af8980f34e61,none
tmp/context-management-2026-09-16/omp/packages/agent/src/compaction/prompts/branch-summary.md,sources/harness-snapshots/2026-09-16/omp/packages/agent/src/compaction/prompts/branch-summary.md,false,692,692,432ad4feb0e29799cd26114a394ff4ae398fa1b7984111cc9fe97b3d8f77f642,432ad4feb0e29799cd26114a394ff4ae398fa1b7984111cc9fe97b3d8f77f642,none
tmp/context-management-2026-09-16/omp/packages/agent/src/compaction/prompts/compaction-short-summary.md,sources/harness-snapshots/2026-09-16/omp/packages/agent/src/compaction/prompts/compaction-short-summary.md,false,254,254,97765cbf666f521d2eeebd34335f7417ddd1f6f0ff9c03606d3d89bee98bad4f,97765cbf666f521d2eeebd34335f7417ddd1f6f0ff9c03606d3d89bee98bad4f,none
tmp/context-management-2026-09-16/omp/packages/agent/src/compaction/prompts/compaction-summary-context.md,sources/harness-snapshots/2026-09-16/omp/packages/agent/src/compaction/prompts/compaction-summary-context.md,false,133,133,f5facd27b4326ee1480db6b4cf6b27cc53507d1d57f1e82285a87694c4ed260b,f5facd27b4326ee1480db6b4cf6b27cc53507d1d57f1e82285a87694c4ed260b,none
tmp/context-management-2026-09-16/omp/packages/agent/src/compaction/prompts/compaction-summary.md,sources/harness-snapshots/2026-09-16/omp/packages/agent/src/compaction/prompts/compaction-summary.md,false,1244,1244,02ae5907ea2d2e29e44c0a6058cef491e609c3a45b1ed02e7a610f78ae33ad13,02ae5907ea2d2e29e44c0a6058cef491e609c3a45b1ed02e7a610f78ae33ad13,none
tmp/context-management-2026-09-16/omp/packages/agent/src/compaction/prompts/compaction-turn-prefix.md,sources/harness-snapshots/2026-09-16/omp/packages/agent/src/compaction/prompts/compaction-turn-prefix.md,false,589,589,10769d0628c4375f5036c0275157187e83e108f6b7387fe5e1877729e325e2e7,10769d0628c4375f5036c0275157187e83e108f6b7387fe5e1877729e325e2e7,none
tmp/context-management-2026-09-16/omp/packages/agent/src/compaction/prompts/compaction-update-summary.md,sources/harness-snapshots/2026-09-16/omp/packages/agent/src/compaction/prompts/compaction-update-summary.md,false,1440,1440,bdf9365f6f4e1b1ecc9a6260101c05599c746ef150316a906b083c1020fcf3d8,bdf9365f6f4e1b1ecc9a6260101c05599c746ef150316a906b083c1020fcf3d8,none
tmp/context-management-2026-09-16/omp/packages/agent/src/compaction/prompts/context-window-truncated-output.md,sources/harness-snapshots/2026-09-16/omp/packages/agent/src/compaction/prompts/context-window-truncated-output.md,false,57,57,48ca4fccffbea3d7828efc5c51ce334fc44846fbdce5aaac86c4e13829aa71dd,48ca4fccffbea3d7828efc5c51ce334fc44846fbdce5aaac86c4e13829aa71dd,none
tmp/context-management-2026-09-16/omp/packages/agent/src/compaction/prompts/file-operations.md,sources/harness-snapshots/2026-09-16/omp/packages/agent/src/compaction/prompts/file-operations.md,false,63,63,60cf804f7c9b9146670d04d82f1bb5d96afe2a6db3a3870ab6c47da6f478d4e5,60cf804f7c9b9146670d04d82f1bb5d96afe2a6db3a3870ab6c47da6f478d4e5,none
tmp/context-management-2026-09-16/omp/packages/agent/src/compaction/prompts/handoff-document.md,sources/harness-snapshots/2026-09-16/omp/packages/agent/src/compaction/prompts/handoff-document.md,false,1548,1548,14f66c3078be49072c21902822287238bee4bb4464ca3ed173b5055a30d6b925,14f66c3078be49072c21902822287238bee4bb4464ca3ed173b5055a30d6b925,none
tmp/context-management-2026-09-16/omp/packages/agent/src/compaction/prompts/handoff-summary-context.md,sources/harness-snapshots/2026-09-16/omp/packages/agent/src/compaction/prompts/handoff-summary-context.md,false,539,539,13ee6c512c1f8d8f94e79f3c29383f2176663c34752687838cab8062b49f1342,13ee6c512c1f8d8f94e79f3c29383f2176663c34752687838cab8062b49f1342,none
tmp/context-management-2026-09-16/omp/packages/agent/src/compaction/prompts/snapcompact-archive-context.md,sources/harness-snapshots/2026-09-16/omp/packages/agent/src/compaction/prompts/snapcompact-archive-context.md,false,62,62,dce6f5daa1bbbe24a5ad5e9692d842498f14ecff69c5500140642bc06dfc0804,dce6f5daa1bbbe24a5ad5e9692d842498f14ecff69c5500140642bc06dfc0804,none
tmp/context-management-2026-09-16/omp/packages/agent/src/compaction/prompts/summarization-system.md,sources/harness-snapshots/2026-09-16/omp/packages/agent/src/compaction/prompts/summarization-system.md,false,492,492,a3f6048f2091f1812c2374209bf5bf20c57f5ddb3bbb110797e4475593c96302,a3f6048f2091f1812c2374209bf5bf20c57f5ddb3bbb110797e4475593c96302,none
tmp/context-management-2026-09-16/omp/packages/agent/src/compaction/pruning.ts,sources/harness-snapshots/2026-09-16/omp/packages/agent/src/compaction/pruning.ts,false,18540,18540,1cb2e30c71a1e1a28290d8fed5d2b2215d2493d8a5a02a53ec8f98fe2af2c0cd,1cb2e30c71a1e1a28290d8fed5d2b2215d2493d8a5a02a53ec8f98fe2af2c0cd,none
tmp/context-management-2026-09-16/omp/packages/agent/src/compaction/shake.ts,sources/harness-snapshots/2026-09-16/omp/packages/agent/src/compaction/shake.ts,false,17404,17404,c354eebe1ca09202838d25ed4b8a9d9bff805cd62d47e18ef87cb97c7e0eeeaf,c354eebe1ca09202838d25ed4b8a9d9bff805cd62d47e18ef87cb97c7e0eeeaf,none
tmp/context-management-2026-09-16/omp/packages/agent/src/compaction/tool-protection.ts,sources/harness-snapshots/2026-09-16/omp/packages/agent/src/compaction/tool-protection.ts,false,2619,2619,8b5a5a53e0b412d570950a1da724119028c08d0db7ece22a28af960866dcc944,8b5a5a53e0b412d570950a1da724119028c08d0db7ece22a28af960866dcc944,none
tmp/context-management-2026-09-16/omp/packages/agent/src/compaction/transcript-tokens.ts,sources/harness-snapshots/2026-09-16/omp/packages/agent/src/compaction/transcript-tokens.ts,false,4914,4914,6dbe45cacb7253a5a7f97b1e3878df4974d43c532eba074d37bbf5166fee2310,6dbe45cacb7253a5a7f97b1e3878df4974d43c532eba074d37bbf5166fee2310,none
tmp/context-management-2026-09-16/omp/packages/agent/src/compaction/utils.ts,sources/harness-snapshots/2026-09-16/omp/packages/agent/src/compaction/utils.ts,false,13911,13911,5cc1af998680f91901160b37dee1843255d68161b1c9b9c48f2d048500f31b5e,5cc1af998680f91901160b37dee1843255d68161b1c9b9c48f2d048500f31b5e,none
tmp/context-management-2026-09-16/omp/packages/coding-agent/src/config/settings-schema.ts,sources/harness-snapshots/2026-09-16/omp/packages/coding-agent/src/config/settings-schema.ts,false,203168,203168,efbfb774928eaa1cfa46b27617f6676cdf26ed6668142076e47660d247fac417,efbfb774928eaa1cfa46b27617f6676cdf26ed6668142076e47660d247fac417,none
tmp/context-management-2026-09-16/omp/packages/coding-agent/src/session/compaction-methods.ts,sources/harness-snapshots/2026-09-16/omp/packages/coding-agent/src/session/compaction-methods.ts,false,4575,4575,94ee1a9dcefae6dab6b7b65711ac56a6b79adda5fbfc6232c19dd8f05203d4e1,94ee1a9dcefae6dab6b7b65711ac56a6b79adda5fbfc6232c19dd8f05203d4e1,none
tmp/context-management-2026-09-16/omp/packages/coding-agent/src/session/context-notes.ts,sources/harness-snapshots/2026-09-16/omp/packages/coding-agent/src/session/context-notes.ts,false,2234,2234,b7ebdf5201181a8f63a992adcd805472ce96bd61a9a77d81ba2fb2291c450d48,b7ebdf5201181a8f63a992adcd805472ce96bd61a9a77d81ba2fb2291c450d48,none
tmp/context-management-2026-09-16/omp/packages/coding-agent/src/session/session-maintenance.ts,sources/harness-snapshots/2026-09-16/omp/packages/coding-agent/src/session/session-maintenance.ts,false,231445,231445,fcc219605bc166ecfc71c7290e18f7e10efe501b0eb221680c0eead455969bbc,fcc219605bc166ecfc71c7290e18f7e10efe501b0eb221680c0eead455969bbc,none
tmp/context-management-2026-09-16/omp/packages/coding-agent/src/session/streaming-output.ts,sources/harness-snapshots/2026-09-16/omp/packages/coding-agent/src/session/streaming-output.ts,false,58314,58314,1371a5ce9847edc5b25028ecf604719afac42d4eef9a4f1b337728b0e16c63b3,1371a5ce9847edc5b25028ecf604719afac42d4eef9a4f1b337728b0e16c63b3,none
tmp/context-management-2026-09-16/omp/packages/coding-agent/src/tools/output-meta.ts,sources/harness-snapshots/2026-09-16/omp/packages/coding-agent/src/tools/output-meta.ts,false,36597,36597,464d584a492abb3c256a549fe0b4780e558f838bdf602965dd76c38dbd941190,464d584a492abb3c256a549fe0b4780e558f838bdf602965dd76c38dbd941190,none
tmp/context-management-2026-09-16/omp/packages/coding-agent/src/tools/terminal-output.ts,sources/harness-snapshots/2026-09-16/omp/packages/coding-agent/src/tools/terminal-output.ts,false,4570,4570,d1b38aed9570bf6140ecdf2f92abdb88db03449bff9c20d6e9c5f5f8c9480769,d1b38aed9570bf6140ecdf2f92abdb88db03449bff9c20d6e9c5f5f8c9480769,none
tmp/context-management-2026-09-16/omp/packages/snapcompact/README.md,sources/harness-snapshots/2026-09-16/omp/packages/snapcompact/README.md,false,4344,4344,c52a0390b17fac50c14e80c0a19631af7411881fb8964da23af3036a6df026e3,c52a0390b17fac50c14e80c0a19631af7411881fb8964da23af3036a6df026e3,none
tmp/context-management-2026-09-16/pi-tree.json,sources/harness-snapshots/2026-09-16/pi-tree.json,false,618404,618404,4f6ff67bbf5d757b0b5f519c95a7ecd29416d9c3686e50e71f6b5ebf78c8e8f2,4f6ff67bbf5d757b0b5f519c95a7ecd29416d9c3686e50e71f6b5ebf78c8e8f2,none
tmp/context-management-2026-09-16/pi/packages/agent/src/harness/compaction/branch-summarization.ts,sources/harness-snapshots/2026-09-16/pi/packages/agent/src/harness/compaction/branch-summarization.ts,false,9837,9837,44afce5c1e217f67df46dd5caeccf861610b3405bc9ca21a1858ebe844542fe4,44afce5c1e217f67df46dd5caeccf861610b3405bc9ca21a1858ebe844542fe4,none
tmp/context-management-2026-09-16/pi/packages/agent/src/harness/compaction/compaction.ts,sources/harness-snapshots/2026-09-16/pi/packages/agent/src/harness/compaction/compaction.ts,false,28275,28275,a3389f21c7060591d405a38373aca4d15c9a2af915e355955ed2afd091bea3e6,a3389f21c7060591d405a38373aca4d15c9a2af915e355955ed2afd091bea3e6,none
tmp/context-management-2026-09-16/pi/packages/agent/src/harness/compaction/utils.ts,sources/harness-snapshots/2026-09-16/pi/packages/agent/src/harness/compaction/utils.ts,false,4444,4444,e5d5db82b28dace6ff360a775bd06ba4056e3c8dd3390bd7ef5492c5bcbc0dfd,e5d5db82b28dace6ff360a775bd06ba4056e3c8dd3390bd7ef5492c5bcbc0dfd,none
tmp/context-management-2026-09-16/pi/packages/agent/src/harness/utils/truncate.ts,sources/harness-snapshots/2026-09-16/pi/packages/agent/src/harness/utils/truncate.ts,false,10092,10092,deb8d175d0bef16cbcb0c0c5fd903316177678e35cae479ec746860ae9cc0c2c,deb8d175d0bef16cbcb0c0c5fd903316177678e35cae479ec746860ae9cc0c2c,none
tmp/context-management-2026-09-16/pi/packages/coding-agent/docs/compaction.md,sources/harness-snapshots/2026-09-16/pi/packages/coding-agent/docs/compaction.md,false,21630,21630,0d91e8a199ad02b65ad20e2c3d36e388fc5e31ad0b1bea33d0a59658e651338b,0d91e8a199ad02b65ad20e2c3d36e388fc5e31ad0b1bea33d0a59658e651338b,none
tmp/context-management-2026-09-16/pi/packages/coding-agent/examples/extensions/custom-compaction.ts,sources/harness-snapshots/2026-09-16/pi/packages/coding-agent/examples/extensions/custom-compaction.ts,false,4088,4088,64f076f37b847a1277c5362704ccbc6e745ff3322ff4b7608f6d6d326972ce34,64f076f37b847a1277c5362704ccbc6e745ff3322ff4b7608f6d6d326972ce34,none
tmp/context-management-2026-09-16/pi/packages/coding-agent/src/core/agent-session.ts,sources/harness-snapshots/2026-09-16/pi/packages/coding-agent/src/core/agent-session.ts,false,127047,127047,500a1d1bac5df41b904753c2c1fedb9a23d993f627445351d227b4db62a3e273,500a1d1bac5df41b904753c2c1fedb9a23d993f627445351d227b4db62a3e273,none
tmp/context-management-2026-09-16/pi/packages/coding-agent/src/core/compaction/branch-summarization.ts,sources/harness-snapshots/2026-09-16/pi/packages/coding-agent/src/core/compaction/branch-summarization.ts,false,13096,13096,ccf6a3ecc3729e0921134ca24bb901110ae0e511e043481502c6da96f89808b4,ccf6a3ecc3729e0921134ca24bb901110ae0e511e043481502c6da96f89808b4,none
tmp/context-management-2026-09-16/pi/packages/coding-agent/src/core/compaction/compaction.ts,sources/harness-snapshots/2026-09-16/pi/packages/coding-agent/src/core/compaction/compaction.ts,false,31996,31996,dbf61f3c9bd4a8e7708c3f5fe6d054342a2295a145429c7917911dcd1f3d98b1,dbf61f3c9bd4a8e7708c3f5fe6d054342a2295a145429c7917911dcd1f3d98b1,none
tmp/context-management-2026-09-16/pi/packages/coding-agent/src/core/compaction/index.ts,sources/harness-snapshots/2026-09-16/pi/packages/coding-agent/src/core/compaction/index.ts,false,163,163,bdc2566b0fde90e7d9c5a02ee4857806af780ed336cb51d7e022a7196d2762bd,bdc2566b0fde90e7d9c5a02ee4857806af780ed336cb51d7e022a7196d2762bd,none
tmp/context-management-2026-09-16/pi/packages/coding-agent/src/core/compaction/utils.ts,sources/harness-snapshots/2026-09-16/pi/packages/coding-agent/src/core/compaction/utils.ts,false,5591,5591,1c10d8f7426a477c67ff74505a28c4e2da508a03bf67b383374e69602d552597,1c10d8f7426a477c67ff74505a28c4e2da508a03bf67b383374e69602d552597,none
tmp/context-management-2026-09-16/pi/packages/coding-agent/src/core/settings-manager.ts,sources/harness-snapshots/2026-09-16/pi/packages/coding-agent/src/core/settings-manager.ts,false,47599,47599,dadcbafc476c0f6e1df7f6376be393a585566d36faa5845faf2774517655d3de,dadcbafc476c0f6e1df7f6376be393a585566d36faa5845faf2774517655d3de,none
tmp/context-management-2026-09-16/pi/packages/coding-agent/src/core/tools/bash.ts,sources/harness-snapshots/2026-09-16/pi/packages/coding-agent/src/core/tools/bash.ts,false,14065,14065,7ca0745a79436c76a6b977b39345b35e1658edb2b00abe36f88b0e1c78b23be2,7ca0745a79436c76a6b977b39345b35e1658edb2b00abe36f88b0e1c78b23be2,none
tmp/context-management-2026-09-16/pi/packages/coding-agent/src/core/tools/grep.ts,sources/harness-snapshots/2026-09-16/pi/packages/coding-agent/src/core/tools/grep.ts,false,11873,11873,deec87f520dc5824b094d13a25798f9eccc9322310f6ec84d0a20634355f3be5,deec87f520dc5824b094d13a25798f9eccc9322310f6ec84d0a20634355f3be5,none
tmp/context-management-2026-09-16/pi/packages/coding-agent/src/core/tools/read.ts,sources/harness-snapshots/2026-09-16/pi/packages/coding-agent/src/core/tools/read.ts,false,9353,9353,a146560948f4d3cd80f541595fdfe166a08cea98b79a3047419b162a2cc7f72a,a146560948f4d3cd80f541595fdfe166a08cea98b79a3047419b162a2cc7f72a,none
tmp/context-management-2026-09-16/pi/packages/coding-agent/src/core/tools/truncate.ts,sources/harness-snapshots/2026-09-16/pi/packages/coding-agent/src/core/tools/truncate.ts,false,7969,7969,a64b313039f3cfbf91153fed1bceac6b3bf7e68595dd66c9fd600b5166869603,a64b313039f3cfbf91153fed1bceac6b3bf7e68595dd66c9fd600b5166869603,none
