scenario,route_index,fixture_sha256,policy,success,failure,cost_units,incremental_cost_units,probe_attempted,recovery_attempted,peak_records,peak_serialized_bytes
cheap_recovery,0,53bc16969bd87802644f3d75fa6c6a2751762911a30d9a153fb0f34648bf1920,reference_retain,True,,10,0,False,False,2,145
cheap_recovery,1,58ab4640631b856ec80701ac07f7b9c8a7543a3f5e17ec68db2fcb29216448e5,reference_retain,True,,10,0,False,False,2,145
cheap_recovery,2,f302ccd1c0f4478c44a1cae82e385fd79a8adbe58fe5f990e71f00c336c3e7cf,reference_retain,True,,10,0,False,False,2,145
cheap_recovery,3,7b6427b433685bc39e8274e4ac66afb104a0628654e557f23e530e8de19ac9c9,reference_retain,False,missing_receipt,10,0,False,False,2,145
cheap_recovery,4,579b055114c4b79ae4e53979fd23bb42d1ad0c21d3355d3a40224e649b48ba03,reference_retain,True,,10,0,False,False,2,145
cheap_recovery,5,8ca92094a49153a913b1d49b51fbfde086ecf85c6ac1cb862310f6556fd9f07a,reference_retain,False,missing_receipt,10,0,False,False,2,145
cheap_recovery,6,027ef294fe56825ef939200d2856bf2e63c6822df8dbddfce25bdfcd8cd320d4,reference_retain,True,,10,0,False,False,2,145
cheap_recovery,7,1176cb8757dbe390eb4e9f9b0d4b3a4bc72bfcc21515174494dbb37f77ff076a,reference_retain,False,missing_receipt,10,0,False,False,2,145
cheap_recovery,8,a72015f71d8ec20abdbe416b22ea36aa7cba7a4f8fff772aee802dda5b2e44c4,reference_retain,True,,10,0,False,False,2,145
cheap_recovery,9,be74e1465bf40840b26cae0150c7675c6344d25641ff2eb53517df6ae64abd87,reference_retain,False,missing_receipt,10,0,False,False,2,145
cheap_recovery,10,d2e546d213446bbc87568176c3499d29dda3a6f074a1703567ff5e2ee7a6a717,reference_retain,True,,10,0,False,False,2,145
cheap_recovery,11,67c30a85d7cf6ab72f6a623e5758ba9cf435fb1eb4c26c3cd2799da1ee4a81fb,reference_retain,False,missing_receipt,10,0,False,False,2,145
cheap_recovery,12,39147bff34f0d3c1cd13bdece25401f0f17f90400b3989e377a0a6d3a47b03b3,reference_retain,True,,10,0,False,False,2,145
cheap_recovery,13,f716ecea8c9f07fac9f658a737c568b708ea546d9d8dae25d8110402af3b2b3a,reference_retain,False,missing_receipt,10,0,False,False,2,145
cheap_recovery,14,080430ef5d8c802a294c374c79de35b0e21f3d39bd7e1b9c76a73efaad4ee70c,reference_retain,True,,10,0,False,False,2,145
cheap_recovery,15,5f9f66e4484a529879e1fe0e1275becc769e5a33d3cc593290de0652165178f0,reference_retain,False,missing_receipt,10,0,False,False,2,145
cheap_recovery,16,3b11ce8e5dd2ba13b472f13714b26c8b10fc991b337507364bc75df6f9452c52,reference_retain,True,,10,0,False,False,2,145
cheap_recovery,17,94393d8d4a4e5797d1353d42f071ff290d955da043bd8c151e29017630253ce3,reference_retain,False,missing_receipt,10,0,False,False,2,145
cheap_recovery,18,1a1bfa5ce5e29d416458dfef817cb42fc2bc148746c5b76468ead5706ddf02da,reference_retain,False,missing_receipt,10,0,False,False,2,145
cheap_recovery,19,01b5fca4910fbc46464759604b9f8d7769e126548b9150d0bc96bb8a3416c6ba,reference_retain,False,missing_receipt,10,0,False,False,2,145
cheap_recovery,20,1b2eaaa2fbd051e79765e22cb8b3caa58c43c89d4e4f17a138baea4cbeb9d57f,reference_retain,False,missing_receipt,10,0,False,False,2,145
cheap_recovery,21,d790098292e151e7ecaa5fc46e99328cf874bfee4805cbba0b4f5c92ec05b97d,reference_retain,False,missing_receipt,10,0,False,False,2,145
cheap_recovery,22,af51265cf5a9c4a8a27d775e10dd47521a6075853e4cb9c27925091e91efaa83,reference_retain,False,missing_receipt,10,0,False,False,2,145
cheap_recovery,23,cd494e51f8c1c5ec95d00a96eb678c71d78817a3bdfae0ede17904b165df2af3,reference_retain,False,missing_receipt,10,0,False,False,2,145
cheap_recovery,24,f1fe4cd277830eb5f8201947e2273ef8926bdb86a043f19092a9e78ee97b822a,reference_retain,False,missing_receipt,10,0,False,False,2,145
cheap_recovery,25,c33fe8fc52705388da96b638bb0d2cc4a2421e3d6679392e68672e0c865e91e6,reference_retain,False,missing_receipt,10,0,False,False,2,145
cheap_recovery,26,02583220c17c025b019f41ac18293d3746ee4150d1876a1e1b435051346e95b5,reference_retain,False,missing_receipt,10,0,False,False,2,145
cheap_recovery,27,0ca77e8acd30b15149549345c3df22bd70637a1e13f15b18c859c2a516827bad,reference_retain,False,missing_receipt,10,0,False,False,2,145
cheap_recovery,28,7f0a70a5f46364034c54b66367a40d00224e08cd9dee6c675a01df5e8f44b5f9,reference_retain,False,missing_receipt,10,0,False,False,2,145
cheap_recovery,29,64bf382d0e02e2e8fb4d9829feefee10c607972c3c6daecd14e5403ca50d3b5f,reference_retain,False,missing_receipt,10,0,False,False,2,145
cheap_recovery,0,53bc16969bd87802644f3d75fa6c6a2751762911a30d9a153fb0f34648bf1920,reference_retain_recover,True,,10,0,False,False,2,145
cheap_recovery,1,58ab4640631b856ec80701ac07f7b9c8a7543a3f5e17ec68db2fcb29216448e5,reference_retain_recover,True,,10,0,False,False,2,145
cheap_recovery,2,f302ccd1c0f4478c44a1cae82e385fd79a8adbe58fe5f990e71f00c336c3e7cf,reference_retain_recover,True,,10,0,False,False,2,145
cheap_recovery,3,7b6427b433685bc39e8274e4ac66afb104a0628654e557f23e530e8de19ac9c9,reference_retain_recover,True,,11,1,False,True,2,145
cheap_recovery,4,579b055114c4b79ae4e53979fd23bb42d1ad0c21d3355d3a40224e649b48ba03,reference_retain_recover,True,,10,0,False,False,2,145
cheap_recovery,5,8ca92094a49153a913b1d49b51fbfde086ecf85c6ac1cb862310f6556fd9f07a,reference_retain_recover,True,,11,1,False,True,2,145
cheap_recovery,6,027ef294fe56825ef939200d2856bf2e63c6822df8dbddfce25bdfcd8cd320d4,reference_retain_recover,True,,10,0,False,False,2,145
cheap_recovery,7,1176cb8757dbe390eb4e9f9b0d4b3a4bc72bfcc21515174494dbb37f77ff076a,reference_retain_recover,True,,11,1,False,True,2,145
cheap_recovery,8,a72015f71d8ec20abdbe416b22ea36aa7cba7a4f8fff772aee802dda5b2e44c4,reference_retain_recover,True,,10,0,False,False,2,145
cheap_recovery,9,be74e1465bf40840b26cae0150c7675c6344d25641ff2eb53517df6ae64abd87,reference_retain_recover,True,,11,1,False,True,2,145
cheap_recovery,10,d2e546d213446bbc87568176c3499d29dda3a6f074a1703567ff5e2ee7a6a717,reference_retain_recover,True,,10,0,False,False,2,145
cheap_recovery,11,67c30a85d7cf6ab72f6a623e5758ba9cf435fb1eb4c26c3cd2799da1ee4a81fb,reference_retain_recover,True,,11,1,False,True,2,145
cheap_recovery,12,39147bff34f0d3c1cd13bdece25401f0f17f90400b3989e377a0a6d3a47b03b3,reference_retain_recover,True,,10,0,False,False,2,145
cheap_recovery,13,f716ecea8c9f07fac9f658a737c568b708ea546d9d8dae25d8110402af3b2b3a,reference_retain_recover,True,,11,1,False,True,2,145
cheap_recovery,14,080430ef5d8c802a294c374c79de35b0e21f3d39bd7e1b9c76a73efaad4ee70c,reference_retain_recover,True,,10,0,False,False,2,145
cheap_recovery,15,5f9f66e4484a529879e1fe0e1275becc769e5a33d3cc593290de0652165178f0,reference_retain_recover,True,,11,1,False,True,2,145
cheap_recovery,16,3b11ce8e5dd2ba13b472f13714b26c8b10fc991b337507364bc75df6f9452c52,reference_retain_recover,True,,10,0,False,False,2,145
cheap_recovery,17,94393d8d4a4e5797d1353d42f071ff290d955da043bd8c151e29017630253ce3,reference_retain_recover,True,,11,1,False,True,2,145
cheap_recovery,18,1a1bfa5ce5e29d416458dfef817cb42fc2bc148746c5b76468ead5706ddf02da,reference_retain_recover,True,,11,1,False,True,2,145
cheap_recovery,19,01b5fca4910fbc46464759604b9f8d7769e126548b9150d0bc96bb8a3416c6ba,reference_retain_recover,True,,11,1,False,True,2,145
cheap_recovery,20,1b2eaaa2fbd051e79765e22cb8b3caa58c43c89d4e4f17a138baea4cbeb9d57f,reference_retain_recover,True,,11,1,False,True,2,145
cheap_recovery,21,d790098292e151e7ecaa5fc46e99328cf874bfee4805cbba0b4f5c92ec05b97d,reference_retain_recover,True,,11,1,False,True,2,145
cheap_recovery,22,af51265cf5a9c4a8a27d775e10dd47521a6075853e4cb9c27925091e91efaa83,reference_retain_recover,True,,11,1,False,True,2,145
cheap_recovery,23,cd494e51f8c1c5ec95d00a96eb678c71d78817a3bdfae0ede17904b165df2af3,reference_retain_recover,True,,11,1,False,True,2,145
cheap_recovery,24,f1fe4cd277830eb5f8201947e2273ef8926bdb86a043f19092a9e78ee97b822a,reference_retain_recover,True,,11,1,False,True,2,145
cheap_recovery,25,c33fe8fc52705388da96b638bb0d2cc4a2421e3d6679392e68672e0c865e91e6,reference_retain_recover,True,,11,1,False,True,2,145
cheap_recovery,26,02583220c17c025b019f41ac18293d3746ee4150d1876a1e1b435051346e95b5,reference_retain_recover,True,,11,1,False,True,2,145
cheap_recovery,27,0ca77e8acd30b15149549345c3df22bd70637a1e13f15b18c859c2a516827bad,reference_retain_recover,True,,11,1,False,True,2,145
cheap_recovery,28,7f0a70a5f46364034c54b66367a40d00224e08cd9dee6c675a01df5e8f44b5f9,reference_retain_recover,True,,11,1,False,True,2,145
cheap_recovery,29,64bf382d0e02e2e8fb4d9829feefee10c607972c3c6daecd14e5403ca50d3b5f,reference_retain_recover,True,,11,1,False,True,2,145
cheap_recovery,0,53bc16969bd87802644f3d75fa6c6a2751762911a30d9a153fb0f34648bf1920,reference_inspect,True,,11,1,True,False,2,145
cheap_recovery,1,58ab4640631b856ec80701ac07f7b9c8a7543a3f5e17ec68db2fcb29216448e5,reference_inspect,True,,11,1,True,False,2,145
cheap_recovery,2,f302ccd1c0f4478c44a1cae82e385fd79a8adbe58fe5f990e71f00c336c3e7cf,reference_inspect,True,,11,1,True,False,2,145
cheap_recovery,3,7b6427b433685bc39e8274e4ac66afb104a0628654e557f23e530e8de19ac9c9,reference_inspect,True,,11,1,True,False,2,145
cheap_recovery,4,579b055114c4b79ae4e53979fd23bb42d1ad0c21d3355d3a40224e649b48ba03,reference_inspect,True,,11,1,True,False,2,145
cheap_recovery,5,8ca92094a49153a913b1d49b51fbfde086ecf85c6ac1cb862310f6556fd9f07a,reference_inspect,True,,11,1,True,False,2,145
cheap_recovery,6,027ef294fe56825ef939200d2856bf2e63c6822df8dbddfce25bdfcd8cd320d4,reference_inspect,True,,11,1,True,False,2,145
cheap_recovery,7,1176cb8757dbe390eb4e9f9b0d4b3a4bc72bfcc21515174494dbb37f77ff076a,reference_inspect,True,,11,1,True,False,2,145
cheap_recovery,8,a72015f71d8ec20abdbe416b22ea36aa7cba7a4f8fff772aee802dda5b2e44c4,reference_inspect,True,,11,1,True,False,2,145
cheap_recovery,9,be74e1465bf40840b26cae0150c7675c6344d25641ff2eb53517df6ae64abd87,reference_inspect,True,,11,1,True,False,2,145
cheap_recovery,10,d2e546d213446bbc87568176c3499d29dda3a6f074a1703567ff5e2ee7a6a717,reference_inspect,True,,11,1,True,False,2,145
cheap_recovery,11,67c30a85d7cf6ab72f6a623e5758ba9cf435fb1eb4c26c3cd2799da1ee4a81fb,reference_inspect,True,,11,1,True,False,2,145
cheap_recovery,12,39147bff34f0d3c1cd13bdece25401f0f17f90400b3989e377a0a6d3a47b03b3,reference_inspect,True,,11,1,True,False,2,145
cheap_recovery,13,f716ecea8c9f07fac9f658a737c568b708ea546d9d8dae25d8110402af3b2b3a,reference_inspect,True,,11,1,True,False,2,145
cheap_recovery,14,080430ef5d8c802a294c374c79de35b0e21f3d39bd7e1b9c76a73efaad4ee70c,reference_inspect,True,,11,1,True,False,2,145
cheap_recovery,15,5f9f66e4484a529879e1fe0e1275becc769e5a33d3cc593290de0652165178f0,reference_inspect,True,,11,1,True,False,2,145
cheap_recovery,16,3b11ce8e5dd2ba13b472f13714b26c8b10fc991b337507364bc75df6f9452c52,reference_inspect,True,,11,1,True,False,2,145
cheap_recovery,17,94393d8d4a4e5797d1353d42f071ff290d955da043bd8c151e29017630253ce3,reference_inspect,True,,11,1,True,False,2,145
cheap_recovery,18,1a1bfa5ce5e29d416458dfef817cb42fc2bc148746c5b76468ead5706ddf02da,reference_inspect,True,,11,1,True,False,2,145
cheap_recovery,19,01b5fca4910fbc46464759604b9f8d7769e126548b9150d0bc96bb8a3416c6ba,reference_inspect,True,,11,1,True,False,2,145
cheap_recovery,20,1b2eaaa2fbd051e79765e22cb8b3caa58c43c89d4e4f17a138baea4cbeb9d57f,reference_inspect,True,,11,1,True,False,2,145
cheap_recovery,21,d790098292e151e7ecaa5fc46e99328cf874bfee4805cbba0b4f5c92ec05b97d,reference_inspect,True,,11,1,True,False,2,145
cheap_recovery,22,af51265cf5a9c4a8a27d775e10dd47521a6075853e4cb9c27925091e91efaa83,reference_inspect,True,,11,1,True,False,2,145
cheap_recovery,23,cd494e51f8c1c5ec95d00a96eb678c71d78817a3bdfae0ede17904b165df2af3,reference_inspect,True,,11,1,True,False,2,145
cheap_recovery,24,f1fe4cd277830eb5f8201947e2273ef8926bdb86a043f19092a9e78ee97b822a,reference_inspect,True,,11,1,True,False,2,145
cheap_recovery,25,c33fe8fc52705388da96b638bb0d2cc4a2421e3d6679392e68672e0c865e91e6,reference_inspect,True,,11,1,True,False,2,145
cheap_recovery,26,02583220c17c025b019f41ac18293d3746ee4150d1876a1e1b435051346e95b5,reference_inspect,True,,11,1,True,False,2,145
cheap_recovery,27,0ca77e8acd30b15149549345c3df22bd70637a1e13f15b18c859c2a516827bad,reference_inspect,True,,11,1,True,False,2,145
cheap_recovery,28,7f0a70a5f46364034c54b66367a40d00224e08cd9dee6c675a01df5e8f44b5f9,reference_inspect,True,,11,1,True,False,2,145
cheap_recovery,29,64bf382d0e02e2e8fb4d9829feefee10c607972c3c6daecd14e5403ca50d3b5f,reference_inspect,True,,11,1,True,False,2,145
cheap_recovery,0,53bc16969bd87802644f3d75fa6c6a2751762911a30d9a153fb0f34648bf1920,reference_inspect_recover,True,,11,1,True,False,2,145
cheap_recovery,1,58ab4640631b856ec80701ac07f7b9c8a7543a3f5e17ec68db2fcb29216448e5,reference_inspect_recover,True,,11,1,True,False,2,145
cheap_recovery,2,f302ccd1c0f4478c44a1cae82e385fd79a8adbe58fe5f990e71f00c336c3e7cf,reference_inspect_recover,True,,11,1,True,False,2,145
cheap_recovery,3,7b6427b433685bc39e8274e4ac66afb104a0628654e557f23e530e8de19ac9c9,reference_inspect_recover,True,,11,1,True,False,2,145
cheap_recovery,4,579b055114c4b79ae4e53979fd23bb42d1ad0c21d3355d3a40224e649b48ba03,reference_inspect_recover,True,,11,1,True,False,2,145
cheap_recovery,5,8ca92094a49153a913b1d49b51fbfde086ecf85c6ac1cb862310f6556fd9f07a,reference_inspect_recover,True,,11,1,True,False,2,145
cheap_recovery,6,027ef294fe56825ef939200d2856bf2e63c6822df8dbddfce25bdfcd8cd320d4,reference_inspect_recover,True,,11,1,True,False,2,145
cheap_recovery,7,1176cb8757dbe390eb4e9f9b0d4b3a4bc72bfcc21515174494dbb37f77ff076a,reference_inspect_recover,True,,11,1,True,False,2,145
cheap_recovery,8,a72015f71d8ec20abdbe416b22ea36aa7cba7a4f8fff772aee802dda5b2e44c4,reference_inspect_recover,True,,11,1,True,False,2,145
cheap_recovery,9,be74e1465bf40840b26cae0150c7675c6344d25641ff2eb53517df6ae64abd87,reference_inspect_recover,True,,11,1,True,False,2,145
cheap_recovery,10,d2e546d213446bbc87568176c3499d29dda3a6f074a1703567ff5e2ee7a6a717,reference_inspect_recover,True,,11,1,True,False,2,145
cheap_recovery,11,67c30a85d7cf6ab72f6a623e5758ba9cf435fb1eb4c26c3cd2799da1ee4a81fb,reference_inspect_recover,True,,11,1,True,False,2,145
cheap_recovery,12,39147bff34f0d3c1cd13bdece25401f0f17f90400b3989e377a0a6d3a47b03b3,reference_inspect_recover,True,,11,1,True,False,2,145
cheap_recovery,13,f716ecea8c9f07fac9f658a737c568b708ea546d9d8dae25d8110402af3b2b3a,reference_inspect_recover,True,,11,1,True,False,2,145
cheap_recovery,14,080430ef5d8c802a294c374c79de35b0e21f3d39bd7e1b9c76a73efaad4ee70c,reference_inspect_recover,True,,11,1,True,False,2,145
cheap_recovery,15,5f9f66e4484a529879e1fe0e1275becc769e5a33d3cc593290de0652165178f0,reference_inspect_recover,True,,11,1,True,False,2,145
cheap_recovery,16,3b11ce8e5dd2ba13b472f13714b26c8b10fc991b337507364bc75df6f9452c52,reference_inspect_recover,True,,11,1,True,False,2,145
cheap_recovery,17,94393d8d4a4e5797d1353d42f071ff290d955da043bd8c151e29017630253ce3,reference_inspect_recover,True,,11,1,True,False,2,145
cheap_recovery,18,1a1bfa5ce5e29d416458dfef817cb42fc2bc148746c5b76468ead5706ddf02da,reference_inspect_recover,True,,11,1,True,False,2,145
cheap_recovery,19,01b5fca4910fbc46464759604b9f8d7769e126548b9150d0bc96bb8a3416c6ba,reference_inspect_recover,True,,11,1,True,False,2,145
cheap_recovery,20,1b2eaaa2fbd051e79765e22cb8b3caa58c43c89d4e4f17a138baea4cbeb9d57f,reference_inspect_recover,True,,11,1,True,False,2,145
cheap_recovery,21,d790098292e151e7ecaa5fc46e99328cf874bfee4805cbba0b4f5c92ec05b97d,reference_inspect_recover,True,,11,1,True,False,2,145
cheap_recovery,22,af51265cf5a9c4a8a27d775e10dd47521a6075853e4cb9c27925091e91efaa83,reference_inspect_recover,True,,11,1,True,False,2,145
cheap_recovery,23,cd494e51f8c1c5ec95d00a96eb678c71d78817a3bdfae0ede17904b165df2af3,reference_inspect_recover,True,,11,1,True,False,2,145
cheap_recovery,24,f1fe4cd277830eb5f8201947e2273ef8926bdb86a043f19092a9e78ee97b822a,reference_inspect_recover,True,,11,1,True,False,2,145
cheap_recovery,25,c33fe8fc52705388da96b638bb0d2cc4a2421e3d6679392e68672e0c865e91e6,reference_inspect_recover,True,,11,1,True,False,2,145
cheap_recovery,26,02583220c17c025b019f41ac18293d3746ee4150d1876a1e1b435051346e95b5,reference_inspect_recover,True,,11,1,True,False,2,145
cheap_recovery,27,0ca77e8acd30b15149549345c3df22bd70637a1e13f15b18c859c2a516827bad,reference_inspect_recover,True,,11,1,True,False,2,145
cheap_recovery,28,7f0a70a5f46364034c54b66367a40d00224e08cd9dee6c675a01df5e8f44b5f9,reference_inspect_recover,True,,11,1,True,False,2,145
cheap_recovery,29,64bf382d0e02e2e8fb4d9829feefee10c607972c3c6daecd14e5403ca50d3b5f,reference_inspect_recover,True,,11,1,True,False,2,145
cheap_recovery,0,53bc16969bd87802644f3d75fa6c6a2751762911a30d9a153fb0f34648bf1920,recent_never,False,missing_receipt,10,0,False,False,2,145
cheap_recovery,1,58ab4640631b856ec80701ac07f7b9c8a7543a3f5e17ec68db2fcb29216448e5,recent_never,False,missing_receipt,10,0,False,False,2,145
cheap_recovery,2,f302ccd1c0f4478c44a1cae82e385fd79a8adbe58fe5f990e71f00c336c3e7cf,recent_never,False,missing_receipt,10,0,False,False,2,145
cheap_recovery,3,7b6427b433685bc39e8274e4ac66afb104a0628654e557f23e530e8de19ac9c9,recent_never,False,missing_receipt,10,0,False,False,2,145
cheap_recovery,4,579b055114c4b79ae4e53979fd23bb42d1ad0c21d3355d3a40224e649b48ba03,recent_never,False,missing_receipt,10,0,False,False,2,145
cheap_recovery,5,8ca92094a49153a913b1d49b51fbfde086ecf85c6ac1cb862310f6556fd9f07a,recent_never,False,missing_receipt,10,0,False,False,2,145
cheap_recovery,6,027ef294fe56825ef939200d2856bf2e63c6822df8dbddfce25bdfcd8cd320d4,recent_never,False,missing_receipt,10,0,False,False,2,145
cheap_recovery,7,1176cb8757dbe390eb4e9f9b0d4b3a4bc72bfcc21515174494dbb37f77ff076a,recent_never,True,,10,0,False,False,2,145
cheap_recovery,8,a72015f71d8ec20abdbe416b22ea36aa7cba7a4f8fff772aee802dda5b2e44c4,recent_never,False,missing_receipt,10,0,False,False,2,145
cheap_recovery,9,be74e1465bf40840b26cae0150c7675c6344d25641ff2eb53517df6ae64abd87,recent_never,True,,10,0,False,False,2,145
cheap_recovery,10,d2e546d213446bbc87568176c3499d29dda3a6f074a1703567ff5e2ee7a6a717,recent_never,False,missing_receipt,10,0,False,False,2,145
cheap_recovery,11,67c30a85d7cf6ab72f6a623e5758ba9cf435fb1eb4c26c3cd2799da1ee4a81fb,recent_never,False,missing_receipt,10,0,False,False,2,145
cheap_recovery,12,39147bff34f0d3c1cd13bdece25401f0f17f90400b3989e377a0a6d3a47b03b3,recent_never,False,missing_receipt,10,0,False,False,2,145
cheap_recovery,13,f716ecea8c9f07fac9f658a737c568b708ea546d9d8dae25d8110402af3b2b3a,recent_never,False,missing_receipt,10,0,False,False,2,145
cheap_recovery,14,080430ef5d8c802a294c374c79de35b0e21f3d39bd7e1b9c76a73efaad4ee70c,recent_never,False,missing_receipt,10,0,False,False,2,145
cheap_recovery,15,5f9f66e4484a529879e1fe0e1275becc769e5a33d3cc593290de0652165178f0,recent_never,True,,10,0,False,False,2,145
cheap_recovery,16,3b11ce8e5dd2ba13b472f13714b26c8b10fc991b337507364bc75df6f9452c52,recent_never,False,missing_receipt,10,0,False,False,2,145
cheap_recovery,17,94393d8d4a4e5797d1353d42f071ff290d955da043bd8c151e29017630253ce3,recent_never,True,,10,0,False,False,2,145
cheap_recovery,18,1a1bfa5ce5e29d416458dfef817cb42fc2bc148746c5b76468ead5706ddf02da,recent_never,False,missing_receipt,10,0,False,False,2,145
cheap_recovery,19,01b5fca4910fbc46464759604b9f8d7769e126548b9150d0bc96bb8a3416c6ba,recent_never,False,missing_receipt,10,0,False,False,2,145
cheap_recovery,20,1b2eaaa2fbd051e79765e22cb8b3caa58c43c89d4e4f17a138baea4cbeb9d57f,recent_never,False,missing_receipt,10,0,False,False,2,145
cheap_recovery,21,d790098292e151e7ecaa5fc46e99328cf874bfee4805cbba0b4f5c92ec05b97d,recent_never,True,,10,0,False,False,2,145
cheap_recovery,22,af51265cf5a9c4a8a27d775e10dd47521a6075853e4cb9c27925091e91efaa83,recent_never,False,missing_receipt,10,0,False,False,2,145
cheap_recovery,23,cd494e51f8c1c5ec95d00a96eb678c71d78817a3bdfae0ede17904b165df2af3,recent_never,True,,10,0,False,False,2,145
cheap_recovery,24,f1fe4cd277830eb5f8201947e2273ef8926bdb86a043f19092a9e78ee97b822a,recent_never,False,missing_receipt,10,0,False,False,2,145
cheap_recovery,25,c33fe8fc52705388da96b638bb0d2cc4a2421e3d6679392e68672e0c865e91e6,recent_never,True,,10,0,False,False,2,145
cheap_recovery,26,02583220c17c025b019f41ac18293d3746ee4150d1876a1e1b435051346e95b5,recent_never,False,missing_receipt,10,0,False,False,2,145
cheap_recovery,27,0ca77e8acd30b15149549345c3df22bd70637a1e13f15b18c859c2a516827bad,recent_never,True,,10,0,False,False,2,145
cheap_recovery,28,7f0a70a5f46364034c54b66367a40d00224e08cd9dee6c675a01df5e8f44b5f9,recent_never,True,,10,0,False,False,2,145
cheap_recovery,29,64bf382d0e02e2e8fb4d9829feefee10c607972c3c6daecd14e5403ca50d3b5f,recent_never,True,,10,0,False,False,2,145
cheap_recovery,0,53bc16969bd87802644f3d75fa6c6a2751762911a30d9a153fb0f34648bf1920,structured_never,False,missing_receipt,10,0,False,False,2,145
cheap_recovery,1,58ab4640631b856ec80701ac07f7b9c8a7543a3f5e17ec68db2fcb29216448e5,structured_never,False,missing_receipt,10,0,False,False,2,145
cheap_recovery,2,f302ccd1c0f4478c44a1cae82e385fd79a8adbe58fe5f990e71f00c336c3e7cf,structured_never,False,missing_receipt,10,0,False,False,2,145
cheap_recovery,3,7b6427b433685bc39e8274e4ac66afb104a0628654e557f23e530e8de19ac9c9,structured_never,False,missing_receipt,10,0,False,False,2,145
cheap_recovery,4,579b055114c4b79ae4e53979fd23bb42d1ad0c21d3355d3a40224e649b48ba03,structured_never,False,missing_receipt,10,0,False,False,2,145
cheap_recovery,5,8ca92094a49153a913b1d49b51fbfde086ecf85c6ac1cb862310f6556fd9f07a,structured_never,False,missing_receipt,10,0,False,False,2,145
cheap_recovery,6,027ef294fe56825ef939200d2856bf2e63c6822df8dbddfce25bdfcd8cd320d4,structured_never,False,missing_receipt,10,0,False,False,2,145
cheap_recovery,7,1176cb8757dbe390eb4e9f9b0d4b3a4bc72bfcc21515174494dbb37f77ff076a,structured_never,True,,10,0,False,False,2,145
cheap_recovery,8,a72015f71d8ec20abdbe416b22ea36aa7cba7a4f8fff772aee802dda5b2e44c4,structured_never,False,missing_receipt,10,0,False,False,2,145
cheap_recovery,9,be74e1465bf40840b26cae0150c7675c6344d25641ff2eb53517df6ae64abd87,structured_never,True,,10,0,False,False,2,145
cheap_recovery,10,d2e546d213446bbc87568176c3499d29dda3a6f074a1703567ff5e2ee7a6a717,structured_never,False,missing_receipt,10,0,False,False,2,145
cheap_recovery,11,67c30a85d7cf6ab72f6a623e5758ba9cf435fb1eb4c26c3cd2799da1ee4a81fb,structured_never,False,missing_receipt,10,0,False,False,2,145
cheap_recovery,12,39147bff34f0d3c1cd13bdece25401f0f17f90400b3989e377a0a6d3a47b03b3,structured_never,False,missing_receipt,10,0,False,False,2,145
cheap_recovery,13,f716ecea8c9f07fac9f658a737c568b708ea546d9d8dae25d8110402af3b2b3a,structured_never,False,missing_receipt,10,0,False,False,2,145
cheap_recovery,14,080430ef5d8c802a294c374c79de35b0e21f3d39bd7e1b9c76a73efaad4ee70c,structured_never,False,missing_receipt,10,0,False,False,2,145
cheap_recovery,15,5f9f66e4484a529879e1fe0e1275becc769e5a33d3cc593290de0652165178f0,structured_never,True,,10,0,False,False,2,145
cheap_recovery,16,3b11ce8e5dd2ba13b472f13714b26c8b10fc991b337507364bc75df6f9452c52,structured_never,False,missing_receipt,10,0,False,False,2,145
cheap_recovery,17,94393d8d4a4e5797d1353d42f071ff290d955da043bd8c151e29017630253ce3,structured_never,True,,10,0,False,False,2,145
cheap_recovery,18,1a1bfa5ce5e29d416458dfef817cb42fc2bc148746c5b76468ead5706ddf02da,structured_never,False,missing_receipt,10,0,False,False,2,145
cheap_recovery,19,01b5fca4910fbc46464759604b9f8d7769e126548b9150d0bc96bb8a3416c6ba,structured_never,False,missing_receipt,10,0,False,False,2,145
cheap_recovery,20,1b2eaaa2fbd051e79765e22cb8b3caa58c43c89d4e4f17a138baea4cbeb9d57f,structured_never,False,missing_receipt,10,0,False,False,2,145
cheap_recovery,21,d790098292e151e7ecaa5fc46e99328cf874bfee4805cbba0b4f5c92ec05b97d,structured_never,True,,10,0,False,False,2,145
cheap_recovery,22,af51265cf5a9c4a8a27d775e10dd47521a6075853e4cb9c27925091e91efaa83,structured_never,False,missing_receipt,10,0,False,False,2,145
cheap_recovery,23,cd494e51f8c1c5ec95d00a96eb678c71d78817a3bdfae0ede17904b165df2af3,structured_never,True,,10,0,False,False,2,145
cheap_recovery,24,f1fe4cd277830eb5f8201947e2273ef8926bdb86a043f19092a9e78ee97b822a,structured_never,False,missing_receipt,10,0,False,False,2,145
cheap_recovery,25,c33fe8fc52705388da96b638bb0d2cc4a2421e3d6679392e68672e0c865e91e6,structured_never,True,,10,0,False,False,2,145
cheap_recovery,26,02583220c17c025b019f41ac18293d3746ee4150d1876a1e1b435051346e95b5,structured_never,False,missing_receipt,10,0,False,False,2,145
cheap_recovery,27,0ca77e8acd30b15149549345c3df22bd70637a1e13f15b18c859c2a516827bad,structured_never,True,,10,0,False,False,2,145
cheap_recovery,28,7f0a70a5f46364034c54b66367a40d00224e08cd9dee6c675a01df5e8f44b5f9,structured_never,True,,10,0,False,False,2,145
cheap_recovery,29,64bf382d0e02e2e8fb4d9829feefee10c607972c3c6daecd14e5403ca50d3b5f,structured_never,True,,10,0,False,False,2,145
cheap_recovery,0,53bc16969bd87802644f3d75fa6c6a2751762911a30d9a153fb0f34648bf1920,structured_always,True,,11,1,True,False,2,145
cheap_recovery,1,58ab4640631b856ec80701ac07f7b9c8a7543a3f5e17ec68db2fcb29216448e5,structured_always,True,,11,1,True,False,2,145
cheap_recovery,2,f302ccd1c0f4478c44a1cae82e385fd79a8adbe58fe5f990e71f00c336c3e7cf,structured_always,True,,11,1,True,False,2,145
cheap_recovery,3,7b6427b433685bc39e8274e4ac66afb104a0628654e557f23e530e8de19ac9c9,structured_always,True,,11,1,True,False,2,145
cheap_recovery,4,579b055114c4b79ae4e53979fd23bb42d1ad0c21d3355d3a40224e649b48ba03,structured_always,True,,11,1,True,False,2,145
cheap_recovery,5,8ca92094a49153a913b1d49b51fbfde086ecf85c6ac1cb862310f6556fd9f07a,structured_always,True,,11,1,True,False,2,145
cheap_recovery,6,027ef294fe56825ef939200d2856bf2e63c6822df8dbddfce25bdfcd8cd320d4,structured_always,True,,11,1,True,False,2,145
cheap_recovery,7,1176cb8757dbe390eb4e9f9b0d4b3a4bc72bfcc21515174494dbb37f77ff076a,structured_always,True,,11,1,True,False,2,145
cheap_recovery,8,a72015f71d8ec20abdbe416b22ea36aa7cba7a4f8fff772aee802dda5b2e44c4,structured_always,True,,11,1,True,False,2,145
cheap_recovery,9,be74e1465bf40840b26cae0150c7675c6344d25641ff2eb53517df6ae64abd87,structured_always,True,,11,1,True,False,2,145
cheap_recovery,10,d2e546d213446bbc87568176c3499d29dda3a6f074a1703567ff5e2ee7a6a717,structured_always,True,,11,1,True,False,2,145
cheap_recovery,11,67c30a85d7cf6ab72f6a623e5758ba9cf435fb1eb4c26c3cd2799da1ee4a81fb,structured_always,True,,11,1,True,False,2,145
cheap_recovery,12,39147bff34f0d3c1cd13bdece25401f0f17f90400b3989e377a0a6d3a47b03b3,structured_always,True,,11,1,True,False,2,145
cheap_recovery,13,f716ecea8c9f07fac9f658a737c568b708ea546d9d8dae25d8110402af3b2b3a,structured_always,True,,11,1,True,False,2,145
cheap_recovery,14,080430ef5d8c802a294c374c79de35b0e21f3d39bd7e1b9c76a73efaad4ee70c,structured_always,True,,11,1,True,False,2,145
cheap_recovery,15,5f9f66e4484a529879e1fe0e1275becc769e5a33d3cc593290de0652165178f0,structured_always,True,,11,1,True,False,2,145
cheap_recovery,16,3b11ce8e5dd2ba13b472f13714b26c8b10fc991b337507364bc75df6f9452c52,structured_always,True,,11,1,True,False,2,145
cheap_recovery,17,94393d8d4a4e5797d1353d42f071ff290d955da043bd8c151e29017630253ce3,structured_always,True,,11,1,True,False,2,145
cheap_recovery,18,1a1bfa5ce5e29d416458dfef817cb42fc2bc148746c5b76468ead5706ddf02da,structured_always,True,,11,1,True,False,2,145
cheap_recovery,19,01b5fca4910fbc46464759604b9f8d7769e126548b9150d0bc96bb8a3416c6ba,structured_always,True,,11,1,True,False,2,145
cheap_recovery,20,1b2eaaa2fbd051e79765e22cb8b3caa58c43c89d4e4f17a138baea4cbeb9d57f,structured_always,True,,11,1,True,False,2,145
cheap_recovery,21,d790098292e151e7ecaa5fc46e99328cf874bfee4805cbba0b4f5c92ec05b97d,structured_always,True,,11,1,True,False,2,145
cheap_recovery,22,af51265cf5a9c4a8a27d775e10dd47521a6075853e4cb9c27925091e91efaa83,structured_always,True,,11,1,True,False,2,145
cheap_recovery,23,cd494e51f8c1c5ec95d00a96eb678c71d78817a3bdfae0ede17904b165df2af3,structured_always,True,,11,1,True,False,2,145
cheap_recovery,24,f1fe4cd277830eb5f8201947e2273ef8926bdb86a043f19092a9e78ee97b822a,structured_always,True,,11,1,True,False,2,145
cheap_recovery,25,c33fe8fc52705388da96b638bb0d2cc4a2421e3d6679392e68672e0c865e91e6,structured_always,True,,11,1,True,False,2,145
cheap_recovery,26,02583220c17c025b019f41ac18293d3746ee4150d1876a1e1b435051346e95b5,structured_always,True,,11,1,True,False,2,145
cheap_recovery,27,0ca77e8acd30b15149549345c3df22bd70637a1e13f15b18c859c2a516827bad,structured_always,True,,11,1,True,False,2,145
cheap_recovery,28,7f0a70a5f46364034c54b66367a40d00224e08cd9dee6c675a01df5e8f44b5f9,structured_always,True,,11,1,True,False,2,145
cheap_recovery,29,64bf382d0e02e2e8fb4d9829feefee10c607972c3c6daecd14e5403ca50d3b5f,structured_always,True,,11,1,True,False,2,145
cheap_recovery,0,53bc16969bd87802644f3d75fa6c6a2751762911a30d9a153fb0f34648bf1920,structured_budgeted,True,,11,1,True,False,2,145
cheap_recovery,1,58ab4640631b856ec80701ac07f7b9c8a7543a3f5e17ec68db2fcb29216448e5,structured_budgeted,True,,11,1,True,False,2,145
cheap_recovery,2,f302ccd1c0f4478c44a1cae82e385fd79a8adbe58fe5f990e71f00c336c3e7cf,structured_budgeted,True,,11,1,True,False,2,145
cheap_recovery,3,7b6427b433685bc39e8274e4ac66afb104a0628654e557f23e530e8de19ac9c9,structured_budgeted,True,,11,1,True,False,2,145
cheap_recovery,4,579b055114c4b79ae4e53979fd23bb42d1ad0c21d3355d3a40224e649b48ba03,structured_budgeted,True,,11,1,True,False,2,145
cheap_recovery,5,8ca92094a49153a913b1d49b51fbfde086ecf85c6ac1cb862310f6556fd9f07a,structured_budgeted,True,,11,1,True,False,2,145
cheap_recovery,6,027ef294fe56825ef939200d2856bf2e63c6822df8dbddfce25bdfcd8cd320d4,structured_budgeted,True,,11,1,True,False,2,145
cheap_recovery,7,1176cb8757dbe390eb4e9f9b0d4b3a4bc72bfcc21515174494dbb37f77ff076a,structured_budgeted,True,,11,1,True,False,2,145
cheap_recovery,8,a72015f71d8ec20abdbe416b22ea36aa7cba7a4f8fff772aee802dda5b2e44c4,structured_budgeted,True,,11,1,True,False,2,145
cheap_recovery,9,be74e1465bf40840b26cae0150c7675c6344d25641ff2eb53517df6ae64abd87,structured_budgeted,True,,11,1,True,False,2,145
cheap_recovery,10,d2e546d213446bbc87568176c3499d29dda3a6f074a1703567ff5e2ee7a6a717,structured_budgeted,True,,11,1,True,False,2,145
cheap_recovery,11,67c30a85d7cf6ab72f6a623e5758ba9cf435fb1eb4c26c3cd2799da1ee4a81fb,structured_budgeted,True,,11,1,True,False,2,145
cheap_recovery,12,39147bff34f0d3c1cd13bdece25401f0f17f90400b3989e377a0a6d3a47b03b3,structured_budgeted,True,,11,1,True,False,2,145
cheap_recovery,13,f716ecea8c9f07fac9f658a737c568b708ea546d9d8dae25d8110402af3b2b3a,structured_budgeted,True,,11,1,True,False,2,145
cheap_recovery,14,080430ef5d8c802a294c374c79de35b0e21f3d39bd7e1b9c76a73efaad4ee70c,structured_budgeted,True,,11,1,True,False,2,145
cheap_recovery,15,5f9f66e4484a529879e1fe0e1275becc769e5a33d3cc593290de0652165178f0,structured_budgeted,True,,11,1,True,False,2,145
cheap_recovery,16,3b11ce8e5dd2ba13b472f13714b26c8b10fc991b337507364bc75df6f9452c52,structured_budgeted,True,,11,1,True,False,2,145
cheap_recovery,17,94393d8d4a4e5797d1353d42f071ff290d955da043bd8c151e29017630253ce3,structured_budgeted,True,,11,1,True,False,2,145
cheap_recovery,18,1a1bfa5ce5e29d416458dfef817cb42fc2bc148746c5b76468ead5706ddf02da,structured_budgeted,True,,11,1,True,False,2,145
cheap_recovery,19,01b5fca4910fbc46464759604b9f8d7769e126548b9150d0bc96bb8a3416c6ba,structured_budgeted,True,,11,1,True,False,2,145
cheap_recovery,20,1b2eaaa2fbd051e79765e22cb8b3caa58c43c89d4e4f17a138baea4cbeb9d57f,structured_budgeted,True,,11,1,True,False,2,145
cheap_recovery,21,d790098292e151e7ecaa5fc46e99328cf874bfee4805cbba0b4f5c92ec05b97d,structured_budgeted,True,,11,1,True,False,2,145
cheap_recovery,22,af51265cf5a9c4a8a27d775e10dd47521a6075853e4cb9c27925091e91efaa83,structured_budgeted,True,,11,1,True,False,2,145
cheap_recovery,23,cd494e51f8c1c5ec95d00a96eb678c71d78817a3bdfae0ede17904b165df2af3,structured_budgeted,True,,11,1,True,False,2,145
cheap_recovery,24,f1fe4cd277830eb5f8201947e2273ef8926bdb86a043f19092a9e78ee97b822a,structured_budgeted,True,,11,1,True,False,2,145
cheap_recovery,25,c33fe8fc52705388da96b638bb0d2cc4a2421e3d6679392e68672e0c865e91e6,structured_budgeted,True,,11,1,True,False,2,145
cheap_recovery,26,02583220c17c025b019f41ac18293d3746ee4150d1876a1e1b435051346e95b5,structured_budgeted,True,,11,1,True,False,2,145
cheap_recovery,27,0ca77e8acd30b15149549345c3df22bd70637a1e13f15b18c859c2a516827bad,structured_budgeted,True,,11,1,True,False,2,145
cheap_recovery,28,7f0a70a5f46364034c54b66367a40d00224e08cd9dee6c675a01df5e8f44b5f9,structured_budgeted,True,,11,1,True,False,2,145
cheap_recovery,29,64bf382d0e02e2e8fb4d9829feefee10c607972c3c6daecd14e5403ca50d3b5f,structured_budgeted,True,,11,1,True,False,2,145
cheap_recovery,0,53bc16969bd87802644f3d75fa6c6a2751762911a30d9a153fb0f34648bf1920,structured_never_recover,True,,11,1,False,True,2,145
cheap_recovery,1,58ab4640631b856ec80701ac07f7b9c8a7543a3f5e17ec68db2fcb29216448e5,structured_never_recover,True,,11,1,False,True,2,145
cheap_recovery,2,f302ccd1c0f4478c44a1cae82e385fd79a8adbe58fe5f990e71f00c336c3e7cf,structured_never_recover,True,,11,1,False,True,2,145
cheap_recovery,3,7b6427b433685bc39e8274e4ac66afb104a0628654e557f23e530e8de19ac9c9,structured_never_recover,True,,11,1,False,True,2,145
cheap_recovery,4,579b055114c4b79ae4e53979fd23bb42d1ad0c21d3355d3a40224e649b48ba03,structured_never_recover,True,,11,1,False,True,2,145
cheap_recovery,5,8ca92094a49153a913b1d49b51fbfde086ecf85c6ac1cb862310f6556fd9f07a,structured_never_recover,True,,11,1,False,True,2,145
cheap_recovery,6,027ef294fe56825ef939200d2856bf2e63c6822df8dbddfce25bdfcd8cd320d4,structured_never_recover,True,,11,1,False,True,2,145
cheap_recovery,7,1176cb8757dbe390eb4e9f9b0d4b3a4bc72bfcc21515174494dbb37f77ff076a,structured_never_recover,True,,10,0,False,False,2,145
cheap_recovery,8,a72015f71d8ec20abdbe416b22ea36aa7cba7a4f8fff772aee802dda5b2e44c4,structured_never_recover,True,,11,1,False,True,2,145
cheap_recovery,9,be74e1465bf40840b26cae0150c7675c6344d25641ff2eb53517df6ae64abd87,structured_never_recover,True,,10,0,False,False,2,145
cheap_recovery,10,d2e546d213446bbc87568176c3499d29dda3a6f074a1703567ff5e2ee7a6a717,structured_never_recover,True,,11,1,False,True,2,145
cheap_recovery,11,67c30a85d7cf6ab72f6a623e5758ba9cf435fb1eb4c26c3cd2799da1ee4a81fb,structured_never_recover,True,,11,1,False,True,2,145
cheap_recovery,12,39147bff34f0d3c1cd13bdece25401f0f17f90400b3989e377a0a6d3a47b03b3,structured_never_recover,True,,11,1,False,True,2,145
cheap_recovery,13,f716ecea8c9f07fac9f658a737c568b708ea546d9d8dae25d8110402af3b2b3a,structured_never_recover,True,,11,1,False,True,2,145
cheap_recovery,14,080430ef5d8c802a294c374c79de35b0e21f3d39bd7e1b9c76a73efaad4ee70c,structured_never_recover,True,,11,1,False,True,2,145
cheap_recovery,15,5f9f66e4484a529879e1fe0e1275becc769e5a33d3cc593290de0652165178f0,structured_never_recover,True,,10,0,False,False,2,145
cheap_recovery,16,3b11ce8e5dd2ba13b472f13714b26c8b10fc991b337507364bc75df6f9452c52,structured_never_recover,True,,11,1,False,True,2,145
cheap_recovery,17,94393d8d4a4e5797d1353d42f071ff290d955da043bd8c151e29017630253ce3,structured_never_recover,True,,10,0,False,False,2,145
cheap_recovery,18,1a1bfa5ce5e29d416458dfef817cb42fc2bc148746c5b76468ead5706ddf02da,structured_never_recover,True,,11,1,False,True,2,145
cheap_recovery,19,01b5fca4910fbc46464759604b9f8d7769e126548b9150d0bc96bb8a3416c6ba,structured_never_recover,True,,11,1,False,True,2,145
cheap_recovery,20,1b2eaaa2fbd051e79765e22cb8b3caa58c43c89d4e4f17a138baea4cbeb9d57f,structured_never_recover,True,,11,1,False,True,2,145
cheap_recovery,21,d790098292e151e7ecaa5fc46e99328cf874bfee4805cbba0b4f5c92ec05b97d,structured_never_recover,True,,10,0,False,False,2,145
cheap_recovery,22,af51265cf5a9c4a8a27d775e10dd47521a6075853e4cb9c27925091e91efaa83,structured_never_recover,True,,11,1,False,True,2,145
cheap_recovery,23,cd494e51f8c1c5ec95d00a96eb678c71d78817a3bdfae0ede17904b165df2af3,structured_never_recover,True,,10,0,False,False,2,145
cheap_recovery,24,f1fe4cd277830eb5f8201947e2273ef8926bdb86a043f19092a9e78ee97b822a,structured_never_recover,True,,11,1,False,True,2,145
cheap_recovery,25,c33fe8fc52705388da96b638bb0d2cc4a2421e3d6679392e68672e0c865e91e6,structured_never_recover,True,,10,0,False,False,2,145
cheap_recovery,26,02583220c17c025b019f41ac18293d3746ee4150d1876a1e1b435051346e95b5,structured_never_recover,True,,11,1,False,True,2,145
cheap_recovery,27,0ca77e8acd30b15149549345c3df22bd70637a1e13f15b18c859c2a516827bad,structured_never_recover,True,,10,0,False,False,2,145
cheap_recovery,28,7f0a70a5f46364034c54b66367a40d00224e08cd9dee6c675a01df5e8f44b5f9,structured_never_recover,True,,10,0,False,False,2,145
cheap_recovery,29,64bf382d0e02e2e8fb4d9829feefee10c607972c3c6daecd14e5403ca50d3b5f,structured_never_recover,True,,10,0,False,False,2,145
cheap_recovery,0,53bc16969bd87802644f3d75fa6c6a2751762911a30d9a153fb0f34648bf1920,structured_always_recover,True,,11,1,True,False,2,145
cheap_recovery,1,58ab4640631b856ec80701ac07f7b9c8a7543a3f5e17ec68db2fcb29216448e5,structured_always_recover,True,,11,1,True,False,2,145
cheap_recovery,2,f302ccd1c0f4478c44a1cae82e385fd79a8adbe58fe5f990e71f00c336c3e7cf,structured_always_recover,True,,11,1,True,False,2,145
cheap_recovery,3,7b6427b433685bc39e8274e4ac66afb104a0628654e557f23e530e8de19ac9c9,structured_always_recover,True,,11,1,True,False,2,145
cheap_recovery,4,579b055114c4b79ae4e53979fd23bb42d1ad0c21d3355d3a40224e649b48ba03,structured_always_recover,True,,11,1,True,False,2,145
cheap_recovery,5,8ca92094a49153a913b1d49b51fbfde086ecf85c6ac1cb862310f6556fd9f07a,structured_always_recover,True,,11,1,True,False,2,145
cheap_recovery,6,027ef294fe56825ef939200d2856bf2e63c6822df8dbddfce25bdfcd8cd320d4,structured_always_recover,True,,11,1,True,False,2,145
cheap_recovery,7,1176cb8757dbe390eb4e9f9b0d4b3a4bc72bfcc21515174494dbb37f77ff076a,structured_always_recover,True,,11,1,True,False,2,145
cheap_recovery,8,a72015f71d8ec20abdbe416b22ea36aa7cba7a4f8fff772aee802dda5b2e44c4,structured_always_recover,True,,11,1,True,False,2,145
cheap_recovery,9,be74e1465bf40840b26cae0150c7675c6344d25641ff2eb53517df6ae64abd87,structured_always_recover,True,,11,1,True,False,2,145
cheap_recovery,10,d2e546d213446bbc87568176c3499d29dda3a6f074a1703567ff5e2ee7a6a717,structured_always_recover,True,,11,1,True,False,2,145
cheap_recovery,11,67c30a85d7cf6ab72f6a623e5758ba9cf435fb1eb4c26c3cd2799da1ee4a81fb,structured_always_recover,True,,11,1,True,False,2,145
cheap_recovery,12,39147bff34f0d3c1cd13bdece25401f0f17f90400b3989e377a0a6d3a47b03b3,structured_always_recover,True,,11,1,True,False,2,145
cheap_recovery,13,f716ecea8c9f07fac9f658a737c568b708ea546d9d8dae25d8110402af3b2b3a,structured_always_recover,True,,11,1,True,False,2,145
cheap_recovery,14,080430ef5d8c802a294c374c79de35b0e21f3d39bd7e1b9c76a73efaad4ee70c,structured_always_recover,True,,11,1,True,False,2,145
cheap_recovery,15,5f9f66e4484a529879e1fe0e1275becc769e5a33d3cc593290de0652165178f0,structured_always_recover,True,,11,1,True,False,2,145
cheap_recovery,16,3b11ce8e5dd2ba13b472f13714b26c8b10fc991b337507364bc75df6f9452c52,structured_always_recover,True,,11,1,True,False,2,145
cheap_recovery,17,94393d8d4a4e5797d1353d42f071ff290d955da043bd8c151e29017630253ce3,structured_always_recover,True,,11,1,True,False,2,145
cheap_recovery,18,1a1bfa5ce5e29d416458dfef817cb42fc2bc148746c5b76468ead5706ddf02da,structured_always_recover,True,,11,1,True,False,2,145
cheap_recovery,19,01b5fca4910fbc46464759604b9f8d7769e126548b9150d0bc96bb8a3416c6ba,structured_always_recover,True,,11,1,True,False,2,145
cheap_recovery,20,1b2eaaa2fbd051e79765e22cb8b3caa58c43c89d4e4f17a138baea4cbeb9d57f,structured_always_recover,True,,11,1,True,False,2,145
cheap_recovery,21,d790098292e151e7ecaa5fc46e99328cf874bfee4805cbba0b4f5c92ec05b97d,structured_always_recover,True,,11,1,True,False,2,145
cheap_recovery,22,af51265cf5a9c4a8a27d775e10dd47521a6075853e4cb9c27925091e91efaa83,structured_always_recover,True,,11,1,True,False,2,145
cheap_recovery,23,cd494e51f8c1c5ec95d00a96eb678c71d78817a3bdfae0ede17904b165df2af3,structured_always_recover,True,,11,1,True,False,2,145
cheap_recovery,24,f1fe4cd277830eb5f8201947e2273ef8926bdb86a043f19092a9e78ee97b822a,structured_always_recover,True,,11,1,True,False,2,145
cheap_recovery,25,c33fe8fc52705388da96b638bb0d2cc4a2421e3d6679392e68672e0c865e91e6,structured_always_recover,True,,11,1,True,False,2,145
cheap_recovery,26,02583220c17c025b019f41ac18293d3746ee4150d1876a1e1b435051346e95b5,structured_always_recover,True,,11,1,True,False,2,145
cheap_recovery,27,0ca77e8acd30b15149549345c3df22bd70637a1e13f15b18c859c2a516827bad,structured_always_recover,True,,11,1,True,False,2,145
cheap_recovery,28,7f0a70a5f46364034c54b66367a40d00224e08cd9dee6c675a01df5e8f44b5f9,structured_always_recover,True,,11,1,True,False,2,145
cheap_recovery,29,64bf382d0e02e2e8fb4d9829feefee10c607972c3c6daecd14e5403ca50d3b5f,structured_always_recover,True,,11,1,True,False,2,145
costly_recovery,0,53bc16969bd87802644f3d75fa6c6a2751762911a30d9a153fb0f34648bf1920,reference_retain,True,,10,0,False,False,2,145
costly_recovery,1,58ab4640631b856ec80701ac07f7b9c8a7543a3f5e17ec68db2fcb29216448e5,reference_retain,True,,10,0,False,False,2,145
costly_recovery,2,f302ccd1c0f4478c44a1cae82e385fd79a8adbe58fe5f990e71f00c336c3e7cf,reference_retain,True,,10,0,False,False,2,145
costly_recovery,3,7b6427b433685bc39e8274e4ac66afb104a0628654e557f23e530e8de19ac9c9,reference_retain,False,missing_receipt,10,0,False,False,2,145
costly_recovery,4,579b055114c4b79ae4e53979fd23bb42d1ad0c21d3355d3a40224e649b48ba03,reference_retain,True,,10,0,False,False,2,145
costly_recovery,5,8ca92094a49153a913b1d49b51fbfde086ecf85c6ac1cb862310f6556fd9f07a,reference_retain,False,missing_receipt,10,0,False,False,2,145
costly_recovery,6,027ef294fe56825ef939200d2856bf2e63c6822df8dbddfce25bdfcd8cd320d4,reference_retain,True,,10,0,False,False,2,145
costly_recovery,7,1176cb8757dbe390eb4e9f9b0d4b3a4bc72bfcc21515174494dbb37f77ff076a,reference_retain,False,missing_receipt,10,0,False,False,2,145
costly_recovery,8,a72015f71d8ec20abdbe416b22ea36aa7cba7a4f8fff772aee802dda5b2e44c4,reference_retain,True,,10,0,False,False,2,145
costly_recovery,9,be74e1465bf40840b26cae0150c7675c6344d25641ff2eb53517df6ae64abd87,reference_retain,False,missing_receipt,10,0,False,False,2,145
costly_recovery,10,d2e546d213446bbc87568176c3499d29dda3a6f074a1703567ff5e2ee7a6a717,reference_retain,True,,10,0,False,False,2,145
costly_recovery,11,67c30a85d7cf6ab72f6a623e5758ba9cf435fb1eb4c26c3cd2799da1ee4a81fb,reference_retain,False,missing_receipt,10,0,False,False,2,145
costly_recovery,12,39147bff34f0d3c1cd13bdece25401f0f17f90400b3989e377a0a6d3a47b03b3,reference_retain,True,,10,0,False,False,2,145
costly_recovery,13,f716ecea8c9f07fac9f658a737c568b708ea546d9d8dae25d8110402af3b2b3a,reference_retain,False,missing_receipt,10,0,False,False,2,145
costly_recovery,14,080430ef5d8c802a294c374c79de35b0e21f3d39bd7e1b9c76a73efaad4ee70c,reference_retain,True,,10,0,False,False,2,145
costly_recovery,15,5f9f66e4484a529879e1fe0e1275becc769e5a33d3cc593290de0652165178f0,reference_retain,False,missing_receipt,10,0,False,False,2,145
costly_recovery,16,3b11ce8e5dd2ba13b472f13714b26c8b10fc991b337507364bc75df6f9452c52,reference_retain,True,,10,0,False,False,2,145
costly_recovery,17,94393d8d4a4e5797d1353d42f071ff290d955da043bd8c151e29017630253ce3,reference_retain,False,missing_receipt,10,0,False,False,2,145
costly_recovery,18,1a1bfa5ce5e29d416458dfef817cb42fc2bc148746c5b76468ead5706ddf02da,reference_retain,False,missing_receipt,10,0,False,False,2,145
costly_recovery,19,01b5fca4910fbc46464759604b9f8d7769e126548b9150d0bc96bb8a3416c6ba,reference_retain,False,missing_receipt,10,0,False,False,2,145
costly_recovery,20,1b2eaaa2fbd051e79765e22cb8b3caa58c43c89d4e4f17a138baea4cbeb9d57f,reference_retain,False,missing_receipt,10,0,False,False,2,145
costly_recovery,21,d790098292e151e7ecaa5fc46e99328cf874bfee4805cbba0b4f5c92ec05b97d,reference_retain,False,missing_receipt,10,0,False,False,2,145
costly_recovery,22,af51265cf5a9c4a8a27d775e10dd47521a6075853e4cb9c27925091e91efaa83,reference_retain,False,missing_receipt,10,0,False,False,2,145
costly_recovery,23,cd494e51f8c1c5ec95d00a96eb678c71d78817a3bdfae0ede17904b165df2af3,reference_retain,False,missing_receipt,10,0,False,False,2,145
costly_recovery,24,f1fe4cd277830eb5f8201947e2273ef8926bdb86a043f19092a9e78ee97b822a,reference_retain,False,missing_receipt,10,0,False,False,2,145
costly_recovery,25,c33fe8fc52705388da96b638bb0d2cc4a2421e3d6679392e68672e0c865e91e6,reference_retain,False,missing_receipt,10,0,False,False,2,145
costly_recovery,26,02583220c17c025b019f41ac18293d3746ee4150d1876a1e1b435051346e95b5,reference_retain,False,missing_receipt,10,0,False,False,2,145
costly_recovery,27,0ca77e8acd30b15149549345c3df22bd70637a1e13f15b18c859c2a516827bad,reference_retain,False,missing_receipt,10,0,False,False,2,145
costly_recovery,28,7f0a70a5f46364034c54b66367a40d00224e08cd9dee6c675a01df5e8f44b5f9,reference_retain,False,missing_receipt,10,0,False,False,2,145
costly_recovery,29,64bf382d0e02e2e8fb4d9829feefee10c607972c3c6daecd14e5403ca50d3b5f,reference_retain,False,missing_receipt,10,0,False,False,2,145
costly_recovery,0,53bc16969bd87802644f3d75fa6c6a2751762911a30d9a153fb0f34648bf1920,reference_retain_recover,True,,10,0,False,False,2,145
costly_recovery,1,58ab4640631b856ec80701ac07f7b9c8a7543a3f5e17ec68db2fcb29216448e5,reference_retain_recover,True,,10,0,False,False,2,145
costly_recovery,2,f302ccd1c0f4478c44a1cae82e385fd79a8adbe58fe5f990e71f00c336c3e7cf,reference_retain_recover,True,,10,0,False,False,2,145
costly_recovery,3,7b6427b433685bc39e8274e4ac66afb104a0628654e557f23e530e8de19ac9c9,reference_retain_recover,True,,14,4,False,True,2,145
costly_recovery,4,579b055114c4b79ae4e53979fd23bb42d1ad0c21d3355d3a40224e649b48ba03,reference_retain_recover,True,,10,0,False,False,2,145
costly_recovery,5,8ca92094a49153a913b1d49b51fbfde086ecf85c6ac1cb862310f6556fd9f07a,reference_retain_recover,True,,14,4,False,True,2,145
costly_recovery,6,027ef294fe56825ef939200d2856bf2e63c6822df8dbddfce25bdfcd8cd320d4,reference_retain_recover,True,,10,0,False,False,2,145
costly_recovery,7,1176cb8757dbe390eb4e9f9b0d4b3a4bc72bfcc21515174494dbb37f77ff076a,reference_retain_recover,True,,14,4,False,True,2,145
costly_recovery,8,a72015f71d8ec20abdbe416b22ea36aa7cba7a4f8fff772aee802dda5b2e44c4,reference_retain_recover,True,,10,0,False,False,2,145
costly_recovery,9,be74e1465bf40840b26cae0150c7675c6344d25641ff2eb53517df6ae64abd87,reference_retain_recover,True,,14,4,False,True,2,145
costly_recovery,10,d2e546d213446bbc87568176c3499d29dda3a6f074a1703567ff5e2ee7a6a717,reference_retain_recover,True,,10,0,False,False,2,145
costly_recovery,11,67c30a85d7cf6ab72f6a623e5758ba9cf435fb1eb4c26c3cd2799da1ee4a81fb,reference_retain_recover,True,,14,4,False,True,2,145
costly_recovery,12,39147bff34f0d3c1cd13bdece25401f0f17f90400b3989e377a0a6d3a47b03b3,reference_retain_recover,True,,10,0,False,False,2,145
costly_recovery,13,f716ecea8c9f07fac9f658a737c568b708ea546d9d8dae25d8110402af3b2b3a,reference_retain_recover,True,,14,4,False,True,2,145
costly_recovery,14,080430ef5d8c802a294c374c79de35b0e21f3d39bd7e1b9c76a73efaad4ee70c,reference_retain_recover,True,,10,0,False,False,2,145
costly_recovery,15,5f9f66e4484a529879e1fe0e1275becc769e5a33d3cc593290de0652165178f0,reference_retain_recover,True,,14,4,False,True,2,145
costly_recovery,16,3b11ce8e5dd2ba13b472f13714b26c8b10fc991b337507364bc75df6f9452c52,reference_retain_recover,True,,10,0,False,False,2,145
costly_recovery,17,94393d8d4a4e5797d1353d42f071ff290d955da043bd8c151e29017630253ce3,reference_retain_recover,True,,14,4,False,True,2,145
costly_recovery,18,1a1bfa5ce5e29d416458dfef817cb42fc2bc148746c5b76468ead5706ddf02da,reference_retain_recover,True,,14,4,False,True,2,145
costly_recovery,19,01b5fca4910fbc46464759604b9f8d7769e126548b9150d0bc96bb8a3416c6ba,reference_retain_recover,True,,14,4,False,True,2,145
costly_recovery,20,1b2eaaa2fbd051e79765e22cb8b3caa58c43c89d4e4f17a138baea4cbeb9d57f,reference_retain_recover,True,,14,4,False,True,2,145
costly_recovery,21,d790098292e151e7ecaa5fc46e99328cf874bfee4805cbba0b4f5c92ec05b97d,reference_retain_recover,True,,14,4,False,True,2,145
costly_recovery,22,af51265cf5a9c4a8a27d775e10dd47521a6075853e4cb9c27925091e91efaa83,reference_retain_recover,True,,14,4,False,True,2,145
costly_recovery,23,cd494e51f8c1c5ec95d00a96eb678c71d78817a3bdfae0ede17904b165df2af3,reference_retain_recover,True,,14,4,False,True,2,145
costly_recovery,24,f1fe4cd277830eb5f8201947e2273ef8926bdb86a043f19092a9e78ee97b822a,reference_retain_recover,True,,14,4,False,True,2,145
costly_recovery,25,c33fe8fc52705388da96b638bb0d2cc4a2421e3d6679392e68672e0c865e91e6,reference_retain_recover,True,,14,4,False,True,2,145
costly_recovery,26,02583220c17c025b019f41ac18293d3746ee4150d1876a1e1b435051346e95b5,reference_retain_recover,True,,14,4,False,True,2,145
costly_recovery,27,0ca77e8acd30b15149549345c3df22bd70637a1e13f15b18c859c2a516827bad,reference_retain_recover,True,,14,4,False,True,2,145
costly_recovery,28,7f0a70a5f46364034c54b66367a40d00224e08cd9dee6c675a01df5e8f44b5f9,reference_retain_recover,True,,14,4,False,True,2,145
costly_recovery,29,64bf382d0e02e2e8fb4d9829feefee10c607972c3c6daecd14e5403ca50d3b5f,reference_retain_recover,True,,14,4,False,True,2,145
costly_recovery,0,53bc16969bd87802644f3d75fa6c6a2751762911a30d9a153fb0f34648bf1920,reference_inspect,True,,11,1,True,False,2,145
costly_recovery,1,58ab4640631b856ec80701ac07f7b9c8a7543a3f5e17ec68db2fcb29216448e5,reference_inspect,True,,11,1,True,False,2,145
costly_recovery,2,f302ccd1c0f4478c44a1cae82e385fd79a8adbe58fe5f990e71f00c336c3e7cf,reference_inspect,True,,11,1,True,False,2,145
costly_recovery,3,7b6427b433685bc39e8274e4ac66afb104a0628654e557f23e530e8de19ac9c9,reference_inspect,True,,11,1,True,False,2,145
costly_recovery,4,579b055114c4b79ae4e53979fd23bb42d1ad0c21d3355d3a40224e649b48ba03,reference_inspect,True,,11,1,True,False,2,145
costly_recovery,5,8ca92094a49153a913b1d49b51fbfde086ecf85c6ac1cb862310f6556fd9f07a,reference_inspect,True,,11,1,True,False,2,145
costly_recovery,6,027ef294fe56825ef939200d2856bf2e63c6822df8dbddfce25bdfcd8cd320d4,reference_inspect,True,,11,1,True,False,2,145
costly_recovery,7,1176cb8757dbe390eb4e9f9b0d4b3a4bc72bfcc21515174494dbb37f77ff076a,reference_inspect,True,,11,1,True,False,2,145
costly_recovery,8,a72015f71d8ec20abdbe416b22ea36aa7cba7a4f8fff772aee802dda5b2e44c4,reference_inspect,True,,11,1,True,False,2,145
costly_recovery,9,be74e1465bf40840b26cae0150c7675c6344d25641ff2eb53517df6ae64abd87,reference_inspect,True,,11,1,True,False,2,145
costly_recovery,10,d2e546d213446bbc87568176c3499d29dda3a6f074a1703567ff5e2ee7a6a717,reference_inspect,True,,11,1,True,False,2,145
costly_recovery,11,67c30a85d7cf6ab72f6a623e5758ba9cf435fb1eb4c26c3cd2799da1ee4a81fb,reference_inspect,True,,11,1,True,False,2,145
costly_recovery,12,39147bff34f0d3c1cd13bdece25401f0f17f90400b3989e377a0a6d3a47b03b3,reference_inspect,True,,11,1,True,False,2,145
costly_recovery,13,f716ecea8c9f07fac9f658a737c568b708ea546d9d8dae25d8110402af3b2b3a,reference_inspect,True,,11,1,True,False,2,145
costly_recovery,14,080430ef5d8c802a294c374c79de35b0e21f3d39bd7e1b9c76a73efaad4ee70c,reference_inspect,True,,11,1,True,False,2,145
costly_recovery,15,5f9f66e4484a529879e1fe0e1275becc769e5a33d3cc593290de0652165178f0,reference_inspect,True,,11,1,True,False,2,145
costly_recovery,16,3b11ce8e5dd2ba13b472f13714b26c8b10fc991b337507364bc75df6f9452c52,reference_inspect,True,,11,1,True,False,2,145
costly_recovery,17,94393d8d4a4e5797d1353d42f071ff290d955da043bd8c151e29017630253ce3,reference_inspect,True,,11,1,True,False,2,145
costly_recovery,18,1a1bfa5ce5e29d416458dfef817cb42fc2bc148746c5b76468ead5706ddf02da,reference_inspect,True,,11,1,True,False,2,145
costly_recovery,19,01b5fca4910fbc46464759604b9f8d7769e126548b9150d0bc96bb8a3416c6ba,reference_inspect,True,,11,1,True,False,2,145
costly_recovery,20,1b2eaaa2fbd051e79765e22cb8b3caa58c43c89d4e4f17a138baea4cbeb9d57f,reference_inspect,True,,11,1,True,False,2,145
costly_recovery,21,d790098292e151e7ecaa5fc46e99328cf874bfee4805cbba0b4f5c92ec05b97d,reference_inspect,True,,11,1,True,False,2,145
costly_recovery,22,af51265cf5a9c4a8a27d775e10dd47521a6075853e4cb9c27925091e91efaa83,reference_inspect,True,,11,1,True,False,2,145
costly_recovery,23,cd494e51f8c1c5ec95d00a96eb678c71d78817a3bdfae0ede17904b165df2af3,reference_inspect,True,,11,1,True,False,2,145
costly_recovery,24,f1fe4cd277830eb5f8201947e2273ef8926bdb86a043f19092a9e78ee97b822a,reference_inspect,True,,11,1,True,False,2,145
costly_recovery,25,c33fe8fc52705388da96b638bb0d2cc4a2421e3d6679392e68672e0c865e91e6,reference_inspect,True,,11,1,True,False,2,145
costly_recovery,26,02583220c17c025b019f41ac18293d3746ee4150d1876a1e1b435051346e95b5,reference_inspect,True,,11,1,True,False,2,145
costly_recovery,27,0ca77e8acd30b15149549345c3df22bd70637a1e13f15b18c859c2a516827bad,reference_inspect,True,,11,1,True,False,2,145
costly_recovery,28,7f0a70a5f46364034c54b66367a40d00224e08cd9dee6c675a01df5e8f44b5f9,reference_inspect,True,,11,1,True,False,2,145
costly_recovery,29,64bf382d0e02e2e8fb4d9829feefee10c607972c3c6daecd14e5403ca50d3b5f,reference_inspect,True,,11,1,True,False,2,145
costly_recovery,0,53bc16969bd87802644f3d75fa6c6a2751762911a30d9a153fb0f34648bf1920,reference_inspect_recover,True,,11,1,True,False,2,145
costly_recovery,1,58ab4640631b856ec80701ac07f7b9c8a7543a3f5e17ec68db2fcb29216448e5,reference_inspect_recover,True,,11,1,True,False,2,145
costly_recovery,2,f302ccd1c0f4478c44a1cae82e385fd79a8adbe58fe5f990e71f00c336c3e7cf,reference_inspect_recover,True,,11,1,True,False,2,145
costly_recovery,3,7b6427b433685bc39e8274e4ac66afb104a0628654e557f23e530e8de19ac9c9,reference_inspect_recover,True,,11,1,True,False,2,145
costly_recovery,4,579b055114c4b79ae4e53979fd23bb42d1ad0c21d3355d3a40224e649b48ba03,reference_inspect_recover,True,,11,1,True,False,2,145
costly_recovery,5,8ca92094a49153a913b1d49b51fbfde086ecf85c6ac1cb862310f6556fd9f07a,reference_inspect_recover,True,,11,1,True,False,2,145
costly_recovery,6,027ef294fe56825ef939200d2856bf2e63c6822df8dbddfce25bdfcd8cd320d4,reference_inspect_recover,True,,11,1,True,False,2,145
costly_recovery,7,1176cb8757dbe390eb4e9f9b0d4b3a4bc72bfcc21515174494dbb37f77ff076a,reference_inspect_recover,True,,11,1,True,False,2,145
costly_recovery,8,a72015f71d8ec20abdbe416b22ea36aa7cba7a4f8fff772aee802dda5b2e44c4,reference_inspect_recover,True,,11,1,True,False,2,145
costly_recovery,9,be74e1465bf40840b26cae0150c7675c6344d25641ff2eb53517df6ae64abd87,reference_inspect_recover,True,,11,1,True,False,2,145
costly_recovery,10,d2e546d213446bbc87568176c3499d29dda3a6f074a1703567ff5e2ee7a6a717,reference_inspect_recover,True,,11,1,True,False,2,145
costly_recovery,11,67c30a85d7cf6ab72f6a623e5758ba9cf435fb1eb4c26c3cd2799da1ee4a81fb,reference_inspect_recover,True,,11,1,True,False,2,145
costly_recovery,12,39147bff34f0d3c1cd13bdece25401f0f17f90400b3989e377a0a6d3a47b03b3,reference_inspect_recover,True,,11,1,True,False,2,145
costly_recovery,13,f716ecea8c9f07fac9f658a737c568b708ea546d9d8dae25d8110402af3b2b3a,reference_inspect_recover,True,,11,1,True,False,2,145
costly_recovery,14,080430ef5d8c802a294c374c79de35b0e21f3d39bd7e1b9c76a73efaad4ee70c,reference_inspect_recover,True,,11,1,True,False,2,145
costly_recovery,15,5f9f66e4484a529879e1fe0e1275becc769e5a33d3cc593290de0652165178f0,reference_inspect_recover,True,,11,1,True,False,2,145
costly_recovery,16,3b11ce8e5dd2ba13b472f13714b26c8b10fc991b337507364bc75df6f9452c52,reference_inspect_recover,True,,11,1,True,False,2,145
costly_recovery,17,94393d8d4a4e5797d1353d42f071ff290d955da043bd8c151e29017630253ce3,reference_inspect_recover,True,,11,1,True,False,2,145
costly_recovery,18,1a1bfa5ce5e29d416458dfef817cb42fc2bc148746c5b76468ead5706ddf02da,reference_inspect_recover,True,,11,1,True,False,2,145
costly_recovery,19,01b5fca4910fbc46464759604b9f8d7769e126548b9150d0bc96bb8a3416c6ba,reference_inspect_recover,True,,11,1,True,False,2,145
costly_recovery,20,1b2eaaa2fbd051e79765e22cb8b3caa58c43c89d4e4f17a138baea4cbeb9d57f,reference_inspect_recover,True,,11,1,True,False,2,145
costly_recovery,21,d790098292e151e7ecaa5fc46e99328cf874bfee4805cbba0b4f5c92ec05b97d,reference_inspect_recover,True,,11,1,True,False,2,145
costly_recovery,22,af51265cf5a9c4a8a27d775e10dd47521a6075853e4cb9c27925091e91efaa83,reference_inspect_recover,True,,11,1,True,False,2,145
costly_recovery,23,cd494e51f8c1c5ec95d00a96eb678c71d78817a3bdfae0ede17904b165df2af3,reference_inspect_recover,True,,11,1,True,False,2,145
costly_recovery,24,f1fe4cd277830eb5f8201947e2273ef8926bdb86a043f19092a9e78ee97b822a,reference_inspect_recover,True,,11,1,True,False,2,145
costly_recovery,25,c33fe8fc52705388da96b638bb0d2cc4a2421e3d6679392e68672e0c865e91e6,reference_inspect_recover,True,,11,1,True,False,2,145
costly_recovery,26,02583220c17c025b019f41ac18293d3746ee4150d1876a1e1b435051346e95b5,reference_inspect_recover,True,,11,1,True,False,2,145
costly_recovery,27,0ca77e8acd30b15149549345c3df22bd70637a1e13f15b18c859c2a516827bad,reference_inspect_recover,True,,11,1,True,False,2,145
costly_recovery,28,7f0a70a5f46364034c54b66367a40d00224e08cd9dee6c675a01df5e8f44b5f9,reference_inspect_recover,True,,11,1,True,False,2,145
costly_recovery,29,64bf382d0e02e2e8fb4d9829feefee10c607972c3c6daecd14e5403ca50d3b5f,reference_inspect_recover,True,,11,1,True,False,2,145
costly_recovery,0,53bc16969bd87802644f3d75fa6c6a2751762911a30d9a153fb0f34648bf1920,recent_never,False,missing_receipt,10,0,False,False,2,145
costly_recovery,1,58ab4640631b856ec80701ac07f7b9c8a7543a3f5e17ec68db2fcb29216448e5,recent_never,False,missing_receipt,10,0,False,False,2,145
costly_recovery,2,f302ccd1c0f4478c44a1cae82e385fd79a8adbe58fe5f990e71f00c336c3e7cf,recent_never,False,missing_receipt,10,0,False,False,2,145
costly_recovery,3,7b6427b433685bc39e8274e4ac66afb104a0628654e557f23e530e8de19ac9c9,recent_never,False,missing_receipt,10,0,False,False,2,145
costly_recovery,4,579b055114c4b79ae4e53979fd23bb42d1ad0c21d3355d3a40224e649b48ba03,recent_never,False,missing_receipt,10,0,False,False,2,145
costly_recovery,5,8ca92094a49153a913b1d49b51fbfde086ecf85c6ac1cb862310f6556fd9f07a,recent_never,False,missing_receipt,10,0,False,False,2,145
costly_recovery,6,027ef294fe56825ef939200d2856bf2e63c6822df8dbddfce25bdfcd8cd320d4,recent_never,False,missing_receipt,10,0,False,False,2,145
costly_recovery,7,1176cb8757dbe390eb4e9f9b0d4b3a4bc72bfcc21515174494dbb37f77ff076a,recent_never,True,,10,0,False,False,2,145
costly_recovery,8,a72015f71d8ec20abdbe416b22ea36aa7cba7a4f8fff772aee802dda5b2e44c4,recent_never,False,missing_receipt,10,0,False,False,2,145
costly_recovery,9,be74e1465bf40840b26cae0150c7675c6344d25641ff2eb53517df6ae64abd87,recent_never,True,,10,0,False,False,2,145
costly_recovery,10,d2e546d213446bbc87568176c3499d29dda3a6f074a1703567ff5e2ee7a6a717,recent_never,False,missing_receipt,10,0,False,False,2,145
costly_recovery,11,67c30a85d7cf6ab72f6a623e5758ba9cf435fb1eb4c26c3cd2799da1ee4a81fb,recent_never,False,missing_receipt,10,0,False,False,2,145
costly_recovery,12,39147bff34f0d3c1cd13bdece25401f0f17f90400b3989e377a0a6d3a47b03b3,recent_never,False,missing_receipt,10,0,False,False,2,145
costly_recovery,13,f716ecea8c9f07fac9f658a737c568b708ea546d9d8dae25d8110402af3b2b3a,recent_never,False,missing_receipt,10,0,False,False,2,145
costly_recovery,14,080430ef5d8c802a294c374c79de35b0e21f3d39bd7e1b9c76a73efaad4ee70c,recent_never,False,missing_receipt,10,0,False,False,2,145
costly_recovery,15,5f9f66e4484a529879e1fe0e1275becc769e5a33d3cc593290de0652165178f0,recent_never,True,,10,0,False,False,2,145
costly_recovery,16,3b11ce8e5dd2ba13b472f13714b26c8b10fc991b337507364bc75df6f9452c52,recent_never,False,missing_receipt,10,0,False,False,2,145
costly_recovery,17,94393d8d4a4e5797d1353d42f071ff290d955da043bd8c151e29017630253ce3,recent_never,True,,10,0,False,False,2,145
costly_recovery,18,1a1bfa5ce5e29d416458dfef817cb42fc2bc148746c5b76468ead5706ddf02da,recent_never,False,missing_receipt,10,0,False,False,2,145
costly_recovery,19,01b5fca4910fbc46464759604b9f8d7769e126548b9150d0bc96bb8a3416c6ba,recent_never,False,missing_receipt,10,0,False,False,2,145
costly_recovery,20,1b2eaaa2fbd051e79765e22cb8b3caa58c43c89d4e4f17a138baea4cbeb9d57f,recent_never,False,missing_receipt,10,0,False,False,2,145
costly_recovery,21,d790098292e151e7ecaa5fc46e99328cf874bfee4805cbba0b4f5c92ec05b97d,recent_never,True,,10,0,False,False,2,145
costly_recovery,22,af51265cf5a9c4a8a27d775e10dd47521a6075853e4cb9c27925091e91efaa83,recent_never,False,missing_receipt,10,0,False,False,2,145
costly_recovery,23,cd494e51f8c1c5ec95d00a96eb678c71d78817a3bdfae0ede17904b165df2af3,recent_never,True,,10,0,False,False,2,145
costly_recovery,24,f1fe4cd277830eb5f8201947e2273ef8926bdb86a043f19092a9e78ee97b822a,recent_never,False,missing_receipt,10,0,False,False,2,145
costly_recovery,25,c33fe8fc52705388da96b638bb0d2cc4a2421e3d6679392e68672e0c865e91e6,recent_never,True,,10,0,False,False,2,145
costly_recovery,26,02583220c17c025b019f41ac18293d3746ee4150d1876a1e1b435051346e95b5,recent_never,False,missing_receipt,10,0,False,False,2,145
costly_recovery,27,0ca77e8acd30b15149549345c3df22bd70637a1e13f15b18c859c2a516827bad,recent_never,True,,10,0,False,False,2,145
costly_recovery,28,7f0a70a5f46364034c54b66367a40d00224e08cd9dee6c675a01df5e8f44b5f9,recent_never,True,,10,0,False,False,2,145
costly_recovery,29,64bf382d0e02e2e8fb4d9829feefee10c607972c3c6daecd14e5403ca50d3b5f,recent_never,True,,10,0,False,False,2,145
costly_recovery,0,53bc16969bd87802644f3d75fa6c6a2751762911a30d9a153fb0f34648bf1920,structured_never,False,missing_receipt,10,0,False,False,2,145
costly_recovery,1,58ab4640631b856ec80701ac07f7b9c8a7543a3f5e17ec68db2fcb29216448e5,structured_never,False,missing_receipt,10,0,False,False,2,145
costly_recovery,2,f302ccd1c0f4478c44a1cae82e385fd79a8adbe58fe5f990e71f00c336c3e7cf,structured_never,False,missing_receipt,10,0,False,False,2,145
costly_recovery,3,7b6427b433685bc39e8274e4ac66afb104a0628654e557f23e530e8de19ac9c9,structured_never,False,missing_receipt,10,0,False,False,2,145
costly_recovery,4,579b055114c4b79ae4e53979fd23bb42d1ad0c21d3355d3a40224e649b48ba03,structured_never,False,missing_receipt,10,0,False,False,2,145
costly_recovery,5,8ca92094a49153a913b1d49b51fbfde086ecf85c6ac1cb862310f6556fd9f07a,structured_never,False,missing_receipt,10,0,False,False,2,145
costly_recovery,6,027ef294fe56825ef939200d2856bf2e63c6822df8dbddfce25bdfcd8cd320d4,structured_never,False,missing_receipt,10,0,False,False,2,145
costly_recovery,7,1176cb8757dbe390eb4e9f9b0d4b3a4bc72bfcc21515174494dbb37f77ff076a,structured_never,True,,10,0,False,False,2,145
costly_recovery,8,a72015f71d8ec20abdbe416b22ea36aa7cba7a4f8fff772aee802dda5b2e44c4,structured_never,False,missing_receipt,10,0,False,False,2,145
costly_recovery,9,be74e1465bf40840b26cae0150c7675c6344d25641ff2eb53517df6ae64abd87,structured_never,True,,10,0,False,False,2,145
costly_recovery,10,d2e546d213446bbc87568176c3499d29dda3a6f074a1703567ff5e2ee7a6a717,structured_never,False,missing_receipt,10,0,False,False,2,145
costly_recovery,11,67c30a85d7cf6ab72f6a623e5758ba9cf435fb1eb4c26c3cd2799da1ee4a81fb,structured_never,False,missing_receipt,10,0,False,False,2,145
costly_recovery,12,39147bff34f0d3c1cd13bdece25401f0f17f90400b3989e377a0a6d3a47b03b3,structured_never,False,missing_receipt,10,0,False,False,2,145
costly_recovery,13,f716ecea8c9f07fac9f658a737c568b708ea546d9d8dae25d8110402af3b2b3a,structured_never,False,missing_receipt,10,0,False,False,2,145
costly_recovery,14,080430ef5d8c802a294c374c79de35b0e21f3d39bd7e1b9c76a73efaad4ee70c,structured_never,False,missing_receipt,10,0,False,False,2,145
costly_recovery,15,5f9f66e4484a529879e1fe0e1275becc769e5a33d3cc593290de0652165178f0,structured_never,True,,10,0,False,False,2,145
costly_recovery,16,3b11ce8e5dd2ba13b472f13714b26c8b10fc991b337507364bc75df6f9452c52,structured_never,False,missing_receipt,10,0,False,False,2,145
costly_recovery,17,94393d8d4a4e5797d1353d42f071ff290d955da043bd8c151e29017630253ce3,structured_never,True,,10,0,False,False,2,145
costly_recovery,18,1a1bfa5ce5e29d416458dfef817cb42fc2bc148746c5b76468ead5706ddf02da,structured_never,False,missing_receipt,10,0,False,False,2,145
costly_recovery,19,01b5fca4910fbc46464759604b9f8d7769e126548b9150d0bc96bb8a3416c6ba,structured_never,False,missing_receipt,10,0,False,False,2,145
costly_recovery,20,1b2eaaa2fbd051e79765e22cb8b3caa58c43c89d4e4f17a138baea4cbeb9d57f,structured_never,False,missing_receipt,10,0,False,False,2,145
costly_recovery,21,d790098292e151e7ecaa5fc46e99328cf874bfee4805cbba0b4f5c92ec05b97d,structured_never,True,,10,0,False,False,2,145
costly_recovery,22,af51265cf5a9c4a8a27d775e10dd47521a6075853e4cb9c27925091e91efaa83,structured_never,False,missing_receipt,10,0,False,False,2,145
costly_recovery,23,cd494e51f8c1c5ec95d00a96eb678c71d78817a3bdfae0ede17904b165df2af3,structured_never,True,,10,0,False,False,2,145
costly_recovery,24,f1fe4cd277830eb5f8201947e2273ef8926bdb86a043f19092a9e78ee97b822a,structured_never,False,missing_receipt,10,0,False,False,2,145
costly_recovery,25,c33fe8fc52705388da96b638bb0d2cc4a2421e3d6679392e68672e0c865e91e6,structured_never,True,,10,0,False,False,2,145
costly_recovery,26,02583220c17c025b019f41ac18293d3746ee4150d1876a1e1b435051346e95b5,structured_never,False,missing_receipt,10,0,False,False,2,145
costly_recovery,27,0ca77e8acd30b15149549345c3df22bd70637a1e13f15b18c859c2a516827bad,structured_never,True,,10,0,False,False,2,145
costly_recovery,28,7f0a70a5f46364034c54b66367a40d00224e08cd9dee6c675a01df5e8f44b5f9,structured_never,True,,10,0,False,False,2,145
costly_recovery,29,64bf382d0e02e2e8fb4d9829feefee10c607972c3c6daecd14e5403ca50d3b5f,structured_never,True,,10,0,False,False,2,145
costly_recovery,0,53bc16969bd87802644f3d75fa6c6a2751762911a30d9a153fb0f34648bf1920,structured_always,True,,11,1,True,False,2,145
costly_recovery,1,58ab4640631b856ec80701ac07f7b9c8a7543a3f5e17ec68db2fcb29216448e5,structured_always,True,,11,1,True,False,2,145
costly_recovery,2,f302ccd1c0f4478c44a1cae82e385fd79a8adbe58fe5f990e71f00c336c3e7cf,structured_always,True,,11,1,True,False,2,145
costly_recovery,3,7b6427b433685bc39e8274e4ac66afb104a0628654e557f23e530e8de19ac9c9,structured_always,True,,11,1,True,False,2,145
costly_recovery,4,579b055114c4b79ae4e53979fd23bb42d1ad0c21d3355d3a40224e649b48ba03,structured_always,True,,11,1,True,False,2,145
costly_recovery,5,8ca92094a49153a913b1d49b51fbfde086ecf85c6ac1cb862310f6556fd9f07a,structured_always,True,,11,1,True,False,2,145
costly_recovery,6,027ef294fe56825ef939200d2856bf2e63c6822df8dbddfce25bdfcd8cd320d4,structured_always,True,,11,1,True,False,2,145
costly_recovery,7,1176cb8757dbe390eb4e9f9b0d4b3a4bc72bfcc21515174494dbb37f77ff076a,structured_always,True,,11,1,True,False,2,145
costly_recovery,8,a72015f71d8ec20abdbe416b22ea36aa7cba7a4f8fff772aee802dda5b2e44c4,structured_always,True,,11,1,True,False,2,145
costly_recovery,9,be74e1465bf40840b26cae0150c7675c6344d25641ff2eb53517df6ae64abd87,structured_always,True,,11,1,True,False,2,145
costly_recovery,10,d2e546d213446bbc87568176c3499d29dda3a6f074a1703567ff5e2ee7a6a717,structured_always,True,,11,1,True,False,2,145
costly_recovery,11,67c30a85d7cf6ab72f6a623e5758ba9cf435fb1eb4c26c3cd2799da1ee4a81fb,structured_always,True,,11,1,True,False,2,145
costly_recovery,12,39147bff34f0d3c1cd13bdece25401f0f17f90400b3989e377a0a6d3a47b03b3,structured_always,True,,11,1,True,False,2,145
costly_recovery,13,f716ecea8c9f07fac9f658a737c568b708ea546d9d8dae25d8110402af3b2b3a,structured_always,True,,11,1,True,False,2,145
costly_recovery,14,080430ef5d8c802a294c374c79de35b0e21f3d39bd7e1b9c76a73efaad4ee70c,structured_always,True,,11,1,True,False,2,145
costly_recovery,15,5f9f66e4484a529879e1fe0e1275becc769e5a33d3cc593290de0652165178f0,structured_always,True,,11,1,True,False,2,145
costly_recovery,16,3b11ce8e5dd2ba13b472f13714b26c8b10fc991b337507364bc75df6f9452c52,structured_always,True,,11,1,True,False,2,145
costly_recovery,17,94393d8d4a4e5797d1353d42f071ff290d955da043bd8c151e29017630253ce3,structured_always,True,,11,1,True,False,2,145
costly_recovery,18,1a1bfa5ce5e29d416458dfef817cb42fc2bc148746c5b76468ead5706ddf02da,structured_always,True,,11,1,True,False,2,145
costly_recovery,19,01b5fca4910fbc46464759604b9f8d7769e126548b9150d0bc96bb8a3416c6ba,structured_always,True,,11,1,True,False,2,145
costly_recovery,20,1b2eaaa2fbd051e79765e22cb8b3caa58c43c89d4e4f17a138baea4cbeb9d57f,structured_always,True,,11,1,True,False,2,145
costly_recovery,21,d790098292e151e7ecaa5fc46e99328cf874bfee4805cbba0b4f5c92ec05b97d,structured_always,True,,11,1,True,False,2,145
costly_recovery,22,af51265cf5a9c4a8a27d775e10dd47521a6075853e4cb9c27925091e91efaa83,structured_always,True,,11,1,True,False,2,145
costly_recovery,23,cd494e51f8c1c5ec95d00a96eb678c71d78817a3bdfae0ede17904b165df2af3,structured_always,True,,11,1,True,False,2,145
costly_recovery,24,f1fe4cd277830eb5f8201947e2273ef8926bdb86a043f19092a9e78ee97b822a,structured_always,True,,11,1,True,False,2,145
costly_recovery,25,c33fe8fc52705388da96b638bb0d2cc4a2421e3d6679392e68672e0c865e91e6,structured_always,True,,11,1,True,False,2,145
costly_recovery,26,02583220c17c025b019f41ac18293d3746ee4150d1876a1e1b435051346e95b5,structured_always,True,,11,1,True,False,2,145
costly_recovery,27,0ca77e8acd30b15149549345c3df22bd70637a1e13f15b18c859c2a516827bad,structured_always,True,,11,1,True,False,2,145
costly_recovery,28,7f0a70a5f46364034c54b66367a40d00224e08cd9dee6c675a01df5e8f44b5f9,structured_always,True,,11,1,True,False,2,145
costly_recovery,29,64bf382d0e02e2e8fb4d9829feefee10c607972c3c6daecd14e5403ca50d3b5f,structured_always,True,,11,1,True,False,2,145
costly_recovery,0,53bc16969bd87802644f3d75fa6c6a2751762911a30d9a153fb0f34648bf1920,structured_budgeted,True,,11,1,True,False,2,145
costly_recovery,1,58ab4640631b856ec80701ac07f7b9c8a7543a3f5e17ec68db2fcb29216448e5,structured_budgeted,True,,11,1,True,False,2,145
costly_recovery,2,f302ccd1c0f4478c44a1cae82e385fd79a8adbe58fe5f990e71f00c336c3e7cf,structured_budgeted,True,,11,1,True,False,2,145
costly_recovery,3,7b6427b433685bc39e8274e4ac66afb104a0628654e557f23e530e8de19ac9c9,structured_budgeted,True,,11,1,True,False,2,145
costly_recovery,4,579b055114c4b79ae4e53979fd23bb42d1ad0c21d3355d3a40224e649b48ba03,structured_budgeted,True,,11,1,True,False,2,145
costly_recovery,5,8ca92094a49153a913b1d49b51fbfde086ecf85c6ac1cb862310f6556fd9f07a,structured_budgeted,True,,11,1,True,False,2,145
costly_recovery,6,027ef294fe56825ef939200d2856bf2e63c6822df8dbddfce25bdfcd8cd320d4,structured_budgeted,True,,11,1,True,False,2,145
costly_recovery,7,1176cb8757dbe390eb4e9f9b0d4b3a4bc72bfcc21515174494dbb37f77ff076a,structured_budgeted,True,,11,1,True,False,2,145
costly_recovery,8,a72015f71d8ec20abdbe416b22ea36aa7cba7a4f8fff772aee802dda5b2e44c4,structured_budgeted,True,,11,1,True,False,2,145
costly_recovery,9,be74e1465bf40840b26cae0150c7675c6344d25641ff2eb53517df6ae64abd87,structured_budgeted,True,,11,1,True,False,2,145
costly_recovery,10,d2e546d213446bbc87568176c3499d29dda3a6f074a1703567ff5e2ee7a6a717,structured_budgeted,True,,11,1,True,False,2,145
costly_recovery,11,67c30a85d7cf6ab72f6a623e5758ba9cf435fb1eb4c26c3cd2799da1ee4a81fb,structured_budgeted,True,,11,1,True,False,2,145
costly_recovery,12,39147bff34f0d3c1cd13bdece25401f0f17f90400b3989e377a0a6d3a47b03b3,structured_budgeted,True,,11,1,True,False,2,145
costly_recovery,13,f716ecea8c9f07fac9f658a737c568b708ea546d9d8dae25d8110402af3b2b3a,structured_budgeted,True,,11,1,True,False,2,145
costly_recovery,14,080430ef5d8c802a294c374c79de35b0e21f3d39bd7e1b9c76a73efaad4ee70c,structured_budgeted,True,,11,1,True,False,2,145
costly_recovery,15,5f9f66e4484a529879e1fe0e1275becc769e5a33d3cc593290de0652165178f0,structured_budgeted,True,,11,1,True,False,2,145
costly_recovery,16,3b11ce8e5dd2ba13b472f13714b26c8b10fc991b337507364bc75df6f9452c52,structured_budgeted,True,,11,1,True,False,2,145
costly_recovery,17,94393d8d4a4e5797d1353d42f071ff290d955da043bd8c151e29017630253ce3,structured_budgeted,True,,11,1,True,False,2,145
costly_recovery,18,1a1bfa5ce5e29d416458dfef817cb42fc2bc148746c5b76468ead5706ddf02da,structured_budgeted,True,,11,1,True,False,2,145
costly_recovery,19,01b5fca4910fbc46464759604b9f8d7769e126548b9150d0bc96bb8a3416c6ba,structured_budgeted,True,,11,1,True,False,2,145
costly_recovery,20,1b2eaaa2fbd051e79765e22cb8b3caa58c43c89d4e4f17a138baea4cbeb9d57f,structured_budgeted,True,,11,1,True,False,2,145
costly_recovery,21,d790098292e151e7ecaa5fc46e99328cf874bfee4805cbba0b4f5c92ec05b97d,structured_budgeted,True,,11,1,True,False,2,145
costly_recovery,22,af51265cf5a9c4a8a27d775e10dd47521a6075853e4cb9c27925091e91efaa83,structured_budgeted,True,,11,1,True,False,2,145
costly_recovery,23,cd494e51f8c1c5ec95d00a96eb678c71d78817a3bdfae0ede17904b165df2af3,structured_budgeted,True,,11,1,True,False,2,145
costly_recovery,24,f1fe4cd277830eb5f8201947e2273ef8926bdb86a043f19092a9e78ee97b822a,structured_budgeted,True,,11,1,True,False,2,145
costly_recovery,25,c33fe8fc52705388da96b638bb0d2cc4a2421e3d6679392e68672e0c865e91e6,structured_budgeted,True,,11,1,True,False,2,145
costly_recovery,26,02583220c17c025b019f41ac18293d3746ee4150d1876a1e1b435051346e95b5,structured_budgeted,True,,11,1,True,False,2,145
costly_recovery,27,0ca77e8acd30b15149549345c3df22bd70637a1e13f15b18c859c2a516827bad,structured_budgeted,True,,11,1,True,False,2,145
costly_recovery,28,7f0a70a5f46364034c54b66367a40d00224e08cd9dee6c675a01df5e8f44b5f9,structured_budgeted,True,,11,1,True,False,2,145
costly_recovery,29,64bf382d0e02e2e8fb4d9829feefee10c607972c3c6daecd14e5403ca50d3b5f,structured_budgeted,True,,11,1,True,False,2,145
costly_recovery,0,53bc16969bd87802644f3d75fa6c6a2751762911a30d9a153fb0f34648bf1920,structured_never_recover,True,,14,4,False,True,2,145
costly_recovery,1,58ab4640631b856ec80701ac07f7b9c8a7543a3f5e17ec68db2fcb29216448e5,structured_never_recover,True,,14,4,False,True,2,145
costly_recovery,2,f302ccd1c0f4478c44a1cae82e385fd79a8adbe58fe5f990e71f00c336c3e7cf,structured_never_recover,True,,14,4,False,True,2,145
costly_recovery,3,7b6427b433685bc39e8274e4ac66afb104a0628654e557f23e530e8de19ac9c9,structured_never_recover,True,,14,4,False,True,2,145
costly_recovery,4,579b055114c4b79ae4e53979fd23bb42d1ad0c21d3355d3a40224e649b48ba03,structured_never_recover,True,,14,4,False,True,2,145
costly_recovery,5,8ca92094a49153a913b1d49b51fbfde086ecf85c6ac1cb862310f6556fd9f07a,structured_never_recover,True,,14,4,False,True,2,145
costly_recovery,6,027ef294fe56825ef939200d2856bf2e63c6822df8dbddfce25bdfcd8cd320d4,structured_never_recover,True,,14,4,False,True,2,145
costly_recovery,7,1176cb8757dbe390eb4e9f9b0d4b3a4bc72bfcc21515174494dbb37f77ff076a,structured_never_recover,True,,10,0,False,False,2,145
costly_recovery,8,a72015f71d8ec20abdbe416b22ea36aa7cba7a4f8fff772aee802dda5b2e44c4,structured_never_recover,True,,14,4,False,True,2,145
costly_recovery,9,be74e1465bf40840b26cae0150c7675c6344d25641ff2eb53517df6ae64abd87,structured_never_recover,True,,10,0,False,False,2,145
costly_recovery,10,d2e546d213446bbc87568176c3499d29dda3a6f074a1703567ff5e2ee7a6a717,structured_never_recover,True,,14,4,False,True,2,145
costly_recovery,11,67c30a85d7cf6ab72f6a623e5758ba9cf435fb1eb4c26c3cd2799da1ee4a81fb,structured_never_recover,True,,14,4,False,True,2,145
costly_recovery,12,39147bff34f0d3c1cd13bdece25401f0f17f90400b3989e377a0a6d3a47b03b3,structured_never_recover,True,,14,4,False,True,2,145
costly_recovery,13,f716ecea8c9f07fac9f658a737c568b708ea546d9d8dae25d8110402af3b2b3a,structured_never_recover,True,,14,4,False,True,2,145
costly_recovery,14,080430ef5d8c802a294c374c79de35b0e21f3d39bd7e1b9c76a73efaad4ee70c,structured_never_recover,True,,14,4,False,True,2,145
costly_recovery,15,5f9f66e4484a529879e1fe0e1275becc769e5a33d3cc593290de0652165178f0,structured_never_recover,True,,10,0,False,False,2,145
costly_recovery,16,3b11ce8e5dd2ba13b472f13714b26c8b10fc991b337507364bc75df6f9452c52,structured_never_recover,True,,14,4,False,True,2,145
costly_recovery,17,94393d8d4a4e5797d1353d42f071ff290d955da043bd8c151e29017630253ce3,structured_never_recover,True,,10,0,False,False,2,145
costly_recovery,18,1a1bfa5ce5e29d416458dfef817cb42fc2bc148746c5b76468ead5706ddf02da,structured_never_recover,True,,14,4,False,True,2,145
costly_recovery,19,01b5fca4910fbc46464759604b9f8d7769e126548b9150d0bc96bb8a3416c6ba,structured_never_recover,True,,14,4,False,True,2,145
costly_recovery,20,1b2eaaa2fbd051e79765e22cb8b3caa58c43c89d4e4f17a138baea4cbeb9d57f,structured_never_recover,True,,14,4,False,True,2,145
costly_recovery,21,d790098292e151e7ecaa5fc46e99328cf874bfee4805cbba0b4f5c92ec05b97d,structured_never_recover,True,,10,0,False,False,2,145
costly_recovery,22,af51265cf5a9c4a8a27d775e10dd47521a6075853e4cb9c27925091e91efaa83,structured_never_recover,True,,14,4,False,True,2,145
costly_recovery,23,cd494e51f8c1c5ec95d00a96eb678c71d78817a3bdfae0ede17904b165df2af3,structured_never_recover,True,,10,0,False,False,2,145
costly_recovery,24,f1fe4cd277830eb5f8201947e2273ef8926bdb86a043f19092a9e78ee97b822a,structured_never_recover,True,,14,4,False,True,2,145
costly_recovery,25,c33fe8fc52705388da96b638bb0d2cc4a2421e3d6679392e68672e0c865e91e6,structured_never_recover,True,,10,0,False,False,2,145
costly_recovery,26,02583220c17c025b019f41ac18293d3746ee4150d1876a1e1b435051346e95b5,structured_never_recover,True,,14,4,False,True,2,145
costly_recovery,27,0ca77e8acd30b15149549345c3df22bd70637a1e13f15b18c859c2a516827bad,structured_never_recover,True,,10,0,False,False,2,145
costly_recovery,28,7f0a70a5f46364034c54b66367a40d00224e08cd9dee6c675a01df5e8f44b5f9,structured_never_recover,True,,10,0,False,False,2,145
costly_recovery,29,64bf382d0e02e2e8fb4d9829feefee10c607972c3c6daecd14e5403ca50d3b5f,structured_never_recover,True,,10,0,False,False,2,145
costly_recovery,0,53bc16969bd87802644f3d75fa6c6a2751762911a30d9a153fb0f34648bf1920,structured_always_recover,True,,11,1,True,False,2,145
costly_recovery,1,58ab4640631b856ec80701ac07f7b9c8a7543a3f5e17ec68db2fcb29216448e5,structured_always_recover,True,,11,1,True,False,2,145
costly_recovery,2,f302ccd1c0f4478c44a1cae82e385fd79a8adbe58fe5f990e71f00c336c3e7cf,structured_always_recover,True,,11,1,True,False,2,145
costly_recovery,3,7b6427b433685bc39e8274e4ac66afb104a0628654e557f23e530e8de19ac9c9,structured_always_recover,True,,11,1,True,False,2,145
costly_recovery,4,579b055114c4b79ae4e53979fd23bb42d1ad0c21d3355d3a40224e649b48ba03,structured_always_recover,True,,11,1,True,False,2,145
costly_recovery,5,8ca92094a49153a913b1d49b51fbfde086ecf85c6ac1cb862310f6556fd9f07a,structured_always_recover,True,,11,1,True,False,2,145
costly_recovery,6,027ef294fe56825ef939200d2856bf2e63c6822df8dbddfce25bdfcd8cd320d4,structured_always_recover,True,,11,1,True,False,2,145
costly_recovery,7,1176cb8757dbe390eb4e9f9b0d4b3a4bc72bfcc21515174494dbb37f77ff076a,structured_always_recover,True,,11,1,True,False,2,145
costly_recovery,8,a72015f71d8ec20abdbe416b22ea36aa7cba7a4f8fff772aee802dda5b2e44c4,structured_always_recover,True,,11,1,True,False,2,145
costly_recovery,9,be74e1465bf40840b26cae0150c7675c6344d25641ff2eb53517df6ae64abd87,structured_always_recover,True,,11,1,True,False,2,145
costly_recovery,10,d2e546d213446bbc87568176c3499d29dda3a6f074a1703567ff5e2ee7a6a717,structured_always_recover,True,,11,1,True,False,2,145
costly_recovery,11,67c30a85d7cf6ab72f6a623e5758ba9cf435fb1eb4c26c3cd2799da1ee4a81fb,structured_always_recover,True,,11,1,True,False,2,145
costly_recovery,12,39147bff34f0d3c1cd13bdece25401f0f17f90400b3989e377a0a6d3a47b03b3,structured_always_recover,True,,11,1,True,False,2,145
costly_recovery,13,f716ecea8c9f07fac9f658a737c568b708ea546d9d8dae25d8110402af3b2b3a,structured_always_recover,True,,11,1,True,False,2,145
costly_recovery,14,080430ef5d8c802a294c374c79de35b0e21f3d39bd7e1b9c76a73efaad4ee70c,structured_always_recover,True,,11,1,True,False,2,145
costly_recovery,15,5f9f66e4484a529879e1fe0e1275becc769e5a33d3cc593290de0652165178f0,structured_always_recover,True,,11,1,True,False,2,145
costly_recovery,16,3b11ce8e5dd2ba13b472f13714b26c8b10fc991b337507364bc75df6f9452c52,structured_always_recover,True,,11,1,True,False,2,145
costly_recovery,17,94393d8d4a4e5797d1353d42f071ff290d955da043bd8c151e29017630253ce3,structured_always_recover,True,,11,1,True,False,2,145
costly_recovery,18,1a1bfa5ce5e29d416458dfef817cb42fc2bc148746c5b76468ead5706ddf02da,structured_always_recover,True,,11,1,True,False,2,145
costly_recovery,19,01b5fca4910fbc46464759604b9f8d7769e126548b9150d0bc96bb8a3416c6ba,structured_always_recover,True,,11,1,True,False,2,145
costly_recovery,20,1b2eaaa2fbd051e79765e22cb8b3caa58c43c89d4e4f17a138baea4cbeb9d57f,structured_always_recover,True,,11,1,True,False,2,145
costly_recovery,21,d790098292e151e7ecaa5fc46e99328cf874bfee4805cbba0b4f5c92ec05b97d,structured_always_recover,True,,11,1,True,False,2,145
costly_recovery,22,af51265cf5a9c4a8a27d775e10dd47521a6075853e4cb9c27925091e91efaa83,structured_always_recover,True,,11,1,True,False,2,145
costly_recovery,23,cd494e51f8c1c5ec95d00a96eb678c71d78817a3bdfae0ede17904b165df2af3,structured_always_recover,True,,11,1,True,False,2,145
costly_recovery,24,f1fe4cd277830eb5f8201947e2273ef8926bdb86a043f19092a9e78ee97b822a,structured_always_recover,True,,11,1,True,False,2,145
costly_recovery,25,c33fe8fc52705388da96b638bb0d2cc4a2421e3d6679392e68672e0c865e91e6,structured_always_recover,True,,11,1,True,False,2,145
costly_recovery,26,02583220c17c025b019f41ac18293d3746ee4150d1876a1e1b435051346e95b5,structured_always_recover,True,,11,1,True,False,2,145
costly_recovery,27,0ca77e8acd30b15149549345c3df22bd70637a1e13f15b18c859c2a516827bad,structured_always_recover,True,,11,1,True,False,2,145
costly_recovery,28,7f0a70a5f46364034c54b66367a40d00224e08cd9dee6c675a01df5e8f44b5f9,structured_always_recover,True,,11,1,True,False,2,145
costly_recovery,29,64bf382d0e02e2e8fb4d9829feefee10c607972c3c6daecd14e5403ca50d3b5f,structured_always_recover,True,,11,1,True,False,2,145
revision_cheap_recovery,0,dbddf4528fb727d81aa39b079b4352f4cb38669d267641063d275ff533c0cb65,reference_retain,True,,10,0,False,False,2,145
revision_cheap_recovery,1,b78c385f70be410db2fafbfce6164d433f0c860671beaad5e57df58d552210ed,reference_retain,False,missing_receipt,10,0,False,False,2,145
revision_cheap_recovery,2,c081d5dde0c2ea21ce1f8dcccbd36b6a32e3c519aeb8b793fe084fa59841ac56,reference_retain,True,,10,0,False,False,2,145
revision_cheap_recovery,3,a90d2e84b9b1037350cc8c9928eb02fcb758bb4c8fb5ba4b2ebef1234e8cc454,reference_retain,False,missing_receipt,10,0,False,False,2,145
revision_cheap_recovery,4,a30286f2faf3976e164326016dc25386ca33225301abd8d170387fc4d96f3871,reference_retain,True,,10,0,False,False,2,145
revision_cheap_recovery,5,3e77e4ec58b1180108af03ee44ccb099b38906e8a1993b7a8a70b224e767f7fe,reference_retain,False,missing_receipt,10,0,False,False,2,145
revision_cheap_recovery,6,3f50f262241674d6393e44cd7b778ddbc380b057281defa6862d082e416d7a80,reference_retain,True,,10,0,False,False,2,145
revision_cheap_recovery,7,73642b372b68249c121a6e70f4bfd336702db2bf346095307665735bbfaff6e4,reference_retain,True,,10,0,False,False,2,145
revision_cheap_recovery,8,721eb922b9eef46bfe1ec4da9d3cb3b875ad3ed7140e68cd97f8a278524d6c40,reference_retain,True,,10,0,False,False,2,145
revision_cheap_recovery,9,3feba52585d57dc8a3b2e07492bfdc3bbc87c387f6677b1ac4bafa8177ed0fc5,reference_retain,True,,10,0,False,False,2,145
revision_cheap_recovery,10,fd1426102297c04822c0dadaeb8662509bbb65e906763afc85e36005e510f21e,reference_retain,True,,10,0,False,False,2,145
revision_cheap_recovery,11,adcc261c96c419ee7c3e6c59da8437083794e796d44e127127925b20215cf4fe,reference_retain,False,missing_receipt,10,0,False,False,2,145
revision_cheap_recovery,12,505cc181bbc06bc2978c81fc08da590031942570a6be41b65a15fe1aa3e93553,reference_retain,True,,10,0,False,False,2,145
revision_cheap_recovery,13,b8a0f20bb08dd31dfc5bb9c74965a75c76e0a2358036eb171c9e2e4966a15fc6,reference_retain,False,missing_receipt,10,0,False,False,2,145
revision_cheap_recovery,14,1ce0f533857fa96e1b71d0504eb2e10f1b1543e4d50e01a6837d3e7c55b94e42,reference_retain,True,,10,0,False,False,2,145
revision_cheap_recovery,15,ff2d02b308a2ab2ffee3b69369efa8c59e9db7c589866b3acc48bd97fc9caf82,reference_retain,True,,10,0,False,False,2,145
revision_cheap_recovery,16,06b68b8cce1f286654ce17a7af9ee9e5c3bcefa264913f9c9623d71c1a6e4eec,reference_retain,True,,10,0,False,False,2,145
revision_cheap_recovery,17,304cc4cb093b334aa96f8e42ccb46bde7f47c6287c5ad5df670ec057b0dbd6a2,reference_retain,True,,10,0,False,False,2,145
revision_cheap_recovery,18,727bfea16065d253b18cbc655953f180353bfbb87b997a667699229c1ac92dd1,reference_retain,True,,10,0,False,False,2,145
revision_cheap_recovery,19,ca94aebd2c7a27648dbb925c224d48858f691601f274384503aedd46baaf5023,reference_retain,False,missing_receipt,10,0,False,False,2,145
revision_cheap_recovery,20,b370c606c91b903798ad90f3673640def9bf8f7eeed467411381bb478434e15b,reference_retain,True,,10,0,False,False,2,145
revision_cheap_recovery,21,5012d2acd35fedbbb3b19f6ab7010df18713e9bc16524de1d6f9342b42c6f53d,reference_retain,True,,10,0,False,False,2,145
revision_cheap_recovery,22,720caca684fd8b7c77dee9d772bb240f2c04f23ad7dc5cf8db9b221cd6f6f0e8,reference_retain,True,,10,0,False,False,2,145
revision_cheap_recovery,23,fffc69a3736edeccfef14e416d5857ccf75518f524aa72f4542fa53e93eecc1f,reference_retain,True,,10,0,False,False,2,145
revision_cheap_recovery,24,832cd57e18569f445ff880017d735fee98fd369bcd95d084221f6483ec695cb1,reference_retain,True,,10,0,False,False,2,145
revision_cheap_recovery,25,eb53dfc9a36f6079c23accd74f03e0bcee906849eed87831a22bbc98fe30194f,reference_retain,True,,10,0,False,False,2,145
revision_cheap_recovery,26,407b5090160187b432a518ceb157f2d48eacff76a706f449a11d4814078c17be,reference_retain,True,,10,0,False,False,2,145
revision_cheap_recovery,27,4c00c38ecc2be2740153371704a24312ce43d8e34bda84a2eb48525bddfd22a7,reference_retain,True,,10,0,False,False,2,145
revision_cheap_recovery,28,361c1bdc8b2e9dc7190d5ab2bc35278bc699dd86136e8533272367ac0a2eb7a8,reference_retain,True,,10,0,False,False,2,145
revision_cheap_recovery,29,32975b1060567ccace3a10f56843033b5b93916162905af392ab9178ea8cd1d4,reference_retain,True,,10,0,False,False,2,145
revision_cheap_recovery,0,dbddf4528fb727d81aa39b079b4352f4cb38669d267641063d275ff533c0cb65,reference_retain_recover,True,,10,0,False,False,2,145
revision_cheap_recovery,1,b78c385f70be410db2fafbfce6164d433f0c860671beaad5e57df58d552210ed,reference_retain_recover,True,,14,4,False,True,2,145
revision_cheap_recovery,2,c081d5dde0c2ea21ce1f8dcccbd36b6a32e3c519aeb8b793fe084fa59841ac56,reference_retain_recover,True,,10,0,False,False,2,145
revision_cheap_recovery,3,a90d2e84b9b1037350cc8c9928eb02fcb758bb4c8fb5ba4b2ebef1234e8cc454,reference_retain_recover,True,,14,4,False,True,2,145
revision_cheap_recovery,4,a30286f2faf3976e164326016dc25386ca33225301abd8d170387fc4d96f3871,reference_retain_recover,True,,10,0,False,False,2,145
revision_cheap_recovery,5,3e77e4ec58b1180108af03ee44ccb099b38906e8a1993b7a8a70b224e767f7fe,reference_retain_recover,True,,14,4,False,True,2,145
revision_cheap_recovery,6,3f50f262241674d6393e44cd7b778ddbc380b057281defa6862d082e416d7a80,reference_retain_recover,True,,10,0,False,False,2,145
revision_cheap_recovery,7,73642b372b68249c121a6e70f4bfd336702db2bf346095307665735bbfaff6e4,reference_retain_recover,True,,10,0,False,False,2,145
revision_cheap_recovery,8,721eb922b9eef46bfe1ec4da9d3cb3b875ad3ed7140e68cd97f8a278524d6c40,reference_retain_recover,True,,10,0,False,False,2,145
revision_cheap_recovery,9,3feba52585d57dc8a3b2e07492bfdc3bbc87c387f6677b1ac4bafa8177ed0fc5,reference_retain_recover,True,,10,0,False,False,2,145
revision_cheap_recovery,10,fd1426102297c04822c0dadaeb8662509bbb65e906763afc85e36005e510f21e,reference_retain_recover,True,,10,0,False,False,2,145
revision_cheap_recovery,11,adcc261c96c419ee7c3e6c59da8437083794e796d44e127127925b20215cf4fe,reference_retain_recover,True,,14,4,False,True,2,145
revision_cheap_recovery,12,505cc181bbc06bc2978c81fc08da590031942570a6be41b65a15fe1aa3e93553,reference_retain_recover,True,,10,0,False,False,2,145
revision_cheap_recovery,13,b8a0f20bb08dd31dfc5bb9c74965a75c76e0a2358036eb171c9e2e4966a15fc6,reference_retain_recover,True,,14,4,False,True,2,145
revision_cheap_recovery,14,1ce0f533857fa96e1b71d0504eb2e10f1b1543e4d50e01a6837d3e7c55b94e42,reference_retain_recover,True,,10,0,False,False,2,145
revision_cheap_recovery,15,ff2d02b308a2ab2ffee3b69369efa8c59e9db7c589866b3acc48bd97fc9caf82,reference_retain_recover,True,,10,0,False,False,2,145
revision_cheap_recovery,16,06b68b8cce1f286654ce17a7af9ee9e5c3bcefa264913f9c9623d71c1a6e4eec,reference_retain_recover,True,,10,0,False,False,2,145
revision_cheap_recovery,17,304cc4cb093b334aa96f8e42ccb46bde7f47c6287c5ad5df670ec057b0dbd6a2,reference_retain_recover,True,,10,0,False,False,2,145
revision_cheap_recovery,18,727bfea16065d253b18cbc655953f180353bfbb87b997a667699229c1ac92dd1,reference_retain_recover,True,,10,0,False,False,2,145
revision_cheap_recovery,19,ca94aebd2c7a27648dbb925c224d48858f691601f274384503aedd46baaf5023,reference_retain_recover,True,,14,4,False,True,2,145
revision_cheap_recovery,20,b370c606c91b903798ad90f3673640def9bf8f7eeed467411381bb478434e15b,reference_retain_recover,True,,10,0,False,False,2,145
revision_cheap_recovery,21,5012d2acd35fedbbb3b19f6ab7010df18713e9bc16524de1d6f9342b42c6f53d,reference_retain_recover,True,,10,0,False,False,2,145
revision_cheap_recovery,22,720caca684fd8b7c77dee9d772bb240f2c04f23ad7dc5cf8db9b221cd6f6f0e8,reference_retain_recover,True,,10,0,False,False,2,145
revision_cheap_recovery,23,fffc69a3736edeccfef14e416d5857ccf75518f524aa72f4542fa53e93eecc1f,reference_retain_recover,True,,10,0,False,False,2,145
revision_cheap_recovery,24,832cd57e18569f445ff880017d735fee98fd369bcd95d084221f6483ec695cb1,reference_retain_recover,True,,10,0,False,False,2,145
revision_cheap_recovery,25,eb53dfc9a36f6079c23accd74f03e0bcee906849eed87831a22bbc98fe30194f,reference_retain_recover,True,,10,0,False,False,2,145
revision_cheap_recovery,26,407b5090160187b432a518ceb157f2d48eacff76a706f449a11d4814078c17be,reference_retain_recover,True,,10,0,False,False,2,145
revision_cheap_recovery,27,4c00c38ecc2be2740153371704a24312ce43d8e34bda84a2eb48525bddfd22a7,reference_retain_recover,True,,10,0,False,False,2,145
revision_cheap_recovery,28,361c1bdc8b2e9dc7190d5ab2bc35278bc699dd86136e8533272367ac0a2eb7a8,reference_retain_recover,True,,10,0,False,False,2,145
revision_cheap_recovery,29,32975b1060567ccace3a10f56843033b5b93916162905af392ab9178ea8cd1d4,reference_retain_recover,True,,10,0,False,False,2,145
revision_cheap_recovery,0,dbddf4528fb727d81aa39b079b4352f4cb38669d267641063d275ff533c0cb65,reference_inspect,True,,11,1,True,False,2,145
revision_cheap_recovery,1,b78c385f70be410db2fafbfce6164d433f0c860671beaad5e57df58d552210ed,reference_inspect,True,,11,1,True,False,2,145
revision_cheap_recovery,2,c081d5dde0c2ea21ce1f8dcccbd36b6a32e3c519aeb8b793fe084fa59841ac56,reference_inspect,True,,11,1,True,False,2,145
revision_cheap_recovery,3,a90d2e84b9b1037350cc8c9928eb02fcb758bb4c8fb5ba4b2ebef1234e8cc454,reference_inspect,True,,11,1,True,False,2,145
revision_cheap_recovery,4,a30286f2faf3976e164326016dc25386ca33225301abd8d170387fc4d96f3871,reference_inspect,True,,11,1,True,False,2,145
revision_cheap_recovery,5,3e77e4ec58b1180108af03ee44ccb099b38906e8a1993b7a8a70b224e767f7fe,reference_inspect,True,,11,1,True,False,2,145
revision_cheap_recovery,6,3f50f262241674d6393e44cd7b778ddbc380b057281defa6862d082e416d7a80,reference_inspect,True,,11,1,True,False,2,145
revision_cheap_recovery,7,73642b372b68249c121a6e70f4bfd336702db2bf346095307665735bbfaff6e4,reference_inspect,True,,11,1,True,False,2,145
revision_cheap_recovery,8,721eb922b9eef46bfe1ec4da9d3cb3b875ad3ed7140e68cd97f8a278524d6c40,reference_inspect,True,,11,1,True,False,2,145
revision_cheap_recovery,9,3feba52585d57dc8a3b2e07492bfdc3bbc87c387f6677b1ac4bafa8177ed0fc5,reference_inspect,True,,11,1,True,False,2,145
revision_cheap_recovery,10,fd1426102297c04822c0dadaeb8662509bbb65e906763afc85e36005e510f21e,reference_inspect,True,,11,1,True,False,2,145
revision_cheap_recovery,11,adcc261c96c419ee7c3e6c59da8437083794e796d44e127127925b20215cf4fe,reference_inspect,True,,11,1,True,False,2,145
revision_cheap_recovery,12,505cc181bbc06bc2978c81fc08da590031942570a6be41b65a15fe1aa3e93553,reference_inspect,True,,11,1,True,False,2,145
revision_cheap_recovery,13,b8a0f20bb08dd31dfc5bb9c74965a75c76e0a2358036eb171c9e2e4966a15fc6,reference_inspect,True,,11,1,True,False,2,145
revision_cheap_recovery,14,1ce0f533857fa96e1b71d0504eb2e10f1b1543e4d50e01a6837d3e7c55b94e42,reference_inspect,True,,11,1,True,False,2,145
revision_cheap_recovery,15,ff2d02b308a2ab2ffee3b69369efa8c59e9db7c589866b3acc48bd97fc9caf82,reference_inspect,True,,11,1,True,False,2,145
revision_cheap_recovery,16,06b68b8cce1f286654ce17a7af9ee9e5c3bcefa264913f9c9623d71c1a6e4eec,reference_inspect,True,,11,1,True,False,2,145
revision_cheap_recovery,17,304cc4cb093b334aa96f8e42ccb46bde7f47c6287c5ad5df670ec057b0dbd6a2,reference_inspect,True,,11,1,True,False,2,145
revision_cheap_recovery,18,727bfea16065d253b18cbc655953f180353bfbb87b997a667699229c1ac92dd1,reference_inspect,True,,11,1,True,False,2,145
revision_cheap_recovery,19,ca94aebd2c7a27648dbb925c224d48858f691601f274384503aedd46baaf5023,reference_inspect,True,,11,1,True,False,2,145
revision_cheap_recovery,20,b370c606c91b903798ad90f3673640def9bf8f7eeed467411381bb478434e15b,reference_inspect,True,,11,1,True,False,2,145
revision_cheap_recovery,21,5012d2acd35fedbbb3b19f6ab7010df18713e9bc16524de1d6f9342b42c6f53d,reference_inspect,True,,11,1,True,False,2,145
revision_cheap_recovery,22,720caca684fd8b7c77dee9d772bb240f2c04f23ad7dc5cf8db9b221cd6f6f0e8,reference_inspect,True,,11,1,True,False,2,145
revision_cheap_recovery,23,fffc69a3736edeccfef14e416d5857ccf75518f524aa72f4542fa53e93eecc1f,reference_inspect,True,,11,1,True,False,2,145
revision_cheap_recovery,24,832cd57e18569f445ff880017d735fee98fd369bcd95d084221f6483ec695cb1,reference_inspect,True,,11,1,True,False,2,145
revision_cheap_recovery,25,eb53dfc9a36f6079c23accd74f03e0bcee906849eed87831a22bbc98fe30194f,reference_inspect,True,,11,1,True,False,2,145
revision_cheap_recovery,26,407b5090160187b432a518ceb157f2d48eacff76a706f449a11d4814078c17be,reference_inspect,True,,11,1,True,False,2,145
revision_cheap_recovery,27,4c00c38ecc2be2740153371704a24312ce43d8e34bda84a2eb48525bddfd22a7,reference_inspect,True,,11,1,True,False,2,145
revision_cheap_recovery,28,361c1bdc8b2e9dc7190d5ab2bc35278bc699dd86136e8533272367ac0a2eb7a8,reference_inspect,True,,11,1,True,False,2,145
revision_cheap_recovery,29,32975b1060567ccace3a10f56843033b5b93916162905af392ab9178ea8cd1d4,reference_inspect,True,,11,1,True,False,2,145
revision_cheap_recovery,0,dbddf4528fb727d81aa39b079b4352f4cb38669d267641063d275ff533c0cb65,reference_inspect_recover,True,,11,1,True,False,2,145
revision_cheap_recovery,1,b78c385f70be410db2fafbfce6164d433f0c860671beaad5e57df58d552210ed,reference_inspect_recover,True,,11,1,True,False,2,145
revision_cheap_recovery,2,c081d5dde0c2ea21ce1f8dcccbd36b6a32e3c519aeb8b793fe084fa59841ac56,reference_inspect_recover,True,,11,1,True,False,2,145
revision_cheap_recovery,3,a90d2e84b9b1037350cc8c9928eb02fcb758bb4c8fb5ba4b2ebef1234e8cc454,reference_inspect_recover,True,,11,1,True,False,2,145
revision_cheap_recovery,4,a30286f2faf3976e164326016dc25386ca33225301abd8d170387fc4d96f3871,reference_inspect_recover,True,,11,1,True,False,2,145
revision_cheap_recovery,5,3e77e4ec58b1180108af03ee44ccb099b38906e8a1993b7a8a70b224e767f7fe,reference_inspect_recover,True,,11,1,True,False,2,145
revision_cheap_recovery,6,3f50f262241674d6393e44cd7b778ddbc380b057281defa6862d082e416d7a80,reference_inspect_recover,True,,11,1,True,False,2,145
revision_cheap_recovery,7,73642b372b68249c121a6e70f4bfd336702db2bf346095307665735bbfaff6e4,reference_inspect_recover,True,,11,1,True,False,2,145
revision_cheap_recovery,8,721eb922b9eef46bfe1ec4da9d3cb3b875ad3ed7140e68cd97f8a278524d6c40,reference_inspect_recover,True,,11,1,True,False,2,145
revision_cheap_recovery,9,3feba52585d57dc8a3b2e07492bfdc3bbc87c387f6677b1ac4bafa8177ed0fc5,reference_inspect_recover,True,,11,1,True,False,2,145
revision_cheap_recovery,10,fd1426102297c04822c0dadaeb8662509bbb65e906763afc85e36005e510f21e,reference_inspect_recover,True,,11,1,True,False,2,145
revision_cheap_recovery,11,adcc261c96c419ee7c3e6c59da8437083794e796d44e127127925b20215cf4fe,reference_inspect_recover,True,,11,1,True,False,2,145
revision_cheap_recovery,12,505cc181bbc06bc2978c81fc08da590031942570a6be41b65a15fe1aa3e93553,reference_inspect_recover,True,,11,1,True,False,2,145
revision_cheap_recovery,13,b8a0f20bb08dd31dfc5bb9c74965a75c76e0a2358036eb171c9e2e4966a15fc6,reference_inspect_recover,True,,11,1,True,False,2,145
revision_cheap_recovery,14,1ce0f533857fa96e1b71d0504eb2e10f1b1543e4d50e01a6837d3e7c55b94e42,reference_inspect_recover,True,,11,1,True,False,2,145
revision_cheap_recovery,15,ff2d02b308a2ab2ffee3b69369efa8c59e9db7c589866b3acc48bd97fc9caf82,reference_inspect_recover,True,,11,1,True,False,2,145
revision_cheap_recovery,16,06b68b8cce1f286654ce17a7af9ee9e5c3bcefa264913f9c9623d71c1a6e4eec,reference_inspect_recover,True,,11,1,True,False,2,145
revision_cheap_recovery,17,304cc4cb093b334aa96f8e42ccb46bde7f47c6287c5ad5df670ec057b0dbd6a2,reference_inspect_recover,True,,11,1,True,False,2,145
revision_cheap_recovery,18,727bfea16065d253b18cbc655953f180353bfbb87b997a667699229c1ac92dd1,reference_inspect_recover,True,,11,1,True,False,2,145
revision_cheap_recovery,19,ca94aebd2c7a27648dbb925c224d48858f691601f274384503aedd46baaf5023,reference_inspect_recover,True,,11,1,True,False,2,145
revision_cheap_recovery,20,b370c606c91b903798ad90f3673640def9bf8f7eeed467411381bb478434e15b,reference_inspect_recover,True,,11,1,True,False,2,145
revision_cheap_recovery,21,5012d2acd35fedbbb3b19f6ab7010df18713e9bc16524de1d6f9342b42c6f53d,reference_inspect_recover,True,,11,1,True,False,2,145
revision_cheap_recovery,22,720caca684fd8b7c77dee9d772bb240f2c04f23ad7dc5cf8db9b221cd6f6f0e8,reference_inspect_recover,True,,11,1,True,False,2,145
revision_cheap_recovery,23,fffc69a3736edeccfef14e416d5857ccf75518f524aa72f4542fa53e93eecc1f,reference_inspect_recover,True,,11,1,True,False,2,145
revision_cheap_recovery,24,832cd57e18569f445ff880017d735fee98fd369bcd95d084221f6483ec695cb1,reference_inspect_recover,True,,11,1,True,False,2,145
revision_cheap_recovery,25,eb53dfc9a36f6079c23accd74f03e0bcee906849eed87831a22bbc98fe30194f,reference_inspect_recover,True,,11,1,True,False,2,145
revision_cheap_recovery,26,407b5090160187b432a518ceb157f2d48eacff76a706f449a11d4814078c17be,reference_inspect_recover,True,,11,1,True,False,2,145
revision_cheap_recovery,27,4c00c38ecc2be2740153371704a24312ce43d8e34bda84a2eb48525bddfd22a7,reference_inspect_recover,True,,11,1,True,False,2,145
revision_cheap_recovery,28,361c1bdc8b2e9dc7190d5ab2bc35278bc699dd86136e8533272367ac0a2eb7a8,reference_inspect_recover,True,,11,1,True,False,2,145
revision_cheap_recovery,29,32975b1060567ccace3a10f56843033b5b93916162905af392ab9178ea8cd1d4,reference_inspect_recover,True,,11,1,True,False,2,145
revision_cheap_recovery,0,dbddf4528fb727d81aa39b079b4352f4cb38669d267641063d275ff533c0cb65,recent_never,True,,10,0,False,False,2,145
revision_cheap_recovery,1,b78c385f70be410db2fafbfce6164d433f0c860671beaad5e57df58d552210ed,recent_never,False,missing_receipt,10,0,False,False,2,145
revision_cheap_recovery,2,c081d5dde0c2ea21ce1f8dcccbd36b6a32e3c519aeb8b793fe084fa59841ac56,recent_never,True,,10,0,False,False,2,145
revision_cheap_recovery,3,a90d2e84b9b1037350cc8c9928eb02fcb758bb4c8fb5ba4b2ebef1234e8cc454,recent_never,False,missing_receipt,10,0,False,False,2,145
revision_cheap_recovery,4,a30286f2faf3976e164326016dc25386ca33225301abd8d170387fc4d96f3871,recent_never,True,,10,0,False,False,2,145
revision_cheap_recovery,5,3e77e4ec58b1180108af03ee44ccb099b38906e8a1993b7a8a70b224e767f7fe,recent_never,False,missing_receipt,10,0,False,False,2,145
revision_cheap_recovery,6,3f50f262241674d6393e44cd7b778ddbc380b057281defa6862d082e416d7a80,recent_never,True,,10,0,False,False,2,145
revision_cheap_recovery,7,73642b372b68249c121a6e70f4bfd336702db2bf346095307665735bbfaff6e4,recent_never,False,missing_receipt,10,0,False,False,2,145
revision_cheap_recovery,8,721eb922b9eef46bfe1ec4da9d3cb3b875ad3ed7140e68cd97f8a278524d6c40,recent_never,True,,10,0,False,False,2,145
revision_cheap_recovery,9,3feba52585d57dc8a3b2e07492bfdc3bbc87c387f6677b1ac4bafa8177ed0fc5,recent_never,True,,10,0,False,False,2,145
revision_cheap_recovery,10,fd1426102297c04822c0dadaeb8662509bbb65e906763afc85e36005e510f21e,recent_never,True,,10,0,False,False,2,145
revision_cheap_recovery,11,adcc261c96c419ee7c3e6c59da8437083794e796d44e127127925b20215cf4fe,recent_never,False,missing_receipt,10,0,False,False,2,145
revision_cheap_recovery,12,505cc181bbc06bc2978c81fc08da590031942570a6be41b65a15fe1aa3e93553,recent_never,True,,10,0,False,False,2,145
revision_cheap_recovery,13,b8a0f20bb08dd31dfc5bb9c74965a75c76e0a2358036eb171c9e2e4966a15fc6,recent_never,False,missing_receipt,10,0,False,False,2,145
revision_cheap_recovery,14,1ce0f533857fa96e1b71d0504eb2e10f1b1543e4d50e01a6837d3e7c55b94e42,recent_never,True,,10,0,False,False,2,145
revision_cheap_recovery,15,ff2d02b308a2ab2ffee3b69369efa8c59e9db7c589866b3acc48bd97fc9caf82,recent_never,False,missing_receipt,10,0,False,False,2,145
revision_cheap_recovery,16,06b68b8cce1f286654ce17a7af9ee9e5c3bcefa264913f9c9623d71c1a6e4eec,recent_never,True,,10,0,False,False,2,145
revision_cheap_recovery,17,304cc4cb093b334aa96f8e42ccb46bde7f47c6287c5ad5df670ec057b0dbd6a2,recent_never,True,,10,0,False,False,2,145
revision_cheap_recovery,18,727bfea16065d253b18cbc655953f180353bfbb87b997a667699229c1ac92dd1,recent_never,True,,10,0,False,False,2,145
revision_cheap_recovery,19,ca94aebd2c7a27648dbb925c224d48858f691601f274384503aedd46baaf5023,recent_never,False,missing_receipt,10,0,False,False,2,145
revision_cheap_recovery,20,b370c606c91b903798ad90f3673640def9bf8f7eeed467411381bb478434e15b,recent_never,True,,10,0,False,False,2,145
revision_cheap_recovery,21,5012d2acd35fedbbb3b19f6ab7010df18713e9bc16524de1d6f9342b42c6f53d,recent_never,False,missing_receipt,10,0,False,False,2,145
revision_cheap_recovery,22,720caca684fd8b7c77dee9d772bb240f2c04f23ad7dc5cf8db9b221cd6f6f0e8,recent_never,True,,10,0,False,False,2,145
revision_cheap_recovery,23,fffc69a3736edeccfef14e416d5857ccf75518f524aa72f4542fa53e93eecc1f,recent_never,True,,10,0,False,False,2,145
revision_cheap_recovery,24,832cd57e18569f445ff880017d735fee98fd369bcd95d084221f6483ec695cb1,recent_never,True,,10,0,False,False,2,145
revision_cheap_recovery,25,eb53dfc9a36f6079c23accd74f03e0bcee906849eed87831a22bbc98fe30194f,recent_never,False,missing_receipt,10,0,False,False,2,145
revision_cheap_recovery,26,407b5090160187b432a518ceb157f2d48eacff76a706f449a11d4814078c17be,recent_never,True,,10,0,False,False,2,145
revision_cheap_recovery,27,4c00c38ecc2be2740153371704a24312ce43d8e34bda84a2eb48525bddfd22a7,recent_never,True,,10,0,False,False,2,145
revision_cheap_recovery,28,361c1bdc8b2e9dc7190d5ab2bc35278bc699dd86136e8533272367ac0a2eb7a8,recent_never,True,,10,0,False,False,2,145
revision_cheap_recovery,29,32975b1060567ccace3a10f56843033b5b93916162905af392ab9178ea8cd1d4,recent_never,True,,10,0,False,False,2,145
revision_cheap_recovery,0,dbddf4528fb727d81aa39b079b4352f4cb38669d267641063d275ff533c0cb65,structured_never,True,,10,0,False,False,2,145
revision_cheap_recovery,1,b78c385f70be410db2fafbfce6164d433f0c860671beaad5e57df58d552210ed,structured_never,False,missing_receipt,10,0,False,False,2,145
revision_cheap_recovery,2,c081d5dde0c2ea21ce1f8dcccbd36b6a32e3c519aeb8b793fe084fa59841ac56,structured_never,True,,10,0,False,False,2,145
revision_cheap_recovery,3,a90d2e84b9b1037350cc8c9928eb02fcb758bb4c8fb5ba4b2ebef1234e8cc454,structured_never,False,missing_receipt,10,0,False,False,2,145
revision_cheap_recovery,4,a30286f2faf3976e164326016dc25386ca33225301abd8d170387fc4d96f3871,structured_never,True,,10,0,False,False,2,145
revision_cheap_recovery,5,3e77e4ec58b1180108af03ee44ccb099b38906e8a1993b7a8a70b224e767f7fe,structured_never,False,missing_receipt,10,0,False,False,2,145
revision_cheap_recovery,6,3f50f262241674d6393e44cd7b778ddbc380b057281defa6862d082e416d7a80,structured_never,True,,10,0,False,False,2,145
revision_cheap_recovery,7,73642b372b68249c121a6e70f4bfd336702db2bf346095307665735bbfaff6e4,structured_never,True,,10,0,False,False,2,145
revision_cheap_recovery,8,721eb922b9eef46bfe1ec4da9d3cb3b875ad3ed7140e68cd97f8a278524d6c40,structured_never,True,,10,0,False,False,2,145
revision_cheap_recovery,9,3feba52585d57dc8a3b2e07492bfdc3bbc87c387f6677b1ac4bafa8177ed0fc5,structured_never,True,,10,0,False,False,2,145
revision_cheap_recovery,10,fd1426102297c04822c0dadaeb8662509bbb65e906763afc85e36005e510f21e,structured_never,True,,10,0,False,False,2,145
revision_cheap_recovery,11,adcc261c96c419ee7c3e6c59da8437083794e796d44e127127925b20215cf4fe,structured_never,False,missing_receipt,10,0,False,False,2,145
revision_cheap_recovery,12,505cc181bbc06bc2978c81fc08da590031942570a6be41b65a15fe1aa3e93553,structured_never,True,,10,0,False,False,2,145
revision_cheap_recovery,13,b8a0f20bb08dd31dfc5bb9c74965a75c76e0a2358036eb171c9e2e4966a15fc6,structured_never,False,missing_receipt,10,0,False,False,2,145
revision_cheap_recovery,14,1ce0f533857fa96e1b71d0504eb2e10f1b1543e4d50e01a6837d3e7c55b94e42,structured_never,True,,10,0,False,False,2,145
revision_cheap_recovery,15,ff2d02b308a2ab2ffee3b69369efa8c59e9db7c589866b3acc48bd97fc9caf82,structured_never,True,,10,0,False,False,2,145
revision_cheap_recovery,16,06b68b8cce1f286654ce17a7af9ee9e5c3bcefa264913f9c9623d71c1a6e4eec,structured_never,True,,10,0,False,False,2,145
revision_cheap_recovery,17,304cc4cb093b334aa96f8e42ccb46bde7f47c6287c5ad5df670ec057b0dbd6a2,structured_never,True,,10,0,False,False,2,145
revision_cheap_recovery,18,727bfea16065d253b18cbc655953f180353bfbb87b997a667699229c1ac92dd1,structured_never,True,,10,0,False,False,2,145
revision_cheap_recovery,19,ca94aebd2c7a27648dbb925c224d48858f691601f274384503aedd46baaf5023,structured_never,False,missing_receipt,10,0,False,False,2,145
revision_cheap_recovery,20,b370c606c91b903798ad90f3673640def9bf8f7eeed467411381bb478434e15b,structured_never,True,,10,0,False,False,2,145
revision_cheap_recovery,21,5012d2acd35fedbbb3b19f6ab7010df18713e9bc16524de1d6f9342b42c6f53d,structured_never,True,,10,0,False,False,2,145
revision_cheap_recovery,22,720caca684fd8b7c77dee9d772bb240f2c04f23ad7dc5cf8db9b221cd6f6f0e8,structured_never,True,,10,0,False,False,2,145
revision_cheap_recovery,23,fffc69a3736edeccfef14e416d5857ccf75518f524aa72f4542fa53e93eecc1f,structured_never,True,,10,0,False,False,2,145
revision_cheap_recovery,24,832cd57e18569f445ff880017d735fee98fd369bcd95d084221f6483ec695cb1,structured_never,True,,10,0,False,False,2,145
revision_cheap_recovery,25,eb53dfc9a36f6079c23accd74f03e0bcee906849eed87831a22bbc98fe30194f,structured_never,True,,10,0,False,False,2,145
revision_cheap_recovery,26,407b5090160187b432a518ceb157f2d48eacff76a706f449a11d4814078c17be,structured_never,True,,10,0,False,False,2,145
revision_cheap_recovery,27,4c00c38ecc2be2740153371704a24312ce43d8e34bda84a2eb48525bddfd22a7,structured_never,True,,10,0,False,False,2,145
revision_cheap_recovery,28,361c1bdc8b2e9dc7190d5ab2bc35278bc699dd86136e8533272367ac0a2eb7a8,structured_never,True,,10,0,False,False,2,145
revision_cheap_recovery,29,32975b1060567ccace3a10f56843033b5b93916162905af392ab9178ea8cd1d4,structured_never,True,,10,0,False,False,2,145
revision_cheap_recovery,0,dbddf4528fb727d81aa39b079b4352f4cb38669d267641063d275ff533c0cb65,structured_always,True,,11,1,True,False,2,145
revision_cheap_recovery,1,b78c385f70be410db2fafbfce6164d433f0c860671beaad5e57df58d552210ed,structured_always,True,,11,1,True,False,2,145
revision_cheap_recovery,2,c081d5dde0c2ea21ce1f8dcccbd36b6a32e3c519aeb8b793fe084fa59841ac56,structured_always,True,,11,1,True,False,2,145
revision_cheap_recovery,3,a90d2e84b9b1037350cc8c9928eb02fcb758bb4c8fb5ba4b2ebef1234e8cc454,structured_always,True,,11,1,True,False,2,145
revision_cheap_recovery,4,a30286f2faf3976e164326016dc25386ca33225301abd8d170387fc4d96f3871,structured_always,True,,11,1,True,False,2,145
revision_cheap_recovery,5,3e77e4ec58b1180108af03ee44ccb099b38906e8a1993b7a8a70b224e767f7fe,structured_always,True,,11,1,True,False,2,145
revision_cheap_recovery,6,3f50f262241674d6393e44cd7b778ddbc380b057281defa6862d082e416d7a80,structured_always,True,,11,1,True,False,2,145
revision_cheap_recovery,7,73642b372b68249c121a6e70f4bfd336702db2bf346095307665735bbfaff6e4,structured_always,True,,11,1,True,False,2,145
revision_cheap_recovery,8,721eb922b9eef46bfe1ec4da9d3cb3b875ad3ed7140e68cd97f8a278524d6c40,structured_always,True,,11,1,True,False,2,145
revision_cheap_recovery,9,3feba52585d57dc8a3b2e07492bfdc3bbc87c387f6677b1ac4bafa8177ed0fc5,structured_always,True,,11,1,True,False,2,145
revision_cheap_recovery,10,fd1426102297c04822c0dadaeb8662509bbb65e906763afc85e36005e510f21e,structured_always,True,,11,1,True,False,2,145
revision_cheap_recovery,11,adcc261c96c419ee7c3e6c59da8437083794e796d44e127127925b20215cf4fe,structured_always,True,,11,1,True,False,2,145
revision_cheap_recovery,12,505cc181bbc06bc2978c81fc08da590031942570a6be41b65a15fe1aa3e93553,structured_always,True,,11,1,True,False,2,145
revision_cheap_recovery,13,b8a0f20bb08dd31dfc5bb9c74965a75c76e0a2358036eb171c9e2e4966a15fc6,structured_always,True,,11,1,True,False,2,145
revision_cheap_recovery,14,1ce0f533857fa96e1b71d0504eb2e10f1b1543e4d50e01a6837d3e7c55b94e42,structured_always,True,,11,1,True,False,2,145
revision_cheap_recovery,15,ff2d02b308a2ab2ffee3b69369efa8c59e9db7c589866b3acc48bd97fc9caf82,structured_always,True,,11,1,True,False,2,145
revision_cheap_recovery,16,06b68b8cce1f286654ce17a7af9ee9e5c3bcefa264913f9c9623d71c1a6e4eec,structured_always,True,,11,1,True,False,2,145
revision_cheap_recovery,17,304cc4cb093b334aa96f8e42ccb46bde7f47c6287c5ad5df670ec057b0dbd6a2,structured_always,True,,11,1,True,False,2,145
revision_cheap_recovery,18,727bfea16065d253b18cbc655953f180353bfbb87b997a667699229c1ac92dd1,structured_always,True,,11,1,True,False,2,145
revision_cheap_recovery,19,ca94aebd2c7a27648dbb925c224d48858f691601f274384503aedd46baaf5023,structured_always,True,,11,1,True,False,2,145
revision_cheap_recovery,20,b370c606c91b903798ad90f3673640def9bf8f7eeed467411381bb478434e15b,structured_always,True,,11,1,True,False,2,145
revision_cheap_recovery,21,5012d2acd35fedbbb3b19f6ab7010df18713e9bc16524de1d6f9342b42c6f53d,structured_always,True,,11,1,True,False,2,145
revision_cheap_recovery,22,720caca684fd8b7c77dee9d772bb240f2c04f23ad7dc5cf8db9b221cd6f6f0e8,structured_always,True,,11,1,True,False,2,145
revision_cheap_recovery,23,fffc69a3736edeccfef14e416d5857ccf75518f524aa72f4542fa53e93eecc1f,structured_always,True,,11,1,True,False,2,145
revision_cheap_recovery,24,832cd57e18569f445ff880017d735fee98fd369bcd95d084221f6483ec695cb1,structured_always,True,,11,1,True,False,2,145
revision_cheap_recovery,25,eb53dfc9a36f6079c23accd74f03e0bcee906849eed87831a22bbc98fe30194f,structured_always,True,,11,1,True,False,2,145
revision_cheap_recovery,26,407b5090160187b432a518ceb157f2d48eacff76a706f449a11d4814078c17be,structured_always,True,,11,1,True,False,2,145
revision_cheap_recovery,27,4c00c38ecc2be2740153371704a24312ce43d8e34bda84a2eb48525bddfd22a7,structured_always,True,,11,1,True,False,2,145
revision_cheap_recovery,28,361c1bdc8b2e9dc7190d5ab2bc35278bc699dd86136e8533272367ac0a2eb7a8,structured_always,True,,11,1,True,False,2,145
revision_cheap_recovery,29,32975b1060567ccace3a10f56843033b5b93916162905af392ab9178ea8cd1d4,structured_always,True,,11,1,True,False,2,145
revision_cheap_recovery,0,dbddf4528fb727d81aa39b079b4352f4cb38669d267641063d275ff533c0cb65,structured_budgeted,True,,11,1,True,False,2,145
revision_cheap_recovery,1,b78c385f70be410db2fafbfce6164d433f0c860671beaad5e57df58d552210ed,structured_budgeted,True,,11,1,True,False,2,145
revision_cheap_recovery,2,c081d5dde0c2ea21ce1f8dcccbd36b6a32e3c519aeb8b793fe084fa59841ac56,structured_budgeted,True,,11,1,True,False,2,145
revision_cheap_recovery,3,a90d2e84b9b1037350cc8c9928eb02fcb758bb4c8fb5ba4b2ebef1234e8cc454,structured_budgeted,True,,11,1,True,False,2,145
revision_cheap_recovery,4,a30286f2faf3976e164326016dc25386ca33225301abd8d170387fc4d96f3871,structured_budgeted,True,,11,1,True,False,2,145
revision_cheap_recovery,5,3e77e4ec58b1180108af03ee44ccb099b38906e8a1993b7a8a70b224e767f7fe,structured_budgeted,True,,11,1,True,False,2,145
revision_cheap_recovery,6,3f50f262241674d6393e44cd7b778ddbc380b057281defa6862d082e416d7a80,structured_budgeted,True,,11,1,True,False,2,145
revision_cheap_recovery,7,73642b372b68249c121a6e70f4bfd336702db2bf346095307665735bbfaff6e4,structured_budgeted,True,,11,1,True,False,2,145
revision_cheap_recovery,8,721eb922b9eef46bfe1ec4da9d3cb3b875ad3ed7140e68cd97f8a278524d6c40,structured_budgeted,True,,11,1,True,False,2,145
revision_cheap_recovery,9,3feba52585d57dc8a3b2e07492bfdc3bbc87c387f6677b1ac4bafa8177ed0fc5,structured_budgeted,True,,11,1,True,False,2,145
revision_cheap_recovery,10,fd1426102297c04822c0dadaeb8662509bbb65e906763afc85e36005e510f21e,structured_budgeted,True,,11,1,True,False,2,145
revision_cheap_recovery,11,adcc261c96c419ee7c3e6c59da8437083794e796d44e127127925b20215cf4fe,structured_budgeted,True,,11,1,True,False,2,145
revision_cheap_recovery,12,505cc181bbc06bc2978c81fc08da590031942570a6be41b65a15fe1aa3e93553,structured_budgeted,True,,11,1,True,False,2,145
revision_cheap_recovery,13,b8a0f20bb08dd31dfc5bb9c74965a75c76e0a2358036eb171c9e2e4966a15fc6,structured_budgeted,True,,11,1,True,False,2,145
revision_cheap_recovery,14,1ce0f533857fa96e1b71d0504eb2e10f1b1543e4d50e01a6837d3e7c55b94e42,structured_budgeted,True,,11,1,True,False,2,145
revision_cheap_recovery,15,ff2d02b308a2ab2ffee3b69369efa8c59e9db7c589866b3acc48bd97fc9caf82,structured_budgeted,True,,11,1,True,False,2,145
revision_cheap_recovery,16,06b68b8cce1f286654ce17a7af9ee9e5c3bcefa264913f9c9623d71c1a6e4eec,structured_budgeted,True,,11,1,True,False,2,145
revision_cheap_recovery,17,304cc4cb093b334aa96f8e42ccb46bde7f47c6287c5ad5df670ec057b0dbd6a2,structured_budgeted,True,,11,1,True,False,2,145
revision_cheap_recovery,18,727bfea16065d253b18cbc655953f180353bfbb87b997a667699229c1ac92dd1,structured_budgeted,True,,11,1,True,False,2,145
revision_cheap_recovery,19,ca94aebd2c7a27648dbb925c224d48858f691601f274384503aedd46baaf5023,structured_budgeted,True,,11,1,True,False,2,145
revision_cheap_recovery,20,b370c606c91b903798ad90f3673640def9bf8f7eeed467411381bb478434e15b,structured_budgeted,True,,11,1,True,False,2,145
revision_cheap_recovery,21,5012d2acd35fedbbb3b19f6ab7010df18713e9bc16524de1d6f9342b42c6f53d,structured_budgeted,True,,11,1,True,False,2,145
revision_cheap_recovery,22,720caca684fd8b7c77dee9d772bb240f2c04f23ad7dc5cf8db9b221cd6f6f0e8,structured_budgeted,True,,11,1,True,False,2,145
revision_cheap_recovery,23,fffc69a3736edeccfef14e416d5857ccf75518f524aa72f4542fa53e93eecc1f,structured_budgeted,True,,11,1,True,False,2,145
revision_cheap_recovery,24,832cd57e18569f445ff880017d735fee98fd369bcd95d084221f6483ec695cb1,structured_budgeted,True,,11,1,True,False,2,145
revision_cheap_recovery,25,eb53dfc9a36f6079c23accd74f03e0bcee906849eed87831a22bbc98fe30194f,structured_budgeted,True,,11,1,True,False,2,145
revision_cheap_recovery,26,407b5090160187b432a518ceb157f2d48eacff76a706f449a11d4814078c17be,structured_budgeted,True,,11,1,True,False,2,145
revision_cheap_recovery,27,4c00c38ecc2be2740153371704a24312ce43d8e34bda84a2eb48525bddfd22a7,structured_budgeted,True,,11,1,True,False,2,145
revision_cheap_recovery,28,361c1bdc8b2e9dc7190d5ab2bc35278bc699dd86136e8533272367ac0a2eb7a8,structured_budgeted,True,,11,1,True,False,2,145
revision_cheap_recovery,29,32975b1060567ccace3a10f56843033b5b93916162905af392ab9178ea8cd1d4,structured_budgeted,True,,11,1,True,False,2,145
revision_cheap_recovery,0,dbddf4528fb727d81aa39b079b4352f4cb38669d267641063d275ff533c0cb65,structured_never_recover,True,,10,0,False,False,2,145
revision_cheap_recovery,1,b78c385f70be410db2fafbfce6164d433f0c860671beaad5e57df58d552210ed,structured_never_recover,True,,14,4,False,True,2,145
revision_cheap_recovery,2,c081d5dde0c2ea21ce1f8dcccbd36b6a32e3c519aeb8b793fe084fa59841ac56,structured_never_recover,True,,10,0,False,False,2,145
revision_cheap_recovery,3,a90d2e84b9b1037350cc8c9928eb02fcb758bb4c8fb5ba4b2ebef1234e8cc454,structured_never_recover,True,,14,4,False,True,2,145
revision_cheap_recovery,4,a30286f2faf3976e164326016dc25386ca33225301abd8d170387fc4d96f3871,structured_never_recover,True,,10,0,False,False,2,145
revision_cheap_recovery,5,3e77e4ec58b1180108af03ee44ccb099b38906e8a1993b7a8a70b224e767f7fe,structured_never_recover,True,,14,4,False,True,2,145
revision_cheap_recovery,6,3f50f262241674d6393e44cd7b778ddbc380b057281defa6862d082e416d7a80,structured_never_recover,True,,10,0,False,False,2,145
revision_cheap_recovery,7,73642b372b68249c121a6e70f4bfd336702db2bf346095307665735bbfaff6e4,structured_never_recover,True,,10,0,False,False,2,145
revision_cheap_recovery,8,721eb922b9eef46bfe1ec4da9d3cb3b875ad3ed7140e68cd97f8a278524d6c40,structured_never_recover,True,,10,0,False,False,2,145
revision_cheap_recovery,9,3feba52585d57dc8a3b2e07492bfdc3bbc87c387f6677b1ac4bafa8177ed0fc5,structured_never_recover,True,,10,0,False,False,2,145
revision_cheap_recovery,10,fd1426102297c04822c0dadaeb8662509bbb65e906763afc85e36005e510f21e,structured_never_recover,True,,10,0,False,False,2,145
revision_cheap_recovery,11,adcc261c96c419ee7c3e6c59da8437083794e796d44e127127925b20215cf4fe,structured_never_recover,True,,14,4,False,True,2,145
revision_cheap_recovery,12,505cc181bbc06bc2978c81fc08da590031942570a6be41b65a15fe1aa3e93553,structured_never_recover,True,,10,0,False,False,2,145
revision_cheap_recovery,13,b8a0f20bb08dd31dfc5bb9c74965a75c76e0a2358036eb171c9e2e4966a15fc6,structured_never_recover,True,,14,4,False,True,2,145
revision_cheap_recovery,14,1ce0f533857fa96e1b71d0504eb2e10f1b1543e4d50e01a6837d3e7c55b94e42,structured_never_recover,True,,10,0,False,False,2,145
revision_cheap_recovery,15,ff2d02b308a2ab2ffee3b69369efa8c59e9db7c589866b3acc48bd97fc9caf82,structured_never_recover,True,,10,0,False,False,2,145
revision_cheap_recovery,16,06b68b8cce1f286654ce17a7af9ee9e5c3bcefa264913f9c9623d71c1a6e4eec,structured_never_recover,True,,10,0,False,False,2,145
revision_cheap_recovery,17,304cc4cb093b334aa96f8e42ccb46bde7f47c6287c5ad5df670ec057b0dbd6a2,structured_never_recover,True,,10,0,False,False,2,145
revision_cheap_recovery,18,727bfea16065d253b18cbc655953f180353bfbb87b997a667699229c1ac92dd1,structured_never_recover,True,,10,0,False,False,2,145
revision_cheap_recovery,19,ca94aebd2c7a27648dbb925c224d48858f691601f274384503aedd46baaf5023,structured_never_recover,True,,14,4,False,True,2,145
revision_cheap_recovery,20,b370c606c91b903798ad90f3673640def9bf8f7eeed467411381bb478434e15b,structured_never_recover,True,,10,0,False,False,2,145
revision_cheap_recovery,21,5012d2acd35fedbbb3b19f6ab7010df18713e9bc16524de1d6f9342b42c6f53d,structured_never_recover,True,,10,0,False,False,2,145
revision_cheap_recovery,22,720caca684fd8b7c77dee9d772bb240f2c04f23ad7dc5cf8db9b221cd6f6f0e8,structured_never_recover,True,,10,0,False,False,2,145
revision_cheap_recovery,23,fffc69a3736edeccfef14e416d5857ccf75518f524aa72f4542fa53e93eecc1f,structured_never_recover,True,,10,0,False,False,2,145
revision_cheap_recovery,24,832cd57e18569f445ff880017d735fee98fd369bcd95d084221f6483ec695cb1,structured_never_recover,True,,10,0,False,False,2,145
revision_cheap_recovery,25,eb53dfc9a36f6079c23accd74f03e0bcee906849eed87831a22bbc98fe30194f,structured_never_recover,True,,10,0,False,False,2,145
revision_cheap_recovery,26,407b5090160187b432a518ceb157f2d48eacff76a706f449a11d4814078c17be,structured_never_recover,True,,10,0,False,False,2,145
revision_cheap_recovery,27,4c00c38ecc2be2740153371704a24312ce43d8e34bda84a2eb48525bddfd22a7,structured_never_recover,True,,10,0,False,False,2,145
revision_cheap_recovery,28,361c1bdc8b2e9dc7190d5ab2bc35278bc699dd86136e8533272367ac0a2eb7a8,structured_never_recover,True,,10,0,False,False,2,145
revision_cheap_recovery,29,32975b1060567ccace3a10f56843033b5b93916162905af392ab9178ea8cd1d4,structured_never_recover,True,,10,0,False,False,2,145
revision_cheap_recovery,0,dbddf4528fb727d81aa39b079b4352f4cb38669d267641063d275ff533c0cb65,structured_always_recover,True,,11,1,True,False,2,145
revision_cheap_recovery,1,b78c385f70be410db2fafbfce6164d433f0c860671beaad5e57df58d552210ed,structured_always_recover,True,,11,1,True,False,2,145
revision_cheap_recovery,2,c081d5dde0c2ea21ce1f8dcccbd36b6a32e3c519aeb8b793fe084fa59841ac56,structured_always_recover,True,,11,1,True,False,2,145
revision_cheap_recovery,3,a90d2e84b9b1037350cc8c9928eb02fcb758bb4c8fb5ba4b2ebef1234e8cc454,structured_always_recover,True,,11,1,True,False,2,145
revision_cheap_recovery,4,a30286f2faf3976e164326016dc25386ca33225301abd8d170387fc4d96f3871,structured_always_recover,True,,11,1,True,False,2,145
revision_cheap_recovery,5,3e77e4ec58b1180108af03ee44ccb099b38906e8a1993b7a8a70b224e767f7fe,structured_always_recover,True,,11,1,True,False,2,145
revision_cheap_recovery,6,3f50f262241674d6393e44cd7b778ddbc380b057281defa6862d082e416d7a80,structured_always_recover,True,,11,1,True,False,2,145
revision_cheap_recovery,7,73642b372b68249c121a6e70f4bfd336702db2bf346095307665735bbfaff6e4,structured_always_recover,True,,11,1,True,False,2,145
revision_cheap_recovery,8,721eb922b9eef46bfe1ec4da9d3cb3b875ad3ed7140e68cd97f8a278524d6c40,structured_always_recover,True,,11,1,True,False,2,145
revision_cheap_recovery,9,3feba52585d57dc8a3b2e07492bfdc3bbc87c387f6677b1ac4bafa8177ed0fc5,structured_always_recover,True,,11,1,True,False,2,145
revision_cheap_recovery,10,fd1426102297c04822c0dadaeb8662509bbb65e906763afc85e36005e510f21e,structured_always_recover,True,,11,1,True,False,2,145
revision_cheap_recovery,11,adcc261c96c419ee7c3e6c59da8437083794e796d44e127127925b20215cf4fe,structured_always_recover,True,,11,1,True,False,2,145
revision_cheap_recovery,12,505cc181bbc06bc2978c81fc08da590031942570a6be41b65a15fe1aa3e93553,structured_always_recover,True,,11,1,True,False,2,145
revision_cheap_recovery,13,b8a0f20bb08dd31dfc5bb9c74965a75c76e0a2358036eb171c9e2e4966a15fc6,structured_always_recover,True,,11,1,True,False,2,145
revision_cheap_recovery,14,1ce0f533857fa96e1b71d0504eb2e10f1b1543e4d50e01a6837d3e7c55b94e42,structured_always_recover,True,,11,1,True,False,2,145
revision_cheap_recovery,15,ff2d02b308a2ab2ffee3b69369efa8c59e9db7c589866b3acc48bd97fc9caf82,structured_always_recover,True,,11,1,True,False,2,145
revision_cheap_recovery,16,06b68b8cce1f286654ce17a7af9ee9e5c3bcefa264913f9c9623d71c1a6e4eec,structured_always_recover,True,,11,1,True,False,2,145
revision_cheap_recovery,17,304cc4cb093b334aa96f8e42ccb46bde7f47c6287c5ad5df670ec057b0dbd6a2,structured_always_recover,True,,11,1,True,False,2,145
revision_cheap_recovery,18,727bfea16065d253b18cbc655953f180353bfbb87b997a667699229c1ac92dd1,structured_always_recover,True,,11,1,True,False,2,145
revision_cheap_recovery,19,ca94aebd2c7a27648dbb925c224d48858f691601f274384503aedd46baaf5023,structured_always_recover,True,,11,1,True,False,2,145
revision_cheap_recovery,20,b370c606c91b903798ad90f3673640def9bf8f7eeed467411381bb478434e15b,structured_always_recover,True,,11,1,True,False,2,145
revision_cheap_recovery,21,5012d2acd35fedbbb3b19f6ab7010df18713e9bc16524de1d6f9342b42c6f53d,structured_always_recover,True,,11,1,True,False,2,145
revision_cheap_recovery,22,720caca684fd8b7c77dee9d772bb240f2c04f23ad7dc5cf8db9b221cd6f6f0e8,structured_always_recover,True,,11,1,True,False,2,145
revision_cheap_recovery,23,fffc69a3736edeccfef14e416d5857ccf75518f524aa72f4542fa53e93eecc1f,structured_always_recover,True,,11,1,True,False,2,145
revision_cheap_recovery,24,832cd57e18569f445ff880017d735fee98fd369bcd95d084221f6483ec695cb1,structured_always_recover,True,,11,1,True,False,2,145
revision_cheap_recovery,25,eb53dfc9a36f6079c23accd74f03e0bcee906849eed87831a22bbc98fe30194f,structured_always_recover,True,,11,1,True,False,2,145
revision_cheap_recovery,26,407b5090160187b432a518ceb157f2d48eacff76a706f449a11d4814078c17be,structured_always_recover,True,,11,1,True,False,2,145
revision_cheap_recovery,27,4c00c38ecc2be2740153371704a24312ce43d8e34bda84a2eb48525bddfd22a7,structured_always_recover,True,,11,1,True,False,2,145
revision_cheap_recovery,28,361c1bdc8b2e9dc7190d5ab2bc35278bc699dd86136e8533272367ac0a2eb7a8,structured_always_recover,True,,11,1,True,False,2,145
revision_cheap_recovery,29,32975b1060567ccace3a10f56843033b5b93916162905af392ab9178ea8cd1d4,structured_always_recover,True,,11,1,True,False,2,145
revision_costly_recovery,0,dbddf4528fb727d81aa39b079b4352f4cb38669d267641063d275ff533c0cb65,reference_retain,True,,10,0,False,False,2,145
revision_costly_recovery,1,b78c385f70be410db2fafbfce6164d433f0c860671beaad5e57df58d552210ed,reference_retain,False,missing_receipt,10,0,False,False,2,145
revision_costly_recovery,2,c081d5dde0c2ea21ce1f8dcccbd36b6a32e3c519aeb8b793fe084fa59841ac56,reference_retain,True,,10,0,False,False,2,145
revision_costly_recovery,3,a90d2e84b9b1037350cc8c9928eb02fcb758bb4c8fb5ba4b2ebef1234e8cc454,reference_retain,False,missing_receipt,10,0,False,False,2,145
revision_costly_recovery,4,a30286f2faf3976e164326016dc25386ca33225301abd8d170387fc4d96f3871,reference_retain,True,,10,0,False,False,2,145
revision_costly_recovery,5,3e77e4ec58b1180108af03ee44ccb099b38906e8a1993b7a8a70b224e767f7fe,reference_retain,False,missing_receipt,10,0,False,False,2,145
revision_costly_recovery,6,3f50f262241674d6393e44cd7b778ddbc380b057281defa6862d082e416d7a80,reference_retain,True,,10,0,False,False,2,145
revision_costly_recovery,7,73642b372b68249c121a6e70f4bfd336702db2bf346095307665735bbfaff6e4,reference_retain,True,,10,0,False,False,2,145
revision_costly_recovery,8,721eb922b9eef46bfe1ec4da9d3cb3b875ad3ed7140e68cd97f8a278524d6c40,reference_retain,True,,10,0,False,False,2,145
revision_costly_recovery,9,3feba52585d57dc8a3b2e07492bfdc3bbc87c387f6677b1ac4bafa8177ed0fc5,reference_retain,True,,10,0,False,False,2,145
revision_costly_recovery,10,fd1426102297c04822c0dadaeb8662509bbb65e906763afc85e36005e510f21e,reference_retain,True,,10,0,False,False,2,145
revision_costly_recovery,11,adcc261c96c419ee7c3e6c59da8437083794e796d44e127127925b20215cf4fe,reference_retain,False,missing_receipt,10,0,False,False,2,145
revision_costly_recovery,12,505cc181bbc06bc2978c81fc08da590031942570a6be41b65a15fe1aa3e93553,reference_retain,True,,10,0,False,False,2,145
revision_costly_recovery,13,b8a0f20bb08dd31dfc5bb9c74965a75c76e0a2358036eb171c9e2e4966a15fc6,reference_retain,False,missing_receipt,10,0,False,False,2,145
revision_costly_recovery,14,1ce0f533857fa96e1b71d0504eb2e10f1b1543e4d50e01a6837d3e7c55b94e42,reference_retain,True,,10,0,False,False,2,145
revision_costly_recovery,15,ff2d02b308a2ab2ffee3b69369efa8c59e9db7c589866b3acc48bd97fc9caf82,reference_retain,True,,10,0,False,False,2,145
revision_costly_recovery,16,06b68b8cce1f286654ce17a7af9ee9e5c3bcefa264913f9c9623d71c1a6e4eec,reference_retain,True,,10,0,False,False,2,145
revision_costly_recovery,17,304cc4cb093b334aa96f8e42ccb46bde7f47c6287c5ad5df670ec057b0dbd6a2,reference_retain,True,,10,0,False,False,2,145
revision_costly_recovery,18,727bfea16065d253b18cbc655953f180353bfbb87b997a667699229c1ac92dd1,reference_retain,True,,10,0,False,False,2,145
revision_costly_recovery,19,ca94aebd2c7a27648dbb925c224d48858f691601f274384503aedd46baaf5023,reference_retain,False,missing_receipt,10,0,False,False,2,145
revision_costly_recovery,20,b370c606c91b903798ad90f3673640def9bf8f7eeed467411381bb478434e15b,reference_retain,True,,10,0,False,False,2,145
revision_costly_recovery,21,5012d2acd35fedbbb3b19f6ab7010df18713e9bc16524de1d6f9342b42c6f53d,reference_retain,True,,10,0,False,False,2,145
revision_costly_recovery,22,720caca684fd8b7c77dee9d772bb240f2c04f23ad7dc5cf8db9b221cd6f6f0e8,reference_retain,True,,10,0,False,False,2,145
revision_costly_recovery,23,fffc69a3736edeccfef14e416d5857ccf75518f524aa72f4542fa53e93eecc1f,reference_retain,True,,10,0,False,False,2,145
revision_costly_recovery,24,832cd57e18569f445ff880017d735fee98fd369bcd95d084221f6483ec695cb1,reference_retain,True,,10,0,False,False,2,145
revision_costly_recovery,25,eb53dfc9a36f6079c23accd74f03e0bcee906849eed87831a22bbc98fe30194f,reference_retain,True,,10,0,False,False,2,145
revision_costly_recovery,26,407b5090160187b432a518ceb157f2d48eacff76a706f449a11d4814078c17be,reference_retain,True,,10,0,False,False,2,145
revision_costly_recovery,27,4c00c38ecc2be2740153371704a24312ce43d8e34bda84a2eb48525bddfd22a7,reference_retain,True,,10,0,False,False,2,145
revision_costly_recovery,28,361c1bdc8b2e9dc7190d5ab2bc35278bc699dd86136e8533272367ac0a2eb7a8,reference_retain,True,,10,0,False,False,2,145
revision_costly_recovery,29,32975b1060567ccace3a10f56843033b5b93916162905af392ab9178ea8cd1d4,reference_retain,True,,10,0,False,False,2,145
revision_costly_recovery,0,dbddf4528fb727d81aa39b079b4352f4cb38669d267641063d275ff533c0cb65,reference_retain_recover,True,,10,0,False,False,2,145
revision_costly_recovery,1,b78c385f70be410db2fafbfce6164d433f0c860671beaad5e57df58d552210ed,reference_retain_recover,True,,18,8,False,True,2,145
revision_costly_recovery,2,c081d5dde0c2ea21ce1f8dcccbd36b6a32e3c519aeb8b793fe084fa59841ac56,reference_retain_recover,True,,10,0,False,False,2,145
revision_costly_recovery,3,a90d2e84b9b1037350cc8c9928eb02fcb758bb4c8fb5ba4b2ebef1234e8cc454,reference_retain_recover,True,,18,8,False,True,2,145
revision_costly_recovery,4,a30286f2faf3976e164326016dc25386ca33225301abd8d170387fc4d96f3871,reference_retain_recover,True,,10,0,False,False,2,145
revision_costly_recovery,5,3e77e4ec58b1180108af03ee44ccb099b38906e8a1993b7a8a70b224e767f7fe,reference_retain_recover,True,,18,8,False,True,2,145
revision_costly_recovery,6,3f50f262241674d6393e44cd7b778ddbc380b057281defa6862d082e416d7a80,reference_retain_recover,True,,10,0,False,False,2,145
revision_costly_recovery,7,73642b372b68249c121a6e70f4bfd336702db2bf346095307665735bbfaff6e4,reference_retain_recover,True,,10,0,False,False,2,145
revision_costly_recovery,8,721eb922b9eef46bfe1ec4da9d3cb3b875ad3ed7140e68cd97f8a278524d6c40,reference_retain_recover,True,,10,0,False,False,2,145
revision_costly_recovery,9,3feba52585d57dc8a3b2e07492bfdc3bbc87c387f6677b1ac4bafa8177ed0fc5,reference_retain_recover,True,,10,0,False,False,2,145
revision_costly_recovery,10,fd1426102297c04822c0dadaeb8662509bbb65e906763afc85e36005e510f21e,reference_retain_recover,True,,10,0,False,False,2,145
revision_costly_recovery,11,adcc261c96c419ee7c3e6c59da8437083794e796d44e127127925b20215cf4fe,reference_retain_recover,True,,18,8,False,True,2,145
revision_costly_recovery,12,505cc181bbc06bc2978c81fc08da590031942570a6be41b65a15fe1aa3e93553,reference_retain_recover,True,,10,0,False,False,2,145
revision_costly_recovery,13,b8a0f20bb08dd31dfc5bb9c74965a75c76e0a2358036eb171c9e2e4966a15fc6,reference_retain_recover,True,,18,8,False,True,2,145
revision_costly_recovery,14,1ce0f533857fa96e1b71d0504eb2e10f1b1543e4d50e01a6837d3e7c55b94e42,reference_retain_recover,True,,10,0,False,False,2,145
revision_costly_recovery,15,ff2d02b308a2ab2ffee3b69369efa8c59e9db7c589866b3acc48bd97fc9caf82,reference_retain_recover,True,,10,0,False,False,2,145
revision_costly_recovery,16,06b68b8cce1f286654ce17a7af9ee9e5c3bcefa264913f9c9623d71c1a6e4eec,reference_retain_recover,True,,10,0,False,False,2,145
revision_costly_recovery,17,304cc4cb093b334aa96f8e42ccb46bde7f47c6287c5ad5df670ec057b0dbd6a2,reference_retain_recover,True,,10,0,False,False,2,145
revision_costly_recovery,18,727bfea16065d253b18cbc655953f180353bfbb87b997a667699229c1ac92dd1,reference_retain_recover,True,,10,0,False,False,2,145
revision_costly_recovery,19,ca94aebd2c7a27648dbb925c224d48858f691601f274384503aedd46baaf5023,reference_retain_recover,True,,18,8,False,True,2,145
revision_costly_recovery,20,b370c606c91b903798ad90f3673640def9bf8f7eeed467411381bb478434e15b,reference_retain_recover,True,,10,0,False,False,2,145
revision_costly_recovery,21,5012d2acd35fedbbb3b19f6ab7010df18713e9bc16524de1d6f9342b42c6f53d,reference_retain_recover,True,,10,0,False,False,2,145
revision_costly_recovery,22,720caca684fd8b7c77dee9d772bb240f2c04f23ad7dc5cf8db9b221cd6f6f0e8,reference_retain_recover,True,,10,0,False,False,2,145
revision_costly_recovery,23,fffc69a3736edeccfef14e416d5857ccf75518f524aa72f4542fa53e93eecc1f,reference_retain_recover,True,,10,0,False,False,2,145
revision_costly_recovery,24,832cd57e18569f445ff880017d735fee98fd369bcd95d084221f6483ec695cb1,reference_retain_recover,True,,10,0,False,False,2,145
revision_costly_recovery,25,eb53dfc9a36f6079c23accd74f03e0bcee906849eed87831a22bbc98fe30194f,reference_retain_recover,True,,10,0,False,False,2,145
revision_costly_recovery,26,407b5090160187b432a518ceb157f2d48eacff76a706f449a11d4814078c17be,reference_retain_recover,True,,10,0,False,False,2,145
revision_costly_recovery,27,4c00c38ecc2be2740153371704a24312ce43d8e34bda84a2eb48525bddfd22a7,reference_retain_recover,True,,10,0,False,False,2,145
revision_costly_recovery,28,361c1bdc8b2e9dc7190d5ab2bc35278bc699dd86136e8533272367ac0a2eb7a8,reference_retain_recover,True,,10,0,False,False,2,145
revision_costly_recovery,29,32975b1060567ccace3a10f56843033b5b93916162905af392ab9178ea8cd1d4,reference_retain_recover,True,,10,0,False,False,2,145
revision_costly_recovery,0,dbddf4528fb727d81aa39b079b4352f4cb38669d267641063d275ff533c0cb65,reference_inspect,True,,11,1,True,False,2,145
revision_costly_recovery,1,b78c385f70be410db2fafbfce6164d433f0c860671beaad5e57df58d552210ed,reference_inspect,True,,11,1,True,False,2,145
revision_costly_recovery,2,c081d5dde0c2ea21ce1f8dcccbd36b6a32e3c519aeb8b793fe084fa59841ac56,reference_inspect,True,,11,1,True,False,2,145
revision_costly_recovery,3,a90d2e84b9b1037350cc8c9928eb02fcb758bb4c8fb5ba4b2ebef1234e8cc454,reference_inspect,True,,11,1,True,False,2,145
revision_costly_recovery,4,a30286f2faf3976e164326016dc25386ca33225301abd8d170387fc4d96f3871,reference_inspect,True,,11,1,True,False,2,145
revision_costly_recovery,5,3e77e4ec58b1180108af03ee44ccb099b38906e8a1993b7a8a70b224e767f7fe,reference_inspect,True,,11,1,True,False,2,145
revision_costly_recovery,6,3f50f262241674d6393e44cd7b778ddbc380b057281defa6862d082e416d7a80,reference_inspect,True,,11,1,True,False,2,145
revision_costly_recovery,7,73642b372b68249c121a6e70f4bfd336702db2bf346095307665735bbfaff6e4,reference_inspect,True,,11,1,True,False,2,145
revision_costly_recovery,8,721eb922b9eef46bfe1ec4da9d3cb3b875ad3ed7140e68cd97f8a278524d6c40,reference_inspect,True,,11,1,True,False,2,145
revision_costly_recovery,9,3feba52585d57dc8a3b2e07492bfdc3bbc87c387f6677b1ac4bafa8177ed0fc5,reference_inspect,True,,11,1,True,False,2,145
revision_costly_recovery,10,fd1426102297c04822c0dadaeb8662509bbb65e906763afc85e36005e510f21e,reference_inspect,True,,11,1,True,False,2,145
revision_costly_recovery,11,adcc261c96c419ee7c3e6c59da8437083794e796d44e127127925b20215cf4fe,reference_inspect,True,,11,1,True,False,2,145
revision_costly_recovery,12,505cc181bbc06bc2978c81fc08da590031942570a6be41b65a15fe1aa3e93553,reference_inspect,True,,11,1,True,False,2,145
revision_costly_recovery,13,b8a0f20bb08dd31dfc5bb9c74965a75c76e0a2358036eb171c9e2e4966a15fc6,reference_inspect,True,,11,1,True,False,2,145
revision_costly_recovery,14,1ce0f533857fa96e1b71d0504eb2e10f1b1543e4d50e01a6837d3e7c55b94e42,reference_inspect,True,,11,1,True,False,2,145
revision_costly_recovery,15,ff2d02b308a2ab2ffee3b69369efa8c59e9db7c589866b3acc48bd97fc9caf82,reference_inspect,True,,11,1,True,False,2,145
revision_costly_recovery,16,06b68b8cce1f286654ce17a7af9ee9e5c3bcefa264913f9c9623d71c1a6e4eec,reference_inspect,True,,11,1,True,False,2,145
revision_costly_recovery,17,304cc4cb093b334aa96f8e42ccb46bde7f47c6287c5ad5df670ec057b0dbd6a2,reference_inspect,True,,11,1,True,False,2,145
revision_costly_recovery,18,727bfea16065d253b18cbc655953f180353bfbb87b997a667699229c1ac92dd1,reference_inspect,True,,11,1,True,False,2,145
revision_costly_recovery,19,ca94aebd2c7a27648dbb925c224d48858f691601f274384503aedd46baaf5023,reference_inspect,True,,11,1,True,False,2,145
revision_costly_recovery,20,b370c606c91b903798ad90f3673640def9bf8f7eeed467411381bb478434e15b,reference_inspect,True,,11,1,True,False,2,145
revision_costly_recovery,21,5012d2acd35fedbbb3b19f6ab7010df18713e9bc16524de1d6f9342b42c6f53d,reference_inspect,True,,11,1,True,False,2,145
revision_costly_recovery,22,720caca684fd8b7c77dee9d772bb240f2c04f23ad7dc5cf8db9b221cd6f6f0e8,reference_inspect,True,,11,1,True,False,2,145
revision_costly_recovery,23,fffc69a3736edeccfef14e416d5857ccf75518f524aa72f4542fa53e93eecc1f,reference_inspect,True,,11,1,True,False,2,145
revision_costly_recovery,24,832cd57e18569f445ff880017d735fee98fd369bcd95d084221f6483ec695cb1,reference_inspect,True,,11,1,True,False,2,145
revision_costly_recovery,25,eb53dfc9a36f6079c23accd74f03e0bcee906849eed87831a22bbc98fe30194f,reference_inspect,True,,11,1,True,False,2,145
revision_costly_recovery,26,407b5090160187b432a518ceb157f2d48eacff76a706f449a11d4814078c17be,reference_inspect,True,,11,1,True,False,2,145
revision_costly_recovery,27,4c00c38ecc2be2740153371704a24312ce43d8e34bda84a2eb48525bddfd22a7,reference_inspect,True,,11,1,True,False,2,145
revision_costly_recovery,28,361c1bdc8b2e9dc7190d5ab2bc35278bc699dd86136e8533272367ac0a2eb7a8,reference_inspect,True,,11,1,True,False,2,145
revision_costly_recovery,29,32975b1060567ccace3a10f56843033b5b93916162905af392ab9178ea8cd1d4,reference_inspect,True,,11,1,True,False,2,145
revision_costly_recovery,0,dbddf4528fb727d81aa39b079b4352f4cb38669d267641063d275ff533c0cb65,reference_inspect_recover,True,,11,1,True,False,2,145
revision_costly_recovery,1,b78c385f70be410db2fafbfce6164d433f0c860671beaad5e57df58d552210ed,reference_inspect_recover,True,,11,1,True,False,2,145
revision_costly_recovery,2,c081d5dde0c2ea21ce1f8dcccbd36b6a32e3c519aeb8b793fe084fa59841ac56,reference_inspect_recover,True,,11,1,True,False,2,145
revision_costly_recovery,3,a90d2e84b9b1037350cc8c9928eb02fcb758bb4c8fb5ba4b2ebef1234e8cc454,reference_inspect_recover,True,,11,1,True,False,2,145
revision_costly_recovery,4,a30286f2faf3976e164326016dc25386ca33225301abd8d170387fc4d96f3871,reference_inspect_recover,True,,11,1,True,False,2,145
revision_costly_recovery,5,3e77e4ec58b1180108af03ee44ccb099b38906e8a1993b7a8a70b224e767f7fe,reference_inspect_recover,True,,11,1,True,False,2,145
revision_costly_recovery,6,3f50f262241674d6393e44cd7b778ddbc380b057281defa6862d082e416d7a80,reference_inspect_recover,True,,11,1,True,False,2,145
revision_costly_recovery,7,73642b372b68249c121a6e70f4bfd336702db2bf346095307665735bbfaff6e4,reference_inspect_recover,True,,11,1,True,False,2,145
revision_costly_recovery,8,721eb922b9eef46bfe1ec4da9d3cb3b875ad3ed7140e68cd97f8a278524d6c40,reference_inspect_recover,True,,11,1,True,False,2,145
revision_costly_recovery,9,3feba52585d57dc8a3b2e07492bfdc3bbc87c387f6677b1ac4bafa8177ed0fc5,reference_inspect_recover,True,,11,1,True,False,2,145
revision_costly_recovery,10,fd1426102297c04822c0dadaeb8662509bbb65e906763afc85e36005e510f21e,reference_inspect_recover,True,,11,1,True,False,2,145
revision_costly_recovery,11,adcc261c96c419ee7c3e6c59da8437083794e796d44e127127925b20215cf4fe,reference_inspect_recover,True,,11,1,True,False,2,145
revision_costly_recovery,12,505cc181bbc06bc2978c81fc08da590031942570a6be41b65a15fe1aa3e93553,reference_inspect_recover,True,,11,1,True,False,2,145
revision_costly_recovery,13,b8a0f20bb08dd31dfc5bb9c74965a75c76e0a2358036eb171c9e2e4966a15fc6,reference_inspect_recover,True,,11,1,True,False,2,145
revision_costly_recovery,14,1ce0f533857fa96e1b71d0504eb2e10f1b1543e4d50e01a6837d3e7c55b94e42,reference_inspect_recover,True,,11,1,True,False,2,145
revision_costly_recovery,15,ff2d02b308a2ab2ffee3b69369efa8c59e9db7c589866b3acc48bd97fc9caf82,reference_inspect_recover,True,,11,1,True,False,2,145
revision_costly_recovery,16,06b68b8cce1f286654ce17a7af9ee9e5c3bcefa264913f9c9623d71c1a6e4eec,reference_inspect_recover,True,,11,1,True,False,2,145
revision_costly_recovery,17,304cc4cb093b334aa96f8e42ccb46bde7f47c6287c5ad5df670ec057b0dbd6a2,reference_inspect_recover,True,,11,1,True,False,2,145
revision_costly_recovery,18,727bfea16065d253b18cbc655953f180353bfbb87b997a667699229c1ac92dd1,reference_inspect_recover,True,,11,1,True,False,2,145
revision_costly_recovery,19,ca94aebd2c7a27648dbb925c224d48858f691601f274384503aedd46baaf5023,reference_inspect_recover,True,,11,1,True,False,2,145
revision_costly_recovery,20,b370c606c91b903798ad90f3673640def9bf8f7eeed467411381bb478434e15b,reference_inspect_recover,True,,11,1,True,False,2,145
revision_costly_recovery,21,5012d2acd35fedbbb3b19f6ab7010df18713e9bc16524de1d6f9342b42c6f53d,reference_inspect_recover,True,,11,1,True,False,2,145
revision_costly_recovery,22,720caca684fd8b7c77dee9d772bb240f2c04f23ad7dc5cf8db9b221cd6f6f0e8,reference_inspect_recover,True,,11,1,True,False,2,145
revision_costly_recovery,23,fffc69a3736edeccfef14e416d5857ccf75518f524aa72f4542fa53e93eecc1f,reference_inspect_recover,True,,11,1,True,False,2,145
revision_costly_recovery,24,832cd57e18569f445ff880017d735fee98fd369bcd95d084221f6483ec695cb1,reference_inspect_recover,True,,11,1,True,False,2,145
revision_costly_recovery,25,eb53dfc9a36f6079c23accd74f03e0bcee906849eed87831a22bbc98fe30194f,reference_inspect_recover,True,,11,1,True,False,2,145
revision_costly_recovery,26,407b5090160187b432a518ceb157f2d48eacff76a706f449a11d4814078c17be,reference_inspect_recover,True,,11,1,True,False,2,145
revision_costly_recovery,27,4c00c38ecc2be2740153371704a24312ce43d8e34bda84a2eb48525bddfd22a7,reference_inspect_recover,True,,11,1,True,False,2,145
revision_costly_recovery,28,361c1bdc8b2e9dc7190d5ab2bc35278bc699dd86136e8533272367ac0a2eb7a8,reference_inspect_recover,True,,11,1,True,False,2,145
revision_costly_recovery,29,32975b1060567ccace3a10f56843033b5b93916162905af392ab9178ea8cd1d4,reference_inspect_recover,True,,11,1,True,False,2,145
revision_costly_recovery,0,dbddf4528fb727d81aa39b079b4352f4cb38669d267641063d275ff533c0cb65,recent_never,True,,10,0,False,False,2,145
revision_costly_recovery,1,b78c385f70be410db2fafbfce6164d433f0c860671beaad5e57df58d552210ed,recent_never,False,missing_receipt,10,0,False,False,2,145
revision_costly_recovery,2,c081d5dde0c2ea21ce1f8dcccbd36b6a32e3c519aeb8b793fe084fa59841ac56,recent_never,True,,10,0,False,False,2,145
revision_costly_recovery,3,a90d2e84b9b1037350cc8c9928eb02fcb758bb4c8fb5ba4b2ebef1234e8cc454,recent_never,False,missing_receipt,10,0,False,False,2,145
revision_costly_recovery,4,a30286f2faf3976e164326016dc25386ca33225301abd8d170387fc4d96f3871,recent_never,True,,10,0,False,False,2,145
revision_costly_recovery,5,3e77e4ec58b1180108af03ee44ccb099b38906e8a1993b7a8a70b224e767f7fe,recent_never,False,missing_receipt,10,0,False,False,2,145
revision_costly_recovery,6,3f50f262241674d6393e44cd7b778ddbc380b057281defa6862d082e416d7a80,recent_never,True,,10,0,False,False,2,145
revision_costly_recovery,7,73642b372b68249c121a6e70f4bfd336702db2bf346095307665735bbfaff6e4,recent_never,False,missing_receipt,10,0,False,False,2,145
revision_costly_recovery,8,721eb922b9eef46bfe1ec4da9d3cb3b875ad3ed7140e68cd97f8a278524d6c40,recent_never,True,,10,0,False,False,2,145
revision_costly_recovery,9,3feba52585d57dc8a3b2e07492bfdc3bbc87c387f6677b1ac4bafa8177ed0fc5,recent_never,True,,10,0,False,False,2,145
revision_costly_recovery,10,fd1426102297c04822c0dadaeb8662509bbb65e906763afc85e36005e510f21e,recent_never,True,,10,0,False,False,2,145
revision_costly_recovery,11,adcc261c96c419ee7c3e6c59da8437083794e796d44e127127925b20215cf4fe,recent_never,False,missing_receipt,10,0,False,False,2,145
revision_costly_recovery,12,505cc181bbc06bc2978c81fc08da590031942570a6be41b65a15fe1aa3e93553,recent_never,True,,10,0,False,False,2,145
revision_costly_recovery,13,b8a0f20bb08dd31dfc5bb9c74965a75c76e0a2358036eb171c9e2e4966a15fc6,recent_never,False,missing_receipt,10,0,False,False,2,145
revision_costly_recovery,14,1ce0f533857fa96e1b71d0504eb2e10f1b1543e4d50e01a6837d3e7c55b94e42,recent_never,True,,10,0,False,False,2,145
revision_costly_recovery,15,ff2d02b308a2ab2ffee3b69369efa8c59e9db7c589866b3acc48bd97fc9caf82,recent_never,False,missing_receipt,10,0,False,False,2,145
revision_costly_recovery,16,06b68b8cce1f286654ce17a7af9ee9e5c3bcefa264913f9c9623d71c1a6e4eec,recent_never,True,,10,0,False,False,2,145
revision_costly_recovery,17,304cc4cb093b334aa96f8e42ccb46bde7f47c6287c5ad5df670ec057b0dbd6a2,recent_never,True,,10,0,False,False,2,145
revision_costly_recovery,18,727bfea16065d253b18cbc655953f180353bfbb87b997a667699229c1ac92dd1,recent_never,True,,10,0,False,False,2,145
revision_costly_recovery,19,ca94aebd2c7a27648dbb925c224d48858f691601f274384503aedd46baaf5023,recent_never,False,missing_receipt,10,0,False,False,2,145
revision_costly_recovery,20,b370c606c91b903798ad90f3673640def9bf8f7eeed467411381bb478434e15b,recent_never,True,,10,0,False,False,2,145
revision_costly_recovery,21,5012d2acd35fedbbb3b19f6ab7010df18713e9bc16524de1d6f9342b42c6f53d,recent_never,False,missing_receipt,10,0,False,False,2,145
revision_costly_recovery,22,720caca684fd8b7c77dee9d772bb240f2c04f23ad7dc5cf8db9b221cd6f6f0e8,recent_never,True,,10,0,False,False,2,145
revision_costly_recovery,23,fffc69a3736edeccfef14e416d5857ccf75518f524aa72f4542fa53e93eecc1f,recent_never,True,,10,0,False,False,2,145
revision_costly_recovery,24,832cd57e18569f445ff880017d735fee98fd369bcd95d084221f6483ec695cb1,recent_never,True,,10,0,False,False,2,145
revision_costly_recovery,25,eb53dfc9a36f6079c23accd74f03e0bcee906849eed87831a22bbc98fe30194f,recent_never,False,missing_receipt,10,0,False,False,2,145
revision_costly_recovery,26,407b5090160187b432a518ceb157f2d48eacff76a706f449a11d4814078c17be,recent_never,True,,10,0,False,False,2,145
revision_costly_recovery,27,4c00c38ecc2be2740153371704a24312ce43d8e34bda84a2eb48525bddfd22a7,recent_never,True,,10,0,False,False,2,145
revision_costly_recovery,28,361c1bdc8b2e9dc7190d5ab2bc35278bc699dd86136e8533272367ac0a2eb7a8,recent_never,True,,10,0,False,False,2,145
revision_costly_recovery,29,32975b1060567ccace3a10f56843033b5b93916162905af392ab9178ea8cd1d4,recent_never,True,,10,0,False,False,2,145
revision_costly_recovery,0,dbddf4528fb727d81aa39b079b4352f4cb38669d267641063d275ff533c0cb65,structured_never,True,,10,0,False,False,2,145
revision_costly_recovery,1,b78c385f70be410db2fafbfce6164d433f0c860671beaad5e57df58d552210ed,structured_never,False,missing_receipt,10,0,False,False,2,145
revision_costly_recovery,2,c081d5dde0c2ea21ce1f8dcccbd36b6a32e3c519aeb8b793fe084fa59841ac56,structured_never,True,,10,0,False,False,2,145
revision_costly_recovery,3,a90d2e84b9b1037350cc8c9928eb02fcb758bb4c8fb5ba4b2ebef1234e8cc454,structured_never,False,missing_receipt,10,0,False,False,2,145
revision_costly_recovery,4,a30286f2faf3976e164326016dc25386ca33225301abd8d170387fc4d96f3871,structured_never,True,,10,0,False,False,2,145
revision_costly_recovery,5,3e77e4ec58b1180108af03ee44ccb099b38906e8a1993b7a8a70b224e767f7fe,structured_never,False,missing_receipt,10,0,False,False,2,145
revision_costly_recovery,6,3f50f262241674d6393e44cd7b778ddbc380b057281defa6862d082e416d7a80,structured_never,True,,10,0,False,False,2,145
revision_costly_recovery,7,73642b372b68249c121a6e70f4bfd336702db2bf346095307665735bbfaff6e4,structured_never,True,,10,0,False,False,2,145
revision_costly_recovery,8,721eb922b9eef46bfe1ec4da9d3cb3b875ad3ed7140e68cd97f8a278524d6c40,structured_never,True,,10,0,False,False,2,145
revision_costly_recovery,9,3feba52585d57dc8a3b2e07492bfdc3bbc87c387f6677b1ac4bafa8177ed0fc5,structured_never,True,,10,0,False,False,2,145
revision_costly_recovery,10,fd1426102297c04822c0dadaeb8662509bbb65e906763afc85e36005e510f21e,structured_never,True,,10,0,False,False,2,145
revision_costly_recovery,11,adcc261c96c419ee7c3e6c59da8437083794e796d44e127127925b20215cf4fe,structured_never,False,missing_receipt,10,0,False,False,2,145
revision_costly_recovery,12,505cc181bbc06bc2978c81fc08da590031942570a6be41b65a15fe1aa3e93553,structured_never,True,,10,0,False,False,2,145
revision_costly_recovery,13,b8a0f20bb08dd31dfc5bb9c74965a75c76e0a2358036eb171c9e2e4966a15fc6,structured_never,False,missing_receipt,10,0,False,False,2,145
revision_costly_recovery,14,1ce0f533857fa96e1b71d0504eb2e10f1b1543e4d50e01a6837d3e7c55b94e42,structured_never,True,,10,0,False,False,2,145
revision_costly_recovery,15,ff2d02b308a2ab2ffee3b69369efa8c59e9db7c589866b3acc48bd97fc9caf82,structured_never,True,,10,0,False,False,2,145
revision_costly_recovery,16,06b68b8cce1f286654ce17a7af9ee9e5c3bcefa264913f9c9623d71c1a6e4eec,structured_never,True,,10,0,False,False,2,145
revision_costly_recovery,17,304cc4cb093b334aa96f8e42ccb46bde7f47c6287c5ad5df670ec057b0dbd6a2,structured_never,True,,10,0,False,False,2,145
revision_costly_recovery,18,727bfea16065d253b18cbc655953f180353bfbb87b997a667699229c1ac92dd1,structured_never,True,,10,0,False,False,2,145
revision_costly_recovery,19,ca94aebd2c7a27648dbb925c224d48858f691601f274384503aedd46baaf5023,structured_never,False,missing_receipt,10,0,False,False,2,145
revision_costly_recovery,20,b370c606c91b903798ad90f3673640def9bf8f7eeed467411381bb478434e15b,structured_never,True,,10,0,False,False,2,145
revision_costly_recovery,21,5012d2acd35fedbbb3b19f6ab7010df18713e9bc16524de1d6f9342b42c6f53d,structured_never,True,,10,0,False,False,2,145
revision_costly_recovery,22,720caca684fd8b7c77dee9d772bb240f2c04f23ad7dc5cf8db9b221cd6f6f0e8,structured_never,True,,10,0,False,False,2,145
revision_costly_recovery,23,fffc69a3736edeccfef14e416d5857ccf75518f524aa72f4542fa53e93eecc1f,structured_never,True,,10,0,False,False,2,145
revision_costly_recovery,24,832cd57e18569f445ff880017d735fee98fd369bcd95d084221f6483ec695cb1,structured_never,True,,10,0,False,False,2,145
revision_costly_recovery,25,eb53dfc9a36f6079c23accd74f03e0bcee906849eed87831a22bbc98fe30194f,structured_never,True,,10,0,False,False,2,145
revision_costly_recovery,26,407b5090160187b432a518ceb157f2d48eacff76a706f449a11d4814078c17be,structured_never,True,,10,0,False,False,2,145
revision_costly_recovery,27,4c00c38ecc2be2740153371704a24312ce43d8e34bda84a2eb48525bddfd22a7,structured_never,True,,10,0,False,False,2,145
revision_costly_recovery,28,361c1bdc8b2e9dc7190d5ab2bc35278bc699dd86136e8533272367ac0a2eb7a8,structured_never,True,,10,0,False,False,2,145
revision_costly_recovery,29,32975b1060567ccace3a10f56843033b5b93916162905af392ab9178ea8cd1d4,structured_never,True,,10,0,False,False,2,145
revision_costly_recovery,0,dbddf4528fb727d81aa39b079b4352f4cb38669d267641063d275ff533c0cb65,structured_always,True,,11,1,True,False,2,145
revision_costly_recovery,1,b78c385f70be410db2fafbfce6164d433f0c860671beaad5e57df58d552210ed,structured_always,True,,11,1,True,False,2,145
revision_costly_recovery,2,c081d5dde0c2ea21ce1f8dcccbd36b6a32e3c519aeb8b793fe084fa59841ac56,structured_always,True,,11,1,True,False,2,145
revision_costly_recovery,3,a90d2e84b9b1037350cc8c9928eb02fcb758bb4c8fb5ba4b2ebef1234e8cc454,structured_always,True,,11,1,True,False,2,145
revision_costly_recovery,4,a30286f2faf3976e164326016dc25386ca33225301abd8d170387fc4d96f3871,structured_always,True,,11,1,True,False,2,145
revision_costly_recovery,5,3e77e4ec58b1180108af03ee44ccb099b38906e8a1993b7a8a70b224e767f7fe,structured_always,True,,11,1,True,False,2,145
revision_costly_recovery,6,3f50f262241674d6393e44cd7b778ddbc380b057281defa6862d082e416d7a80,structured_always,True,,11,1,True,False,2,145
revision_costly_recovery,7,73642b372b68249c121a6e70f4bfd336702db2bf346095307665735bbfaff6e4,structured_always,True,,11,1,True,False,2,145
revision_costly_recovery,8,721eb922b9eef46bfe1ec4da9d3cb3b875ad3ed7140e68cd97f8a278524d6c40,structured_always,True,,11,1,True,False,2,145
revision_costly_recovery,9,3feba52585d57dc8a3b2e07492bfdc3bbc87c387f6677b1ac4bafa8177ed0fc5,structured_always,True,,11,1,True,False,2,145
revision_costly_recovery,10,fd1426102297c04822c0dadaeb8662509bbb65e906763afc85e36005e510f21e,structured_always,True,,11,1,True,False,2,145
revision_costly_recovery,11,adcc261c96c419ee7c3e6c59da8437083794e796d44e127127925b20215cf4fe,structured_always,True,,11,1,True,False,2,145
revision_costly_recovery,12,505cc181bbc06bc2978c81fc08da590031942570a6be41b65a15fe1aa3e93553,structured_always,True,,11,1,True,False,2,145
revision_costly_recovery,13,b8a0f20bb08dd31dfc5bb9c74965a75c76e0a2358036eb171c9e2e4966a15fc6,structured_always,True,,11,1,True,False,2,145
revision_costly_recovery,14,1ce0f533857fa96e1b71d0504eb2e10f1b1543e4d50e01a6837d3e7c55b94e42,structured_always,True,,11,1,True,False,2,145
revision_costly_recovery,15,ff2d02b308a2ab2ffee3b69369efa8c59e9db7c589866b3acc48bd97fc9caf82,structured_always,True,,11,1,True,False,2,145
revision_costly_recovery,16,06b68b8cce1f286654ce17a7af9ee9e5c3bcefa264913f9c9623d71c1a6e4eec,structured_always,True,,11,1,True,False,2,145
revision_costly_recovery,17,304cc4cb093b334aa96f8e42ccb46bde7f47c6287c5ad5df670ec057b0dbd6a2,structured_always,True,,11,1,True,False,2,145
revision_costly_recovery,18,727bfea16065d253b18cbc655953f180353bfbb87b997a667699229c1ac92dd1,structured_always,True,,11,1,True,False,2,145
revision_costly_recovery,19,ca94aebd2c7a27648dbb925c224d48858f691601f274384503aedd46baaf5023,structured_always,True,,11,1,True,False,2,145
revision_costly_recovery,20,b370c606c91b903798ad90f3673640def9bf8f7eeed467411381bb478434e15b,structured_always,True,,11,1,True,False,2,145
revision_costly_recovery,21,5012d2acd35fedbbb3b19f6ab7010df18713e9bc16524de1d6f9342b42c6f53d,structured_always,True,,11,1,True,False,2,145
revision_costly_recovery,22,720caca684fd8b7c77dee9d772bb240f2c04f23ad7dc5cf8db9b221cd6f6f0e8,structured_always,True,,11,1,True,False,2,145
revision_costly_recovery,23,fffc69a3736edeccfef14e416d5857ccf75518f524aa72f4542fa53e93eecc1f,structured_always,True,,11,1,True,False,2,145
revision_costly_recovery,24,832cd57e18569f445ff880017d735fee98fd369bcd95d084221f6483ec695cb1,structured_always,True,,11,1,True,False,2,145
revision_costly_recovery,25,eb53dfc9a36f6079c23accd74f03e0bcee906849eed87831a22bbc98fe30194f,structured_always,True,,11,1,True,False,2,145
revision_costly_recovery,26,407b5090160187b432a518ceb157f2d48eacff76a706f449a11d4814078c17be,structured_always,True,,11,1,True,False,2,145
revision_costly_recovery,27,4c00c38ecc2be2740153371704a24312ce43d8e34bda84a2eb48525bddfd22a7,structured_always,True,,11,1,True,False,2,145
revision_costly_recovery,28,361c1bdc8b2e9dc7190d5ab2bc35278bc699dd86136e8533272367ac0a2eb7a8,structured_always,True,,11,1,True,False,2,145
revision_costly_recovery,29,32975b1060567ccace3a10f56843033b5b93916162905af392ab9178ea8cd1d4,structured_always,True,,11,1,True,False,2,145
revision_costly_recovery,0,dbddf4528fb727d81aa39b079b4352f4cb38669d267641063d275ff533c0cb65,structured_budgeted,True,,11,1,True,False,2,145
revision_costly_recovery,1,b78c385f70be410db2fafbfce6164d433f0c860671beaad5e57df58d552210ed,structured_budgeted,True,,11,1,True,False,2,145
revision_costly_recovery,2,c081d5dde0c2ea21ce1f8dcccbd36b6a32e3c519aeb8b793fe084fa59841ac56,structured_budgeted,True,,11,1,True,False,2,145
revision_costly_recovery,3,a90d2e84b9b1037350cc8c9928eb02fcb758bb4c8fb5ba4b2ebef1234e8cc454,structured_budgeted,True,,11,1,True,False,2,145
revision_costly_recovery,4,a30286f2faf3976e164326016dc25386ca33225301abd8d170387fc4d96f3871,structured_budgeted,True,,11,1,True,False,2,145
revision_costly_recovery,5,3e77e4ec58b1180108af03ee44ccb099b38906e8a1993b7a8a70b224e767f7fe,structured_budgeted,True,,11,1,True,False,2,145
revision_costly_recovery,6,3f50f262241674d6393e44cd7b778ddbc380b057281defa6862d082e416d7a80,structured_budgeted,True,,11,1,True,False,2,145
revision_costly_recovery,7,73642b372b68249c121a6e70f4bfd336702db2bf346095307665735bbfaff6e4,structured_budgeted,True,,11,1,True,False,2,145
revision_costly_recovery,8,721eb922b9eef46bfe1ec4da9d3cb3b875ad3ed7140e68cd97f8a278524d6c40,structured_budgeted,True,,11,1,True,False,2,145
revision_costly_recovery,9,3feba52585d57dc8a3b2e07492bfdc3bbc87c387f6677b1ac4bafa8177ed0fc5,structured_budgeted,True,,11,1,True,False,2,145
revision_costly_recovery,10,fd1426102297c04822c0dadaeb8662509bbb65e906763afc85e36005e510f21e,structured_budgeted,True,,11,1,True,False,2,145
revision_costly_recovery,11,adcc261c96c419ee7c3e6c59da8437083794e796d44e127127925b20215cf4fe,structured_budgeted,True,,11,1,True,False,2,145
revision_costly_recovery,12,505cc181bbc06bc2978c81fc08da590031942570a6be41b65a15fe1aa3e93553,structured_budgeted,True,,11,1,True,False,2,145
revision_costly_recovery,13,b8a0f20bb08dd31dfc5bb9c74965a75c76e0a2358036eb171c9e2e4966a15fc6,structured_budgeted,True,,11,1,True,False,2,145
revision_costly_recovery,14,1ce0f533857fa96e1b71d0504eb2e10f1b1543e4d50e01a6837d3e7c55b94e42,structured_budgeted,True,,11,1,True,False,2,145
revision_costly_recovery,15,ff2d02b308a2ab2ffee3b69369efa8c59e9db7c589866b3acc48bd97fc9caf82,structured_budgeted,True,,11,1,True,False,2,145
revision_costly_recovery,16,06b68b8cce1f286654ce17a7af9ee9e5c3bcefa264913f9c9623d71c1a6e4eec,structured_budgeted,True,,11,1,True,False,2,145
revision_costly_recovery,17,304cc4cb093b334aa96f8e42ccb46bde7f47c6287c5ad5df670ec057b0dbd6a2,structured_budgeted,True,,11,1,True,False,2,145
revision_costly_recovery,18,727bfea16065d253b18cbc655953f180353bfbb87b997a667699229c1ac92dd1,structured_budgeted,True,,11,1,True,False,2,145
revision_costly_recovery,19,ca94aebd2c7a27648dbb925c224d48858f691601f274384503aedd46baaf5023,structured_budgeted,True,,11,1,True,False,2,145
revision_costly_recovery,20,b370c606c91b903798ad90f3673640def9bf8f7eeed467411381bb478434e15b,structured_budgeted,True,,11,1,True,False,2,145
revision_costly_recovery,21,5012d2acd35fedbbb3b19f6ab7010df18713e9bc16524de1d6f9342b42c6f53d,structured_budgeted,True,,11,1,True,False,2,145
revision_costly_recovery,22,720caca684fd8b7c77dee9d772bb240f2c04f23ad7dc5cf8db9b221cd6f6f0e8,structured_budgeted,True,,11,1,True,False,2,145
revision_costly_recovery,23,fffc69a3736edeccfef14e416d5857ccf75518f524aa72f4542fa53e93eecc1f,structured_budgeted,True,,11,1,True,False,2,145
revision_costly_recovery,24,832cd57e18569f445ff880017d735fee98fd369bcd95d084221f6483ec695cb1,structured_budgeted,True,,11,1,True,False,2,145
revision_costly_recovery,25,eb53dfc9a36f6079c23accd74f03e0bcee906849eed87831a22bbc98fe30194f,structured_budgeted,True,,11,1,True,False,2,145
revision_costly_recovery,26,407b5090160187b432a518ceb157f2d48eacff76a706f449a11d4814078c17be,structured_budgeted,True,,11,1,True,False,2,145
revision_costly_recovery,27,4c00c38ecc2be2740153371704a24312ce43d8e34bda84a2eb48525bddfd22a7,structured_budgeted,True,,11,1,True,False,2,145
revision_costly_recovery,28,361c1bdc8b2e9dc7190d5ab2bc35278bc699dd86136e8533272367ac0a2eb7a8,structured_budgeted,True,,11,1,True,False,2,145
revision_costly_recovery,29,32975b1060567ccace3a10f56843033b5b93916162905af392ab9178ea8cd1d4,structured_budgeted,True,,11,1,True,False,2,145
revision_costly_recovery,0,dbddf4528fb727d81aa39b079b4352f4cb38669d267641063d275ff533c0cb65,structured_never_recover,True,,10,0,False,False,2,145
revision_costly_recovery,1,b78c385f70be410db2fafbfce6164d433f0c860671beaad5e57df58d552210ed,structured_never_recover,True,,18,8,False,True,2,145
revision_costly_recovery,2,c081d5dde0c2ea21ce1f8dcccbd36b6a32e3c519aeb8b793fe084fa59841ac56,structured_never_recover,True,,10,0,False,False,2,145
revision_costly_recovery,3,a90d2e84b9b1037350cc8c9928eb02fcb758bb4c8fb5ba4b2ebef1234e8cc454,structured_never_recover,True,,18,8,False,True,2,145
revision_costly_recovery,4,a30286f2faf3976e164326016dc25386ca33225301abd8d170387fc4d96f3871,structured_never_recover,True,,10,0,False,False,2,145
revision_costly_recovery,5,3e77e4ec58b1180108af03ee44ccb099b38906e8a1993b7a8a70b224e767f7fe,structured_never_recover,True,,18,8,False,True,2,145
revision_costly_recovery,6,3f50f262241674d6393e44cd7b778ddbc380b057281defa6862d082e416d7a80,structured_never_recover,True,,10,0,False,False,2,145
revision_costly_recovery,7,73642b372b68249c121a6e70f4bfd336702db2bf346095307665735bbfaff6e4,structured_never_recover,True,,10,0,False,False,2,145
revision_costly_recovery,8,721eb922b9eef46bfe1ec4da9d3cb3b875ad3ed7140e68cd97f8a278524d6c40,structured_never_recover,True,,10,0,False,False,2,145
revision_costly_recovery,9,3feba52585d57dc8a3b2e07492bfdc3bbc87c387f6677b1ac4bafa8177ed0fc5,structured_never_recover,True,,10,0,False,False,2,145
revision_costly_recovery,10,fd1426102297c04822c0dadaeb8662509bbb65e906763afc85e36005e510f21e,structured_never_recover,True,,10,0,False,False,2,145
revision_costly_recovery,11,adcc261c96c419ee7c3e6c59da8437083794e796d44e127127925b20215cf4fe,structured_never_recover,True,,18,8,False,True,2,145
revision_costly_recovery,12,505cc181bbc06bc2978c81fc08da590031942570a6be41b65a15fe1aa3e93553,structured_never_recover,True,,10,0,False,False,2,145
revision_costly_recovery,13,b8a0f20bb08dd31dfc5bb9c74965a75c76e0a2358036eb171c9e2e4966a15fc6,structured_never_recover,True,,18,8,False,True,2,145
revision_costly_recovery,14,1ce0f533857fa96e1b71d0504eb2e10f1b1543e4d50e01a6837d3e7c55b94e42,structured_never_recover,True,,10,0,False,False,2,145
revision_costly_recovery,15,ff2d02b308a2ab2ffee3b69369efa8c59e9db7c589866b3acc48bd97fc9caf82,structured_never_recover,True,,10,0,False,False,2,145
revision_costly_recovery,16,06b68b8cce1f286654ce17a7af9ee9e5c3bcefa264913f9c9623d71c1a6e4eec,structured_never_recover,True,,10,0,False,False,2,145
revision_costly_recovery,17,304cc4cb093b334aa96f8e42ccb46bde7f47c6287c5ad5df670ec057b0dbd6a2,structured_never_recover,True,,10,0,False,False,2,145
revision_costly_recovery,18,727bfea16065d253b18cbc655953f180353bfbb87b997a667699229c1ac92dd1,structured_never_recover,True,,10,0,False,False,2,145
revision_costly_recovery,19,ca94aebd2c7a27648dbb925c224d48858f691601f274384503aedd46baaf5023,structured_never_recover,True,,18,8,False,True,2,145
revision_costly_recovery,20,b370c606c91b903798ad90f3673640def9bf8f7eeed467411381bb478434e15b,structured_never_recover,True,,10,0,False,False,2,145
revision_costly_recovery,21,5012d2acd35fedbbb3b19f6ab7010df18713e9bc16524de1d6f9342b42c6f53d,structured_never_recover,True,,10,0,False,False,2,145
revision_costly_recovery,22,720caca684fd8b7c77dee9d772bb240f2c04f23ad7dc5cf8db9b221cd6f6f0e8,structured_never_recover,True,,10,0,False,False,2,145
revision_costly_recovery,23,fffc69a3736edeccfef14e416d5857ccf75518f524aa72f4542fa53e93eecc1f,structured_never_recover,True,,10,0,False,False,2,145
revision_costly_recovery,24,832cd57e18569f445ff880017d735fee98fd369bcd95d084221f6483ec695cb1,structured_never_recover,True,,10,0,False,False,2,145
revision_costly_recovery,25,eb53dfc9a36f6079c23accd74f03e0bcee906849eed87831a22bbc98fe30194f,structured_never_recover,True,,10,0,False,False,2,145
revision_costly_recovery,26,407b5090160187b432a518ceb157f2d48eacff76a706f449a11d4814078c17be,structured_never_recover,True,,10,0,False,False,2,145
revision_costly_recovery,27,4c00c38ecc2be2740153371704a24312ce43d8e34bda84a2eb48525bddfd22a7,structured_never_recover,True,,10,0,False,False,2,145
revision_costly_recovery,28,361c1bdc8b2e9dc7190d5ab2bc35278bc699dd86136e8533272367ac0a2eb7a8,structured_never_recover,True,,10,0,False,False,2,145
revision_costly_recovery,29,32975b1060567ccace3a10f56843033b5b93916162905af392ab9178ea8cd1d4,structured_never_recover,True,,10,0,False,False,2,145
revision_costly_recovery,0,dbddf4528fb727d81aa39b079b4352f4cb38669d267641063d275ff533c0cb65,structured_always_recover,True,,11,1,True,False,2,145
revision_costly_recovery,1,b78c385f70be410db2fafbfce6164d433f0c860671beaad5e57df58d552210ed,structured_always_recover,True,,11,1,True,False,2,145
revision_costly_recovery,2,c081d5dde0c2ea21ce1f8dcccbd36b6a32e3c519aeb8b793fe084fa59841ac56,structured_always_recover,True,,11,1,True,False,2,145
revision_costly_recovery,3,a90d2e84b9b1037350cc8c9928eb02fcb758bb4c8fb5ba4b2ebef1234e8cc454,structured_always_recover,True,,11,1,True,False,2,145
revision_costly_recovery,4,a30286f2faf3976e164326016dc25386ca33225301abd8d170387fc4d96f3871,structured_always_recover,True,,11,1,True,False,2,145
revision_costly_recovery,5,3e77e4ec58b1180108af03ee44ccb099b38906e8a1993b7a8a70b224e767f7fe,structured_always_recover,True,,11,1,True,False,2,145
revision_costly_recovery,6,3f50f262241674d6393e44cd7b778ddbc380b057281defa6862d082e416d7a80,structured_always_recover,True,,11,1,True,False,2,145
revision_costly_recovery,7,73642b372b68249c121a6e70f4bfd336702db2bf346095307665735bbfaff6e4,structured_always_recover,True,,11,1,True,False,2,145
revision_costly_recovery,8,721eb922b9eef46bfe1ec4da9d3cb3b875ad3ed7140e68cd97f8a278524d6c40,structured_always_recover,True,,11,1,True,False,2,145
revision_costly_recovery,9,3feba52585d57dc8a3b2e07492bfdc3bbc87c387f6677b1ac4bafa8177ed0fc5,structured_always_recover,True,,11,1,True,False,2,145
revision_costly_recovery,10,fd1426102297c04822c0dadaeb8662509bbb65e906763afc85e36005e510f21e,structured_always_recover,True,,11,1,True,False,2,145
revision_costly_recovery,11,adcc261c96c419ee7c3e6c59da8437083794e796d44e127127925b20215cf4fe,structured_always_recover,True,,11,1,True,False,2,145
revision_costly_recovery,12,505cc181bbc06bc2978c81fc08da590031942570a6be41b65a15fe1aa3e93553,structured_always_recover,True,,11,1,True,False,2,145
revision_costly_recovery,13,b8a0f20bb08dd31dfc5bb9c74965a75c76e0a2358036eb171c9e2e4966a15fc6,structured_always_recover,True,,11,1,True,False,2,145
revision_costly_recovery,14,1ce0f533857fa96e1b71d0504eb2e10f1b1543e4d50e01a6837d3e7c55b94e42,structured_always_recover,True,,11,1,True,False,2,145
revision_costly_recovery,15,ff2d02b308a2ab2ffee3b69369efa8c59e9db7c589866b3acc48bd97fc9caf82,structured_always_recover,True,,11,1,True,False,2,145
revision_costly_recovery,16,06b68b8cce1f286654ce17a7af9ee9e5c3bcefa264913f9c9623d71c1a6e4eec,structured_always_recover,True,,11,1,True,False,2,145
revision_costly_recovery,17,304cc4cb093b334aa96f8e42ccb46bde7f47c6287c5ad5df670ec057b0dbd6a2,structured_always_recover,True,,11,1,True,False,2,145
revision_costly_recovery,18,727bfea16065d253b18cbc655953f180353bfbb87b997a667699229c1ac92dd1,structured_always_recover,True,,11,1,True,False,2,145
revision_costly_recovery,19,ca94aebd2c7a27648dbb925c224d48858f691601f274384503aedd46baaf5023,structured_always_recover,True,,11,1,True,False,2,145
revision_costly_recovery,20,b370c606c91b903798ad90f3673640def9bf8f7eeed467411381bb478434e15b,structured_always_recover,True,,11,1,True,False,2,145
revision_costly_recovery,21,5012d2acd35fedbbb3b19f6ab7010df18713e9bc16524de1d6f9342b42c6f53d,structured_always_recover,True,,11,1,True,False,2,145
revision_costly_recovery,22,720caca684fd8b7c77dee9d772bb240f2c04f23ad7dc5cf8db9b221cd6f6f0e8,structured_always_recover,True,,11,1,True,False,2,145
revision_costly_recovery,23,fffc69a3736edeccfef14e416d5857ccf75518f524aa72f4542fa53e93eecc1f,structured_always_recover,True,,11,1,True,False,2,145
revision_costly_recovery,24,832cd57e18569f445ff880017d735fee98fd369bcd95d084221f6483ec695cb1,structured_always_recover,True,,11,1,True,False,2,145
revision_costly_recovery,25,eb53dfc9a36f6079c23accd74f03e0bcee906849eed87831a22bbc98fe30194f,structured_always_recover,True,,11,1,True,False,2,145
revision_costly_recovery,26,407b5090160187b432a518ceb157f2d48eacff76a706f449a11d4814078c17be,structured_always_recover,True,,11,1,True,False,2,145
revision_costly_recovery,27,4c00c38ecc2be2740153371704a24312ce43d8e34bda84a2eb48525bddfd22a7,structured_always_recover,True,,11,1,True,False,2,145
revision_costly_recovery,28,361c1bdc8b2e9dc7190d5ab2bc35278bc699dd86136e8533272367ac0a2eb7a8,structured_always_recover,True,,11,1,True,False,2,145
revision_costly_recovery,29,32975b1060567ccace3a10f56843033b5b93916162905af392ab9178ea8cd1d4,structured_always_recover,True,,11,1,True,False,2,145
ample_parent,0,53bc16969bd87802644f3d75fa6c6a2751762911a30d9a153fb0f34648bf1920,reference_retain,True,,10,0,False,False,6,433
ample_parent,1,58ab4640631b856ec80701ac07f7b9c8a7543a3f5e17ec68db2fcb29216448e5,reference_retain,True,,10,0,False,False,6,433
ample_parent,2,f302ccd1c0f4478c44a1cae82e385fd79a8adbe58fe5f990e71f00c336c3e7cf,reference_retain,True,,10,0,False,False,6,433
ample_parent,3,7b6427b433685bc39e8274e4ac66afb104a0628654e557f23e530e8de19ac9c9,reference_retain,True,,10,0,False,False,6,433
ample_parent,4,579b055114c4b79ae4e53979fd23bb42d1ad0c21d3355d3a40224e649b48ba03,reference_retain,True,,10,0,False,False,6,433
ample_parent,5,8ca92094a49153a913b1d49b51fbfde086ecf85c6ac1cb862310f6556fd9f07a,reference_retain,True,,10,0,False,False,6,433
ample_parent,6,027ef294fe56825ef939200d2856bf2e63c6822df8dbddfce25bdfcd8cd320d4,reference_retain,True,,10,0,False,False,6,433
ample_parent,7,1176cb8757dbe390eb4e9f9b0d4b3a4bc72bfcc21515174494dbb37f77ff076a,reference_retain,True,,10,0,False,False,6,433
ample_parent,8,a72015f71d8ec20abdbe416b22ea36aa7cba7a4f8fff772aee802dda5b2e44c4,reference_retain,True,,10,0,False,False,6,433
ample_parent,9,be74e1465bf40840b26cae0150c7675c6344d25641ff2eb53517df6ae64abd87,reference_retain,True,,10,0,False,False,6,433
ample_parent,10,d2e546d213446bbc87568176c3499d29dda3a6f074a1703567ff5e2ee7a6a717,reference_retain,True,,10,0,False,False,6,433
ample_parent,11,67c30a85d7cf6ab72f6a623e5758ba9cf435fb1eb4c26c3cd2799da1ee4a81fb,reference_retain,True,,10,0,False,False,6,433
ample_parent,12,39147bff34f0d3c1cd13bdece25401f0f17f90400b3989e377a0a6d3a47b03b3,reference_retain,True,,10,0,False,False,6,433
ample_parent,13,f716ecea8c9f07fac9f658a737c568b708ea546d9d8dae25d8110402af3b2b3a,reference_retain,True,,10,0,False,False,6,433
ample_parent,14,080430ef5d8c802a294c374c79de35b0e21f3d39bd7e1b9c76a73efaad4ee70c,reference_retain,True,,10,0,False,False,6,433
ample_parent,15,5f9f66e4484a529879e1fe0e1275becc769e5a33d3cc593290de0652165178f0,reference_retain,True,,10,0,False,False,6,433
ample_parent,16,3b11ce8e5dd2ba13b472f13714b26c8b10fc991b337507364bc75df6f9452c52,reference_retain,True,,10,0,False,False,6,433
ample_parent,17,94393d8d4a4e5797d1353d42f071ff290d955da043bd8c151e29017630253ce3,reference_retain,True,,10,0,False,False,6,433
ample_parent,18,1a1bfa5ce5e29d416458dfef817cb42fc2bc148746c5b76468ead5706ddf02da,reference_retain,True,,10,0,False,False,6,433
ample_parent,19,01b5fca4910fbc46464759604b9f8d7769e126548b9150d0bc96bb8a3416c6ba,reference_retain,True,,10,0,False,False,6,433
ample_parent,20,1b2eaaa2fbd051e79765e22cb8b3caa58c43c89d4e4f17a138baea4cbeb9d57f,reference_retain,True,,10,0,False,False,6,433
ample_parent,21,d790098292e151e7ecaa5fc46e99328cf874bfee4805cbba0b4f5c92ec05b97d,reference_retain,True,,10,0,False,False,6,433
ample_parent,22,af51265cf5a9c4a8a27d775e10dd47521a6075853e4cb9c27925091e91efaa83,reference_retain,True,,10,0,False,False,6,433
ample_parent,23,cd494e51f8c1c5ec95d00a96eb678c71d78817a3bdfae0ede17904b165df2af3,reference_retain,True,,10,0,False,False,6,433
ample_parent,24,f1fe4cd277830eb5f8201947e2273ef8926bdb86a043f19092a9e78ee97b822a,reference_retain,True,,10,0,False,False,6,433
ample_parent,25,c33fe8fc52705388da96b638bb0d2cc4a2421e3d6679392e68672e0c865e91e6,reference_retain,True,,10,0,False,False,6,433
ample_parent,26,02583220c17c025b019f41ac18293d3746ee4150d1876a1e1b435051346e95b5,reference_retain,True,,10,0,False,False,6,433
ample_parent,27,0ca77e8acd30b15149549345c3df22bd70637a1e13f15b18c859c2a516827bad,reference_retain,True,,10,0,False,False,6,433
ample_parent,28,7f0a70a5f46364034c54b66367a40d00224e08cd9dee6c675a01df5e8f44b5f9,reference_retain,True,,10,0,False,False,6,433
ample_parent,29,64bf382d0e02e2e8fb4d9829feefee10c607972c3c6daecd14e5403ca50d3b5f,reference_retain,True,,10,0,False,False,6,433
ample_parent,0,53bc16969bd87802644f3d75fa6c6a2751762911a30d9a153fb0f34648bf1920,reference_retain_recover,True,,10,0,False,False,6,433
ample_parent,1,58ab4640631b856ec80701ac07f7b9c8a7543a3f5e17ec68db2fcb29216448e5,reference_retain_recover,True,,10,0,False,False,6,433
ample_parent,2,f302ccd1c0f4478c44a1cae82e385fd79a8adbe58fe5f990e71f00c336c3e7cf,reference_retain_recover,True,,10,0,False,False,6,433
ample_parent,3,7b6427b433685bc39e8274e4ac66afb104a0628654e557f23e530e8de19ac9c9,reference_retain_recover,True,,10,0,False,False,6,433
ample_parent,4,579b055114c4b79ae4e53979fd23bb42d1ad0c21d3355d3a40224e649b48ba03,reference_retain_recover,True,,10,0,False,False,6,433
ample_parent,5,8ca92094a49153a913b1d49b51fbfde086ecf85c6ac1cb862310f6556fd9f07a,reference_retain_recover,True,,10,0,False,False,6,433
ample_parent,6,027ef294fe56825ef939200d2856bf2e63c6822df8dbddfce25bdfcd8cd320d4,reference_retain_recover,True,,10,0,False,False,6,433
ample_parent,7,1176cb8757dbe390eb4e9f9b0d4b3a4bc72bfcc21515174494dbb37f77ff076a,reference_retain_recover,True,,10,0,False,False,6,433
ample_parent,8,a72015f71d8ec20abdbe416b22ea36aa7cba7a4f8fff772aee802dda5b2e44c4,reference_retain_recover,True,,10,0,False,False,6,433
ample_parent,9,be74e1465bf40840b26cae0150c7675c6344d25641ff2eb53517df6ae64abd87,reference_retain_recover,True,,10,0,False,False,6,433
ample_parent,10,d2e546d213446bbc87568176c3499d29dda3a6f074a1703567ff5e2ee7a6a717,reference_retain_recover,True,,10,0,False,False,6,433
ample_parent,11,67c30a85d7cf6ab72f6a623e5758ba9cf435fb1eb4c26c3cd2799da1ee4a81fb,reference_retain_recover,True,,10,0,False,False,6,433
ample_parent,12,39147bff34f0d3c1cd13bdece25401f0f17f90400b3989e377a0a6d3a47b03b3,reference_retain_recover,True,,10,0,False,False,6,433
ample_parent,13,f716ecea8c9f07fac9f658a737c568b708ea546d9d8dae25d8110402af3b2b3a,reference_retain_recover,True,,10,0,False,False,6,433
ample_parent,14,080430ef5d8c802a294c374c79de35b0e21f3d39bd7e1b9c76a73efaad4ee70c,reference_retain_recover,True,,10,0,False,False,6,433
ample_parent,15,5f9f66e4484a529879e1fe0e1275becc769e5a33d3cc593290de0652165178f0,reference_retain_recover,True,,10,0,False,False,6,433
ample_parent,16,3b11ce8e5dd2ba13b472f13714b26c8b10fc991b337507364bc75df6f9452c52,reference_retain_recover,True,,10,0,False,False,6,433
ample_parent,17,94393d8d4a4e5797d1353d42f071ff290d955da043bd8c151e29017630253ce3,reference_retain_recover,True,,10,0,False,False,6,433
ample_parent,18,1a1bfa5ce5e29d416458dfef817cb42fc2bc148746c5b76468ead5706ddf02da,reference_retain_recover,True,,10,0,False,False,6,433
ample_parent,19,01b5fca4910fbc46464759604b9f8d7769e126548b9150d0bc96bb8a3416c6ba,reference_retain_recover,True,,10,0,False,False,6,433
ample_parent,20,1b2eaaa2fbd051e79765e22cb8b3caa58c43c89d4e4f17a138baea4cbeb9d57f,reference_retain_recover,True,,10,0,False,False,6,433
ample_parent,21,d790098292e151e7ecaa5fc46e99328cf874bfee4805cbba0b4f5c92ec05b97d,reference_retain_recover,True,,10,0,False,False,6,433
ample_parent,22,af51265cf5a9c4a8a27d775e10dd47521a6075853e4cb9c27925091e91efaa83,reference_retain_recover,True,,10,0,False,False,6,433
ample_parent,23,cd494e51f8c1c5ec95d00a96eb678c71d78817a3bdfae0ede17904b165df2af3,reference_retain_recover,True,,10,0,False,False,6,433
ample_parent,24,f1fe4cd277830eb5f8201947e2273ef8926bdb86a043f19092a9e78ee97b822a,reference_retain_recover,True,,10,0,False,False,6,433
ample_parent,25,c33fe8fc52705388da96b638bb0d2cc4a2421e3d6679392e68672e0c865e91e6,reference_retain_recover,True,,10,0,False,False,6,433
ample_parent,26,02583220c17c025b019f41ac18293d3746ee4150d1876a1e1b435051346e95b5,reference_retain_recover,True,,10,0,False,False,6,433
ample_parent,27,0ca77e8acd30b15149549345c3df22bd70637a1e13f15b18c859c2a516827bad,reference_retain_recover,True,,10,0,False,False,6,433
ample_parent,28,7f0a70a5f46364034c54b66367a40d00224e08cd9dee6c675a01df5e8f44b5f9,reference_retain_recover,True,,10,0,False,False,6,433
ample_parent,29,64bf382d0e02e2e8fb4d9829feefee10c607972c3c6daecd14e5403ca50d3b5f,reference_retain_recover,True,,10,0,False,False,6,433
ample_parent,0,53bc16969bd87802644f3d75fa6c6a2751762911a30d9a153fb0f34648bf1920,reference_inspect,True,,11,1,True,False,2,145
ample_parent,1,58ab4640631b856ec80701ac07f7b9c8a7543a3f5e17ec68db2fcb29216448e5,reference_inspect,True,,11,1,True,False,2,145
ample_parent,2,f302ccd1c0f4478c44a1cae82e385fd79a8adbe58fe5f990e71f00c336c3e7cf,reference_inspect,True,,11,1,True,False,2,145
ample_parent,3,7b6427b433685bc39e8274e4ac66afb104a0628654e557f23e530e8de19ac9c9,reference_inspect,True,,11,1,True,False,2,145
ample_parent,4,579b055114c4b79ae4e53979fd23bb42d1ad0c21d3355d3a40224e649b48ba03,reference_inspect,True,,11,1,True,False,2,145
ample_parent,5,8ca92094a49153a913b1d49b51fbfde086ecf85c6ac1cb862310f6556fd9f07a,reference_inspect,True,,11,1,True,False,2,145
ample_parent,6,027ef294fe56825ef939200d2856bf2e63c6822df8dbddfce25bdfcd8cd320d4,reference_inspect,True,,11,1,True,False,2,145
ample_parent,7,1176cb8757dbe390eb4e9f9b0d4b3a4bc72bfcc21515174494dbb37f77ff076a,reference_inspect,True,,11,1,True,False,2,145
ample_parent,8,a72015f71d8ec20abdbe416b22ea36aa7cba7a4f8fff772aee802dda5b2e44c4,reference_inspect,True,,11,1,True,False,2,145
ample_parent,9,be74e1465bf40840b26cae0150c7675c6344d25641ff2eb53517df6ae64abd87,reference_inspect,True,,11,1,True,False,2,145
ample_parent,10,d2e546d213446bbc87568176c3499d29dda3a6f074a1703567ff5e2ee7a6a717,reference_inspect,True,,11,1,True,False,2,145
ample_parent,11,67c30a85d7cf6ab72f6a623e5758ba9cf435fb1eb4c26c3cd2799da1ee4a81fb,reference_inspect,True,,11,1,True,False,2,145
ample_parent,12,39147bff34f0d3c1cd13bdece25401f0f17f90400b3989e377a0a6d3a47b03b3,reference_inspect,True,,11,1,True,False,2,145
ample_parent,13,f716ecea8c9f07fac9f658a737c568b708ea546d9d8dae25d8110402af3b2b3a,reference_inspect,True,,11,1,True,False,2,145
ample_parent,14,080430ef5d8c802a294c374c79de35b0e21f3d39bd7e1b9c76a73efaad4ee70c,reference_inspect,True,,11,1,True,False,2,145
ample_parent,15,5f9f66e4484a529879e1fe0e1275becc769e5a33d3cc593290de0652165178f0,reference_inspect,True,,11,1,True,False,2,145
ample_parent,16,3b11ce8e5dd2ba13b472f13714b26c8b10fc991b337507364bc75df6f9452c52,reference_inspect,True,,11,1,True,False,2,145
ample_parent,17,94393d8d4a4e5797d1353d42f071ff290d955da043bd8c151e29017630253ce3,reference_inspect,True,,11,1,True,False,2,145
ample_parent,18,1a1bfa5ce5e29d416458dfef817cb42fc2bc148746c5b76468ead5706ddf02da,reference_inspect,True,,11,1,True,False,2,145
ample_parent,19,01b5fca4910fbc46464759604b9f8d7769e126548b9150d0bc96bb8a3416c6ba,reference_inspect,True,,11,1,True,False,2,145
ample_parent,20,1b2eaaa2fbd051e79765e22cb8b3caa58c43c89d4e4f17a138baea4cbeb9d57f,reference_inspect,True,,11,1,True,False,2,145
ample_parent,21,d790098292e151e7ecaa5fc46e99328cf874bfee4805cbba0b4f5c92ec05b97d,reference_inspect,True,,11,1,True,False,2,145
ample_parent,22,af51265cf5a9c4a8a27d775e10dd47521a6075853e4cb9c27925091e91efaa83,reference_inspect,True,,11,1,True,False,2,145
ample_parent,23,cd494e51f8c1c5ec95d00a96eb678c71d78817a3bdfae0ede17904b165df2af3,reference_inspect,True,,11,1,True,False,2,145
ample_parent,24,f1fe4cd277830eb5f8201947e2273ef8926bdb86a043f19092a9e78ee97b822a,reference_inspect,True,,11,1,True,False,2,145
ample_parent,25,c33fe8fc52705388da96b638bb0d2cc4a2421e3d6679392e68672e0c865e91e6,reference_inspect,True,,11,1,True,False,2,145
ample_parent,26,02583220c17c025b019f41ac18293d3746ee4150d1876a1e1b435051346e95b5,reference_inspect,True,,11,1,True,False,2,145
ample_parent,27,0ca77e8acd30b15149549345c3df22bd70637a1e13f15b18c859c2a516827bad,reference_inspect,True,,11,1,True,False,2,145
ample_parent,28,7f0a70a5f46364034c54b66367a40d00224e08cd9dee6c675a01df5e8f44b5f9,reference_inspect,True,,11,1,True,False,2,145
ample_parent,29,64bf382d0e02e2e8fb4d9829feefee10c607972c3c6daecd14e5403ca50d3b5f,reference_inspect,True,,11,1,True,False,2,145
ample_parent,0,53bc16969bd87802644f3d75fa6c6a2751762911a30d9a153fb0f34648bf1920,reference_inspect_recover,True,,11,1,True,False,2,145
ample_parent,1,58ab4640631b856ec80701ac07f7b9c8a7543a3f5e17ec68db2fcb29216448e5,reference_inspect_recover,True,,11,1,True,False,2,145
ample_parent,2,f302ccd1c0f4478c44a1cae82e385fd79a8adbe58fe5f990e71f00c336c3e7cf,reference_inspect_recover,True,,11,1,True,False,2,145
ample_parent,3,7b6427b433685bc39e8274e4ac66afb104a0628654e557f23e530e8de19ac9c9,reference_inspect_recover,True,,11,1,True,False,2,145
ample_parent,4,579b055114c4b79ae4e53979fd23bb42d1ad0c21d3355d3a40224e649b48ba03,reference_inspect_recover,True,,11,1,True,False,2,145
ample_parent,5,8ca92094a49153a913b1d49b51fbfde086ecf85c6ac1cb862310f6556fd9f07a,reference_inspect_recover,True,,11,1,True,False,2,145
ample_parent,6,027ef294fe56825ef939200d2856bf2e63c6822df8dbddfce25bdfcd8cd320d4,reference_inspect_recover,True,,11,1,True,False,2,145
ample_parent,7,1176cb8757dbe390eb4e9f9b0d4b3a4bc72bfcc21515174494dbb37f77ff076a,reference_inspect_recover,True,,11,1,True,False,2,145
ample_parent,8,a72015f71d8ec20abdbe416b22ea36aa7cba7a4f8fff772aee802dda5b2e44c4,reference_inspect_recover,True,,11,1,True,False,2,145
ample_parent,9,be74e1465bf40840b26cae0150c7675c6344d25641ff2eb53517df6ae64abd87,reference_inspect_recover,True,,11,1,True,False,2,145
ample_parent,10,d2e546d213446bbc87568176c3499d29dda3a6f074a1703567ff5e2ee7a6a717,reference_inspect_recover,True,,11,1,True,False,2,145
ample_parent,11,67c30a85d7cf6ab72f6a623e5758ba9cf435fb1eb4c26c3cd2799da1ee4a81fb,reference_inspect_recover,True,,11,1,True,False,2,145
ample_parent,12,39147bff34f0d3c1cd13bdece25401f0f17f90400b3989e377a0a6d3a47b03b3,reference_inspect_recover,True,,11,1,True,False,2,145
ample_parent,13,f716ecea8c9f07fac9f658a737c568b708ea546d9d8dae25d8110402af3b2b3a,reference_inspect_recover,True,,11,1,True,False,2,145
ample_parent,14,080430ef5d8c802a294c374c79de35b0e21f3d39bd7e1b9c76a73efaad4ee70c,reference_inspect_recover,True,,11,1,True,False,2,145
ample_parent,15,5f9f66e4484a529879e1fe0e1275becc769e5a33d3cc593290de0652165178f0,reference_inspect_recover,True,,11,1,True,False,2,145
ample_parent,16,3b11ce8e5dd2ba13b472f13714b26c8b10fc991b337507364bc75df6f9452c52,reference_inspect_recover,True,,11,1,True,False,2,145
ample_parent,17,94393d8d4a4e5797d1353d42f071ff290d955da043bd8c151e29017630253ce3,reference_inspect_recover,True,,11,1,True,False,2,145
ample_parent,18,1a1bfa5ce5e29d416458dfef817cb42fc2bc148746c5b76468ead5706ddf02da,reference_inspect_recover,True,,11,1,True,False,2,145
ample_parent,19,01b5fca4910fbc46464759604b9f8d7769e126548b9150d0bc96bb8a3416c6ba,reference_inspect_recover,True,,11,1,True,False,2,145
ample_parent,20,1b2eaaa2fbd051e79765e22cb8b3caa58c43c89d4e4f17a138baea4cbeb9d57f,reference_inspect_recover,True,,11,1,True,False,2,145
ample_parent,21,d790098292e151e7ecaa5fc46e99328cf874bfee4805cbba0b4f5c92ec05b97d,reference_inspect_recover,True,,11,1,True,False,2,145
ample_parent,22,af51265cf5a9c4a8a27d775e10dd47521a6075853e4cb9c27925091e91efaa83,reference_inspect_recover,True,,11,1,True,False,2,145
ample_parent,23,cd494e51f8c1c5ec95d00a96eb678c71d78817a3bdfae0ede17904b165df2af3,reference_inspect_recover,True,,11,1,True,False,2,145
ample_parent,24,f1fe4cd277830eb5f8201947e2273ef8926bdb86a043f19092a9e78ee97b822a,reference_inspect_recover,True,,11,1,True,False,2,145
ample_parent,25,c33fe8fc52705388da96b638bb0d2cc4a2421e3d6679392e68672e0c865e91e6,reference_inspect_recover,True,,11,1,True,False,2,145
ample_parent,26,02583220c17c025b019f41ac18293d3746ee4150d1876a1e1b435051346e95b5,reference_inspect_recover,True,,11,1,True,False,2,145
ample_parent,27,0ca77e8acd30b15149549345c3df22bd70637a1e13f15b18c859c2a516827bad,reference_inspect_recover,True,,11,1,True,False,2,145
ample_parent,28,7f0a70a5f46364034c54b66367a40d00224e08cd9dee6c675a01df5e8f44b5f9,reference_inspect_recover,True,,11,1,True,False,2,145
ample_parent,29,64bf382d0e02e2e8fb4d9829feefee10c607972c3c6daecd14e5403ca50d3b5f,reference_inspect_recover,True,,11,1,True,False,2,145
ample_parent,0,53bc16969bd87802644f3d75fa6c6a2751762911a30d9a153fb0f34648bf1920,recent_never,False,missing_receipt,10,0,False,False,6,433
ample_parent,1,58ab4640631b856ec80701ac07f7b9c8a7543a3f5e17ec68db2fcb29216448e5,recent_never,False,missing_receipt,10,0,False,False,6,433
ample_parent,2,f302ccd1c0f4478c44a1cae82e385fd79a8adbe58fe5f990e71f00c336c3e7cf,recent_never,False,missing_receipt,10,0,False,False,6,433
ample_parent,3,7b6427b433685bc39e8274e4ac66afb104a0628654e557f23e530e8de19ac9c9,recent_never,False,missing_receipt,10,0,False,False,6,433
ample_parent,4,579b055114c4b79ae4e53979fd23bb42d1ad0c21d3355d3a40224e649b48ba03,recent_never,False,missing_receipt,10,0,False,False,6,433
ample_parent,5,8ca92094a49153a913b1d49b51fbfde086ecf85c6ac1cb862310f6556fd9f07a,recent_never,False,missing_receipt,10,0,False,False,6,433
ample_parent,6,027ef294fe56825ef939200d2856bf2e63c6822df8dbddfce25bdfcd8cd320d4,recent_never,False,missing_receipt,10,0,False,False,6,433
ample_parent,7,1176cb8757dbe390eb4e9f9b0d4b3a4bc72bfcc21515174494dbb37f77ff076a,recent_never,True,,10,0,False,False,6,433
ample_parent,8,a72015f71d8ec20abdbe416b22ea36aa7cba7a4f8fff772aee802dda5b2e44c4,recent_never,False,missing_receipt,10,0,False,False,6,433
ample_parent,9,be74e1465bf40840b26cae0150c7675c6344d25641ff2eb53517df6ae64abd87,recent_never,True,,10,0,False,False,6,433
ample_parent,10,d2e546d213446bbc87568176c3499d29dda3a6f074a1703567ff5e2ee7a6a717,recent_never,False,missing_receipt,10,0,False,False,6,433
ample_parent,11,67c30a85d7cf6ab72f6a623e5758ba9cf435fb1eb4c26c3cd2799da1ee4a81fb,recent_never,False,missing_receipt,10,0,False,False,6,433
ample_parent,12,39147bff34f0d3c1cd13bdece25401f0f17f90400b3989e377a0a6d3a47b03b3,recent_never,False,missing_receipt,10,0,False,False,6,433
ample_parent,13,f716ecea8c9f07fac9f658a737c568b708ea546d9d8dae25d8110402af3b2b3a,recent_never,False,missing_receipt,10,0,False,False,6,433
ample_parent,14,080430ef5d8c802a294c374c79de35b0e21f3d39bd7e1b9c76a73efaad4ee70c,recent_never,False,missing_receipt,10,0,False,False,6,433
ample_parent,15,5f9f66e4484a529879e1fe0e1275becc769e5a33d3cc593290de0652165178f0,recent_never,True,,10,0,False,False,6,433
ample_parent,16,3b11ce8e5dd2ba13b472f13714b26c8b10fc991b337507364bc75df6f9452c52,recent_never,False,missing_receipt,10,0,False,False,6,433
ample_parent,17,94393d8d4a4e5797d1353d42f071ff290d955da043bd8c151e29017630253ce3,recent_never,True,,10,0,False,False,6,433
ample_parent,18,1a1bfa5ce5e29d416458dfef817cb42fc2bc148746c5b76468ead5706ddf02da,recent_never,False,missing_receipt,10,0,False,False,6,433
ample_parent,19,01b5fca4910fbc46464759604b9f8d7769e126548b9150d0bc96bb8a3416c6ba,recent_never,False,missing_receipt,10,0,False,False,6,433
ample_parent,20,1b2eaaa2fbd051e79765e22cb8b3caa58c43c89d4e4f17a138baea4cbeb9d57f,recent_never,False,missing_receipt,10,0,False,False,6,433
ample_parent,21,d790098292e151e7ecaa5fc46e99328cf874bfee4805cbba0b4f5c92ec05b97d,recent_never,True,,10,0,False,False,6,433
ample_parent,22,af51265cf5a9c4a8a27d775e10dd47521a6075853e4cb9c27925091e91efaa83,recent_never,False,missing_receipt,10,0,False,False,6,433
ample_parent,23,cd494e51f8c1c5ec95d00a96eb678c71d78817a3bdfae0ede17904b165df2af3,recent_never,True,,10,0,False,False,6,433
ample_parent,24,f1fe4cd277830eb5f8201947e2273ef8926bdb86a043f19092a9e78ee97b822a,recent_never,False,missing_receipt,10,0,False,False,6,433
ample_parent,25,c33fe8fc52705388da96b638bb0d2cc4a2421e3d6679392e68672e0c865e91e6,recent_never,True,,10,0,False,False,6,433
ample_parent,26,02583220c17c025b019f41ac18293d3746ee4150d1876a1e1b435051346e95b5,recent_never,False,missing_receipt,10,0,False,False,6,433
ample_parent,27,0ca77e8acd30b15149549345c3df22bd70637a1e13f15b18c859c2a516827bad,recent_never,True,,10,0,False,False,6,433
ample_parent,28,7f0a70a5f46364034c54b66367a40d00224e08cd9dee6c675a01df5e8f44b5f9,recent_never,True,,10,0,False,False,6,433
ample_parent,29,64bf382d0e02e2e8fb4d9829feefee10c607972c3c6daecd14e5403ca50d3b5f,recent_never,True,,10,0,False,False,6,433
ample_parent,0,53bc16969bd87802644f3d75fa6c6a2751762911a30d9a153fb0f34648bf1920,structured_never,True,,10,0,False,False,6,433
ample_parent,1,58ab4640631b856ec80701ac07f7b9c8a7543a3f5e17ec68db2fcb29216448e5,structured_never,True,,10,0,False,False,6,433
ample_parent,2,f302ccd1c0f4478c44a1cae82e385fd79a8adbe58fe5f990e71f00c336c3e7cf,structured_never,True,,10,0,False,False,6,433
ample_parent,3,7b6427b433685bc39e8274e4ac66afb104a0628654e557f23e530e8de19ac9c9,structured_never,True,,10,0,False,False,6,433
ample_parent,4,579b055114c4b79ae4e53979fd23bb42d1ad0c21d3355d3a40224e649b48ba03,structured_never,True,,10,0,False,False,6,433
ample_parent,5,8ca92094a49153a913b1d49b51fbfde086ecf85c6ac1cb862310f6556fd9f07a,structured_never,True,,10,0,False,False,6,433
ample_parent,6,027ef294fe56825ef939200d2856bf2e63c6822df8dbddfce25bdfcd8cd320d4,structured_never,True,,10,0,False,False,6,433
ample_parent,7,1176cb8757dbe390eb4e9f9b0d4b3a4bc72bfcc21515174494dbb37f77ff076a,structured_never,True,,10,0,False,False,6,433
ample_parent,8,a72015f71d8ec20abdbe416b22ea36aa7cba7a4f8fff772aee802dda5b2e44c4,structured_never,True,,10,0,False,False,6,433
ample_parent,9,be74e1465bf40840b26cae0150c7675c6344d25641ff2eb53517df6ae64abd87,structured_never,True,,10,0,False,False,6,433
ample_parent,10,d2e546d213446bbc87568176c3499d29dda3a6f074a1703567ff5e2ee7a6a717,structured_never,True,,10,0,False,False,6,433
ample_parent,11,67c30a85d7cf6ab72f6a623e5758ba9cf435fb1eb4c26c3cd2799da1ee4a81fb,structured_never,True,,10,0,False,False,6,433
ample_parent,12,39147bff34f0d3c1cd13bdece25401f0f17f90400b3989e377a0a6d3a47b03b3,structured_never,True,,10,0,False,False,6,433
ample_parent,13,f716ecea8c9f07fac9f658a737c568b708ea546d9d8dae25d8110402af3b2b3a,structured_never,True,,10,0,False,False,6,433
ample_parent,14,080430ef5d8c802a294c374c79de35b0e21f3d39bd7e1b9c76a73efaad4ee70c,structured_never,True,,10,0,False,False,6,433
ample_parent,15,5f9f66e4484a529879e1fe0e1275becc769e5a33d3cc593290de0652165178f0,structured_never,True,,10,0,False,False,6,433
ample_parent,16,3b11ce8e5dd2ba13b472f13714b26c8b10fc991b337507364bc75df6f9452c52,structured_never,True,,10,0,False,False,6,433
ample_parent,17,94393d8d4a4e5797d1353d42f071ff290d955da043bd8c151e29017630253ce3,structured_never,True,,10,0,False,False,6,433
ample_parent,18,1a1bfa5ce5e29d416458dfef817cb42fc2bc148746c5b76468ead5706ddf02da,structured_never,True,,10,0,False,False,6,433
ample_parent,19,01b5fca4910fbc46464759604b9f8d7769e126548b9150d0bc96bb8a3416c6ba,structured_never,True,,10,0,False,False,6,433
ample_parent,20,1b2eaaa2fbd051e79765e22cb8b3caa58c43c89d4e4f17a138baea4cbeb9d57f,structured_never,True,,10,0,False,False,6,433
ample_parent,21,d790098292e151e7ecaa5fc46e99328cf874bfee4805cbba0b4f5c92ec05b97d,structured_never,True,,10,0,False,False,6,433
ample_parent,22,af51265cf5a9c4a8a27d775e10dd47521a6075853e4cb9c27925091e91efaa83,structured_never,True,,10,0,False,False,6,433
ample_parent,23,cd494e51f8c1c5ec95d00a96eb678c71d78817a3bdfae0ede17904b165df2af3,structured_never,True,,10,0,False,False,6,433
ample_parent,24,f1fe4cd277830eb5f8201947e2273ef8926bdb86a043f19092a9e78ee97b822a,structured_never,True,,10,0,False,False,6,433
ample_parent,25,c33fe8fc52705388da96b638bb0d2cc4a2421e3d6679392e68672e0c865e91e6,structured_never,True,,10,0,False,False,6,433
ample_parent,26,02583220c17c025b019f41ac18293d3746ee4150d1876a1e1b435051346e95b5,structured_never,True,,10,0,False,False,6,433
ample_parent,27,0ca77e8acd30b15149549345c3df22bd70637a1e13f15b18c859c2a516827bad,structured_never,True,,10,0,False,False,6,433
ample_parent,28,7f0a70a5f46364034c54b66367a40d00224e08cd9dee6c675a01df5e8f44b5f9,structured_never,True,,10,0,False,False,6,433
ample_parent,29,64bf382d0e02e2e8fb4d9829feefee10c607972c3c6daecd14e5403ca50d3b5f,structured_never,True,,10,0,False,False,6,433
ample_parent,0,53bc16969bd87802644f3d75fa6c6a2751762911a30d9a153fb0f34648bf1920,structured_always,True,,11,1,True,False,2,145
ample_parent,1,58ab4640631b856ec80701ac07f7b9c8a7543a3f5e17ec68db2fcb29216448e5,structured_always,True,,11,1,True,False,2,145
ample_parent,2,f302ccd1c0f4478c44a1cae82e385fd79a8adbe58fe5f990e71f00c336c3e7cf,structured_always,True,,11,1,True,False,2,145
ample_parent,3,7b6427b433685bc39e8274e4ac66afb104a0628654e557f23e530e8de19ac9c9,structured_always,True,,11,1,True,False,2,145
ample_parent,4,579b055114c4b79ae4e53979fd23bb42d1ad0c21d3355d3a40224e649b48ba03,structured_always,True,,11,1,True,False,2,145
ample_parent,5,8ca92094a49153a913b1d49b51fbfde086ecf85c6ac1cb862310f6556fd9f07a,structured_always,True,,11,1,True,False,2,145
ample_parent,6,027ef294fe56825ef939200d2856bf2e63c6822df8dbddfce25bdfcd8cd320d4,structured_always,True,,11,1,True,False,2,145
ample_parent,7,1176cb8757dbe390eb4e9f9b0d4b3a4bc72bfcc21515174494dbb37f77ff076a,structured_always,True,,11,1,True,False,2,145
ample_parent,8,a72015f71d8ec20abdbe416b22ea36aa7cba7a4f8fff772aee802dda5b2e44c4,structured_always,True,,11,1,True,False,2,145
ample_parent,9,be74e1465bf40840b26cae0150c7675c6344d25641ff2eb53517df6ae64abd87,structured_always,True,,11,1,True,False,2,145
ample_parent,10,d2e546d213446bbc87568176c3499d29dda3a6f074a1703567ff5e2ee7a6a717,structured_always,True,,11,1,True,False,2,145
ample_parent,11,67c30a85d7cf6ab72f6a623e5758ba9cf435fb1eb4c26c3cd2799da1ee4a81fb,structured_always,True,,11,1,True,False,2,145
ample_parent,12,39147bff34f0d3c1cd13bdece25401f0f17f90400b3989e377a0a6d3a47b03b3,structured_always,True,,11,1,True,False,2,145
ample_parent,13,f716ecea8c9f07fac9f658a737c568b708ea546d9d8dae25d8110402af3b2b3a,structured_always,True,,11,1,True,False,2,145
ample_parent,14,080430ef5d8c802a294c374c79de35b0e21f3d39bd7e1b9c76a73efaad4ee70c,structured_always,True,,11,1,True,False,2,145
ample_parent,15,5f9f66e4484a529879e1fe0e1275becc769e5a33d3cc593290de0652165178f0,structured_always,True,,11,1,True,False,2,145
ample_parent,16,3b11ce8e5dd2ba13b472f13714b26c8b10fc991b337507364bc75df6f9452c52,structured_always,True,,11,1,True,False,2,145
ample_parent,17,94393d8d4a4e5797d1353d42f071ff290d955da043bd8c151e29017630253ce3,structured_always,True,,11,1,True,False,2,145
ample_parent,18,1a1bfa5ce5e29d416458dfef817cb42fc2bc148746c5b76468ead5706ddf02da,structured_always,True,,11,1,True,False,2,145
ample_parent,19,01b5fca4910fbc46464759604b9f8d7769e126548b9150d0bc96bb8a3416c6ba,structured_always,True,,11,1,True,False,2,145
ample_parent,20,1b2eaaa2fbd051e79765e22cb8b3caa58c43c89d4e4f17a138baea4cbeb9d57f,structured_always,True,,11,1,True,False,2,145
ample_parent,21,d790098292e151e7ecaa5fc46e99328cf874bfee4805cbba0b4f5c92ec05b97d,structured_always,True,,11,1,True,False,2,145
ample_parent,22,af51265cf5a9c4a8a27d775e10dd47521a6075853e4cb9c27925091e91efaa83,structured_always,True,,11,1,True,False,2,145
ample_parent,23,cd494e51f8c1c5ec95d00a96eb678c71d78817a3bdfae0ede17904b165df2af3,structured_always,True,,11,1,True,False,2,145
ample_parent,24,f1fe4cd277830eb5f8201947e2273ef8926bdb86a043f19092a9e78ee97b822a,structured_always,True,,11,1,True,False,2,145
ample_parent,25,c33fe8fc52705388da96b638bb0d2cc4a2421e3d6679392e68672e0c865e91e6,structured_always,True,,11,1,True,False,2,145
ample_parent,26,02583220c17c025b019f41ac18293d3746ee4150d1876a1e1b435051346e95b5,structured_always,True,,11,1,True,False,2,145
ample_parent,27,0ca77e8acd30b15149549345c3df22bd70637a1e13f15b18c859c2a516827bad,structured_always,True,,11,1,True,False,2,145
ample_parent,28,7f0a70a5f46364034c54b66367a40d00224e08cd9dee6c675a01df5e8f44b5f9,structured_always,True,,11,1,True,False,2,145
ample_parent,29,64bf382d0e02e2e8fb4d9829feefee10c607972c3c6daecd14e5403ca50d3b5f,structured_always,True,,11,1,True,False,2,145
ample_parent,0,53bc16969bd87802644f3d75fa6c6a2751762911a30d9a153fb0f34648bf1920,structured_budgeted,True,,10,0,False,False,6,433
ample_parent,1,58ab4640631b856ec80701ac07f7b9c8a7543a3f5e17ec68db2fcb29216448e5,structured_budgeted,True,,10,0,False,False,6,433
ample_parent,2,f302ccd1c0f4478c44a1cae82e385fd79a8adbe58fe5f990e71f00c336c3e7cf,structured_budgeted,True,,10,0,False,False,6,433
ample_parent,3,7b6427b433685bc39e8274e4ac66afb104a0628654e557f23e530e8de19ac9c9,structured_budgeted,True,,10,0,False,False,6,433
ample_parent,4,579b055114c4b79ae4e53979fd23bb42d1ad0c21d3355d3a40224e649b48ba03,structured_budgeted,True,,10,0,False,False,6,433
ample_parent,5,8ca92094a49153a913b1d49b51fbfde086ecf85c6ac1cb862310f6556fd9f07a,structured_budgeted,True,,10,0,False,False,6,433
ample_parent,6,027ef294fe56825ef939200d2856bf2e63c6822df8dbddfce25bdfcd8cd320d4,structured_budgeted,True,,10,0,False,False,6,433
ample_parent,7,1176cb8757dbe390eb4e9f9b0d4b3a4bc72bfcc21515174494dbb37f77ff076a,structured_budgeted,True,,10,0,False,False,6,433
ample_parent,8,a72015f71d8ec20abdbe416b22ea36aa7cba7a4f8fff772aee802dda5b2e44c4,structured_budgeted,True,,10,0,False,False,6,433
ample_parent,9,be74e1465bf40840b26cae0150c7675c6344d25641ff2eb53517df6ae64abd87,structured_budgeted,True,,10,0,False,False,6,433
ample_parent,10,d2e546d213446bbc87568176c3499d29dda3a6f074a1703567ff5e2ee7a6a717,structured_budgeted,True,,10,0,False,False,6,433
ample_parent,11,67c30a85d7cf6ab72f6a623e5758ba9cf435fb1eb4c26c3cd2799da1ee4a81fb,structured_budgeted,True,,10,0,False,False,6,433
ample_parent,12,39147bff34f0d3c1cd13bdece25401f0f17f90400b3989e377a0a6d3a47b03b3,structured_budgeted,True,,10,0,False,False,6,433
ample_parent,13,f716ecea8c9f07fac9f658a737c568b708ea546d9d8dae25d8110402af3b2b3a,structured_budgeted,True,,10,0,False,False,6,433
ample_parent,14,080430ef5d8c802a294c374c79de35b0e21f3d39bd7e1b9c76a73efaad4ee70c,structured_budgeted,True,,10,0,False,False,6,433
ample_parent,15,5f9f66e4484a529879e1fe0e1275becc769e5a33d3cc593290de0652165178f0,structured_budgeted,True,,10,0,False,False,6,433
ample_parent,16,3b11ce8e5dd2ba13b472f13714b26c8b10fc991b337507364bc75df6f9452c52,structured_budgeted,True,,10,0,False,False,6,433
ample_parent,17,94393d8d4a4e5797d1353d42f071ff290d955da043bd8c151e29017630253ce3,structured_budgeted,True,,10,0,False,False,6,433
ample_parent,18,1a1bfa5ce5e29d416458dfef817cb42fc2bc148746c5b76468ead5706ddf02da,structured_budgeted,True,,10,0,False,False,6,433
ample_parent,19,01b5fca4910fbc46464759604b9f8d7769e126548b9150d0bc96bb8a3416c6ba,structured_budgeted,True,,10,0,False,False,6,433
ample_parent,20,1b2eaaa2fbd051e79765e22cb8b3caa58c43c89d4e4f17a138baea4cbeb9d57f,structured_budgeted,True,,10,0,False,False,6,433
ample_parent,21,d790098292e151e7ecaa5fc46e99328cf874bfee4805cbba0b4f5c92ec05b97d,structured_budgeted,True,,10,0,False,False,6,433
ample_parent,22,af51265cf5a9c4a8a27d775e10dd47521a6075853e4cb9c27925091e91efaa83,structured_budgeted,True,,10,0,False,False,6,433
ample_parent,23,cd494e51f8c1c5ec95d00a96eb678c71d78817a3bdfae0ede17904b165df2af3,structured_budgeted,True,,10,0,False,False,6,433
ample_parent,24,f1fe4cd277830eb5f8201947e2273ef8926bdb86a043f19092a9e78ee97b822a,structured_budgeted,True,,10,0,False,False,6,433
ample_parent,25,c33fe8fc52705388da96b638bb0d2cc4a2421e3d6679392e68672e0c865e91e6,structured_budgeted,True,,10,0,False,False,6,433
ample_parent,26,02583220c17c025b019f41ac18293d3746ee4150d1876a1e1b435051346e95b5,structured_budgeted,True,,10,0,False,False,6,433
ample_parent,27,0ca77e8acd30b15149549345c3df22bd70637a1e13f15b18c859c2a516827bad,structured_budgeted,True,,10,0,False,False,6,433
ample_parent,28,7f0a70a5f46364034c54b66367a40d00224e08cd9dee6c675a01df5e8f44b5f9,structured_budgeted,True,,10,0,False,False,6,433
ample_parent,29,64bf382d0e02e2e8fb4d9829feefee10c607972c3c6daecd14e5403ca50d3b5f,structured_budgeted,True,,10,0,False,False,6,433
ample_parent,0,53bc16969bd87802644f3d75fa6c6a2751762911a30d9a153fb0f34648bf1920,structured_never_recover,True,,10,0,False,False,6,433
ample_parent,1,58ab4640631b856ec80701ac07f7b9c8a7543a3f5e17ec68db2fcb29216448e5,structured_never_recover,True,,10,0,False,False,6,433
ample_parent,2,f302ccd1c0f4478c44a1cae82e385fd79a8adbe58fe5f990e71f00c336c3e7cf,structured_never_recover,True,,10,0,False,False,6,433
ample_parent,3,7b6427b433685bc39e8274e4ac66afb104a0628654e557f23e530e8de19ac9c9,structured_never_recover,True,,10,0,False,False,6,433
ample_parent,4,579b055114c4b79ae4e53979fd23bb42d1ad0c21d3355d3a40224e649b48ba03,structured_never_recover,True,,10,0,False,False,6,433
ample_parent,5,8ca92094a49153a913b1d49b51fbfde086ecf85c6ac1cb862310f6556fd9f07a,structured_never_recover,True,,10,0,False,False,6,433
ample_parent,6,027ef294fe56825ef939200d2856bf2e63c6822df8dbddfce25bdfcd8cd320d4,structured_never_recover,True,,10,0,False,False,6,433
ample_parent,7,1176cb8757dbe390eb4e9f9b0d4b3a4bc72bfcc21515174494dbb37f77ff076a,structured_never_recover,True,,10,0,False,False,6,433
ample_parent,8,a72015f71d8ec20abdbe416b22ea36aa7cba7a4f8fff772aee802dda5b2e44c4,structured_never_recover,True,,10,0,False,False,6,433
ample_parent,9,be74e1465bf40840b26cae0150c7675c6344d25641ff2eb53517df6ae64abd87,structured_never_recover,True,,10,0,False,False,6,433
ample_parent,10,d2e546d213446bbc87568176c3499d29dda3a6f074a1703567ff5e2ee7a6a717,structured_never_recover,True,,10,0,False,False,6,433
ample_parent,11,67c30a85d7cf6ab72f6a623e5758ba9cf435fb1eb4c26c3cd2799da1ee4a81fb,structured_never_recover,True,,10,0,False,False,6,433
ample_parent,12,39147bff34f0d3c1cd13bdece25401f0f17f90400b3989e377a0a6d3a47b03b3,structured_never_recover,True,,10,0,False,False,6,433
ample_parent,13,f716ecea8c9f07fac9f658a737c568b708ea546d9d8dae25d8110402af3b2b3a,structured_never_recover,True,,10,0,False,False,6,433
ample_parent,14,080430ef5d8c802a294c374c79de35b0e21f3d39bd7e1b9c76a73efaad4ee70c,structured_never_recover,True,,10,0,False,False,6,433
ample_parent,15,5f9f66e4484a529879e1fe0e1275becc769e5a33d3cc593290de0652165178f0,structured_never_recover,True,,10,0,False,False,6,433
ample_parent,16,3b11ce8e5dd2ba13b472f13714b26c8b10fc991b337507364bc75df6f9452c52,structured_never_recover,True,,10,0,False,False,6,433
ample_parent,17,94393d8d4a4e5797d1353d42f071ff290d955da043bd8c151e29017630253ce3,structured_never_recover,True,,10,0,False,False,6,433
ample_parent,18,1a1bfa5ce5e29d416458dfef817cb42fc2bc148746c5b76468ead5706ddf02da,structured_never_recover,True,,10,0,False,False,6,433
ample_parent,19,01b5fca4910fbc46464759604b9f8d7769e126548b9150d0bc96bb8a3416c6ba,structured_never_recover,True,,10,0,False,False,6,433
ample_parent,20,1b2eaaa2fbd051e79765e22cb8b3caa58c43c89d4e4f17a138baea4cbeb9d57f,structured_never_recover,True,,10,0,False,False,6,433
ample_parent,21,d790098292e151e7ecaa5fc46e99328cf874bfee4805cbba0b4f5c92ec05b97d,structured_never_recover,True,,10,0,False,False,6,433
ample_parent,22,af51265cf5a9c4a8a27d775e10dd47521a6075853e4cb9c27925091e91efaa83,structured_never_recover,True,,10,0,False,False,6,433
ample_parent,23,cd494e51f8c1c5ec95d00a96eb678c71d78817a3bdfae0ede17904b165df2af3,structured_never_recover,True,,10,0,False,False,6,433
ample_parent,24,f1fe4cd277830eb5f8201947e2273ef8926bdb86a043f19092a9e78ee97b822a,structured_never_recover,True,,10,0,False,False,6,433
ample_parent,25,c33fe8fc52705388da96b638bb0d2cc4a2421e3d6679392e68672e0c865e91e6,structured_never_recover,True,,10,0,False,False,6,433
ample_parent,26,02583220c17c025b019f41ac18293d3746ee4150d1876a1e1b435051346e95b5,structured_never_recover,True,,10,0,False,False,6,433
ample_parent,27,0ca77e8acd30b15149549345c3df22bd70637a1e13f15b18c859c2a516827bad,structured_never_recover,True,,10,0,False,False,6,433
ample_parent,28,7f0a70a5f46364034c54b66367a40d00224e08cd9dee6c675a01df5e8f44b5f9,structured_never_recover,True,,10,0,False,False,6,433
ample_parent,29,64bf382d0e02e2e8fb4d9829feefee10c607972c3c6daecd14e5403ca50d3b5f,structured_never_recover,True,,10,0,False,False,6,433
ample_parent,0,53bc16969bd87802644f3d75fa6c6a2751762911a30d9a153fb0f34648bf1920,structured_always_recover,True,,11,1,True,False,2,145
ample_parent,1,58ab4640631b856ec80701ac07f7b9c8a7543a3f5e17ec68db2fcb29216448e5,structured_always_recover,True,,11,1,True,False,2,145
ample_parent,2,f302ccd1c0f4478c44a1cae82e385fd79a8adbe58fe5f990e71f00c336c3e7cf,structured_always_recover,True,,11,1,True,False,2,145
ample_parent,3,7b6427b433685bc39e8274e4ac66afb104a0628654e557f23e530e8de19ac9c9,structured_always_recover,True,,11,1,True,False,2,145
ample_parent,4,579b055114c4b79ae4e53979fd23bb42d1ad0c21d3355d3a40224e649b48ba03,structured_always_recover,True,,11,1,True,False,2,145
ample_parent,5,8ca92094a49153a913b1d49b51fbfde086ecf85c6ac1cb862310f6556fd9f07a,structured_always_recover,True,,11,1,True,False,2,145
ample_parent,6,027ef294fe56825ef939200d2856bf2e63c6822df8dbddfce25bdfcd8cd320d4,structured_always_recover,True,,11,1,True,False,2,145
ample_parent,7,1176cb8757dbe390eb4e9f9b0d4b3a4bc72bfcc21515174494dbb37f77ff076a,structured_always_recover,True,,11,1,True,False,2,145
ample_parent,8,a72015f71d8ec20abdbe416b22ea36aa7cba7a4f8fff772aee802dda5b2e44c4,structured_always_recover,True,,11,1,True,False,2,145
ample_parent,9,be74e1465bf40840b26cae0150c7675c6344d25641ff2eb53517df6ae64abd87,structured_always_recover,True,,11,1,True,False,2,145
ample_parent,10,d2e546d213446bbc87568176c3499d29dda3a6f074a1703567ff5e2ee7a6a717,structured_always_recover,True,,11,1,True,False,2,145
ample_parent,11,67c30a85d7cf6ab72f6a623e5758ba9cf435fb1eb4c26c3cd2799da1ee4a81fb,structured_always_recover,True,,11,1,True,False,2,145
ample_parent,12,39147bff34f0d3c1cd13bdece25401f0f17f90400b3989e377a0a6d3a47b03b3,structured_always_recover,True,,11,1,True,False,2,145
ample_parent,13,f716ecea8c9f07fac9f658a737c568b708ea546d9d8dae25d8110402af3b2b3a,structured_always_recover,True,,11,1,True,False,2,145
ample_parent,14,080430ef5d8c802a294c374c79de35b0e21f3d39bd7e1b9c76a73efaad4ee70c,structured_always_recover,True,,11,1,True,False,2,145
ample_parent,15,5f9f66e4484a529879e1fe0e1275becc769e5a33d3cc593290de0652165178f0,structured_always_recover,True,,11,1,True,False,2,145
ample_parent,16,3b11ce8e5dd2ba13b472f13714b26c8b10fc991b337507364bc75df6f9452c52,structured_always_recover,True,,11,1,True,False,2,145
ample_parent,17,94393d8d4a4e5797d1353d42f071ff290d955da043bd8c151e29017630253ce3,structured_always_recover,True,,11,1,True,False,2,145
ample_parent,18,1a1bfa5ce5e29d416458dfef817cb42fc2bc148746c5b76468ead5706ddf02da,structured_always_recover,True,,11,1,True,False,2,145
ample_parent,19,01b5fca4910fbc46464759604b9f8d7769e126548b9150d0bc96bb8a3416c6ba,structured_always_recover,True,,11,1,True,False,2,145
ample_parent,20,1b2eaaa2fbd051e79765e22cb8b3caa58c43c89d4e4f17a138baea4cbeb9d57f,structured_always_recover,True,,11,1,True,False,2,145
ample_parent,21,d790098292e151e7ecaa5fc46e99328cf874bfee4805cbba0b4f5c92ec05b97d,structured_always_recover,True,,11,1,True,False,2,145
ample_parent,22,af51265cf5a9c4a8a27d775e10dd47521a6075853e4cb9c27925091e91efaa83,structured_always_recover,True,,11,1,True,False,2,145
ample_parent,23,cd494e51f8c1c5ec95d00a96eb678c71d78817a3bdfae0ede17904b165df2af3,structured_always_recover,True,,11,1,True,False,2,145
ample_parent,24,f1fe4cd277830eb5f8201947e2273ef8926bdb86a043f19092a9e78ee97b822a,structured_always_recover,True,,11,1,True,False,2,145
ample_parent,25,c33fe8fc52705388da96b638bb0d2cc4a2421e3d6679392e68672e0c865e91e6,structured_always_recover,True,,11,1,True,False,2,145
ample_parent,26,02583220c17c025b019f41ac18293d3746ee4150d1876a1e1b435051346e95b5,structured_always_recover,True,,11,1,True,False,2,145
ample_parent,27,0ca77e8acd30b15149549345c3df22bd70637a1e13f15b18c859c2a516827bad,structured_always_recover,True,,11,1,True,False,2,145
ample_parent,28,7f0a70a5f46364034c54b66367a40d00224e08cd9dee6c675a01df5e8f44b5f9,structured_always_recover,True,,11,1,True,False,2,145
ample_parent,29,64bf382d0e02e2e8fb4d9829feefee10c607972c3c6daecd14e5403ca50d3b5f,structured_always_recover,True,,11,1,True,False,2,145
small_child,0,53bc16969bd87802644f3d75fa6c6a2751762911a30d9a153fb0f34648bf1920,reference_retain,False,missing_receipt,10,0,False,False,2,145
small_child,1,58ab4640631b856ec80701ac07f7b9c8a7543a3f5e17ec68db2fcb29216448e5,reference_retain,True,,10,0,False,False,2,145
small_child,2,f302ccd1c0f4478c44a1cae82e385fd79a8adbe58fe5f990e71f00c336c3e7cf,reference_retain,True,,10,0,False,False,2,145
small_child,3,7b6427b433685bc39e8274e4ac66afb104a0628654e557f23e530e8de19ac9c9,reference_retain,False,missing_receipt,10,0,False,False,2,145
small_child,4,579b055114c4b79ae4e53979fd23bb42d1ad0c21d3355d3a40224e649b48ba03,reference_retain,True,,10,0,False,False,2,145
small_child,5,8ca92094a49153a913b1d49b51fbfde086ecf85c6ac1cb862310f6556fd9f07a,reference_retain,False,missing_receipt,10,0,False,False,2,145
small_child,6,027ef294fe56825ef939200d2856bf2e63c6822df8dbddfce25bdfcd8cd320d4,reference_retain,True,,10,0,False,False,2,145
small_child,7,1176cb8757dbe390eb4e9f9b0d4b3a4bc72bfcc21515174494dbb37f77ff076a,reference_retain,False,missing_receipt,10,0,False,False,2,145
small_child,8,a72015f71d8ec20abdbe416b22ea36aa7cba7a4f8fff772aee802dda5b2e44c4,reference_retain,True,,10,0,False,False,2,145
small_child,9,be74e1465bf40840b26cae0150c7675c6344d25641ff2eb53517df6ae64abd87,reference_retain,False,missing_receipt,10,0,False,False,2,145
small_child,10,d2e546d213446bbc87568176c3499d29dda3a6f074a1703567ff5e2ee7a6a717,reference_retain,True,,10,0,False,False,2,145
small_child,11,67c30a85d7cf6ab72f6a623e5758ba9cf435fb1eb4c26c3cd2799da1ee4a81fb,reference_retain,False,missing_receipt,10,0,False,False,2,145
small_child,12,39147bff34f0d3c1cd13bdece25401f0f17f90400b3989e377a0a6d3a47b03b3,reference_retain,True,,10,0,False,False,2,145
small_child,13,f716ecea8c9f07fac9f658a737c568b708ea546d9d8dae25d8110402af3b2b3a,reference_retain,False,missing_receipt,10,0,False,False,2,145
small_child,14,080430ef5d8c802a294c374c79de35b0e21f3d39bd7e1b9c76a73efaad4ee70c,reference_retain,True,,10,0,False,False,2,145
small_child,15,5f9f66e4484a529879e1fe0e1275becc769e5a33d3cc593290de0652165178f0,reference_retain,False,missing_receipt,10,0,False,False,2,145
small_child,16,3b11ce8e5dd2ba13b472f13714b26c8b10fc991b337507364bc75df6f9452c52,reference_retain,True,,10,0,False,False,2,145
small_child,17,94393d8d4a4e5797d1353d42f071ff290d955da043bd8c151e29017630253ce3,reference_retain,False,missing_receipt,10,0,False,False,2,145
small_child,18,1a1bfa5ce5e29d416458dfef817cb42fc2bc148746c5b76468ead5706ddf02da,reference_retain,False,missing_receipt,10,0,False,False,2,145
small_child,19,01b5fca4910fbc46464759604b9f8d7769e126548b9150d0bc96bb8a3416c6ba,reference_retain,False,missing_receipt,10,0,False,False,2,145
small_child,20,1b2eaaa2fbd051e79765e22cb8b3caa58c43c89d4e4f17a138baea4cbeb9d57f,reference_retain,False,missing_receipt,10,0,False,False,2,145
small_child,21,d790098292e151e7ecaa5fc46e99328cf874bfee4805cbba0b4f5c92ec05b97d,reference_retain,False,missing_receipt,10,0,False,False,2,145
small_child,22,af51265cf5a9c4a8a27d775e10dd47521a6075853e4cb9c27925091e91efaa83,reference_retain,False,missing_receipt,10,0,False,False,2,145
small_child,23,cd494e51f8c1c5ec95d00a96eb678c71d78817a3bdfae0ede17904b165df2af3,reference_retain,False,missing_receipt,10,0,False,False,2,145
small_child,24,f1fe4cd277830eb5f8201947e2273ef8926bdb86a043f19092a9e78ee97b822a,reference_retain,False,missing_receipt,10,0,False,False,2,145
small_child,25,c33fe8fc52705388da96b638bb0d2cc4a2421e3d6679392e68672e0c865e91e6,reference_retain,False,missing_receipt,10,0,False,False,2,145
small_child,26,02583220c17c025b019f41ac18293d3746ee4150d1876a1e1b435051346e95b5,reference_retain,False,missing_receipt,10,0,False,False,2,145
small_child,27,0ca77e8acd30b15149549345c3df22bd70637a1e13f15b18c859c2a516827bad,reference_retain,False,missing_receipt,10,0,False,False,2,145
small_child,28,7f0a70a5f46364034c54b66367a40d00224e08cd9dee6c675a01df5e8f44b5f9,reference_retain,False,missing_receipt,10,0,False,False,2,145
small_child,29,64bf382d0e02e2e8fb4d9829feefee10c607972c3c6daecd14e5403ca50d3b5f,reference_retain,False,missing_receipt,10,0,False,False,2,145
small_child,0,53bc16969bd87802644f3d75fa6c6a2751762911a30d9a153fb0f34648bf1920,reference_retain_recover,True,,14,4,False,True,2,145
small_child,1,58ab4640631b856ec80701ac07f7b9c8a7543a3f5e17ec68db2fcb29216448e5,reference_retain_recover,True,,10,0,False,False,2,145
small_child,2,f302ccd1c0f4478c44a1cae82e385fd79a8adbe58fe5f990e71f00c336c3e7cf,reference_retain_recover,True,,10,0,False,False,2,145
small_child,3,7b6427b433685bc39e8274e4ac66afb104a0628654e557f23e530e8de19ac9c9,reference_retain_recover,True,,14,4,False,True,2,145
small_child,4,579b055114c4b79ae4e53979fd23bb42d1ad0c21d3355d3a40224e649b48ba03,reference_retain_recover,True,,10,0,False,False,2,145
small_child,5,8ca92094a49153a913b1d49b51fbfde086ecf85c6ac1cb862310f6556fd9f07a,reference_retain_recover,True,,14,4,False,True,2,145
small_child,6,027ef294fe56825ef939200d2856bf2e63c6822df8dbddfce25bdfcd8cd320d4,reference_retain_recover,True,,10,0,False,False,2,145
small_child,7,1176cb8757dbe390eb4e9f9b0d4b3a4bc72bfcc21515174494dbb37f77ff076a,reference_retain_recover,True,,14,4,False,True,2,145
small_child,8,a72015f71d8ec20abdbe416b22ea36aa7cba7a4f8fff772aee802dda5b2e44c4,reference_retain_recover,True,,10,0,False,False,2,145
small_child,9,be74e1465bf40840b26cae0150c7675c6344d25641ff2eb53517df6ae64abd87,reference_retain_recover,True,,14,4,False,True,2,145
small_child,10,d2e546d213446bbc87568176c3499d29dda3a6f074a1703567ff5e2ee7a6a717,reference_retain_recover,True,,10,0,False,False,2,145
small_child,11,67c30a85d7cf6ab72f6a623e5758ba9cf435fb1eb4c26c3cd2799da1ee4a81fb,reference_retain_recover,True,,14,4,False,True,2,145
small_child,12,39147bff34f0d3c1cd13bdece25401f0f17f90400b3989e377a0a6d3a47b03b3,reference_retain_recover,True,,10,0,False,False,2,145
small_child,13,f716ecea8c9f07fac9f658a737c568b708ea546d9d8dae25d8110402af3b2b3a,reference_retain_recover,True,,14,4,False,True,2,145
small_child,14,080430ef5d8c802a294c374c79de35b0e21f3d39bd7e1b9c76a73efaad4ee70c,reference_retain_recover,True,,10,0,False,False,2,145
small_child,15,5f9f66e4484a529879e1fe0e1275becc769e5a33d3cc593290de0652165178f0,reference_retain_recover,True,,14,4,False,True,2,145
small_child,16,3b11ce8e5dd2ba13b472f13714b26c8b10fc991b337507364bc75df6f9452c52,reference_retain_recover,True,,10,0,False,False,2,145
small_child,17,94393d8d4a4e5797d1353d42f071ff290d955da043bd8c151e29017630253ce3,reference_retain_recover,True,,14,4,False,True,2,145
small_child,18,1a1bfa5ce5e29d416458dfef817cb42fc2bc148746c5b76468ead5706ddf02da,reference_retain_recover,True,,14,4,False,True,2,145
small_child,19,01b5fca4910fbc46464759604b9f8d7769e126548b9150d0bc96bb8a3416c6ba,reference_retain_recover,True,,14,4,False,True,2,145
small_child,20,1b2eaaa2fbd051e79765e22cb8b3caa58c43c89d4e4f17a138baea4cbeb9d57f,reference_retain_recover,True,,14,4,False,True,2,145
small_child,21,d790098292e151e7ecaa5fc46e99328cf874bfee4805cbba0b4f5c92ec05b97d,reference_retain_recover,True,,14,4,False,True,2,145
small_child,22,af51265cf5a9c4a8a27d775e10dd47521a6075853e4cb9c27925091e91efaa83,reference_retain_recover,True,,14,4,False,True,2,145
small_child,23,cd494e51f8c1c5ec95d00a96eb678c71d78817a3bdfae0ede17904b165df2af3,reference_retain_recover,True,,14,4,False,True,2,145
small_child,24,f1fe4cd277830eb5f8201947e2273ef8926bdb86a043f19092a9e78ee97b822a,reference_retain_recover,True,,14,4,False,True,2,145
small_child,25,c33fe8fc52705388da96b638bb0d2cc4a2421e3d6679392e68672e0c865e91e6,reference_retain_recover,True,,14,4,False,True,2,145
small_child,26,02583220c17c025b019f41ac18293d3746ee4150d1876a1e1b435051346e95b5,reference_retain_recover,True,,14,4,False,True,2,145
small_child,27,0ca77e8acd30b15149549345c3df22bd70637a1e13f15b18c859c2a516827bad,reference_retain_recover,True,,14,4,False,True,2,145
small_child,28,7f0a70a5f46364034c54b66367a40d00224e08cd9dee6c675a01df5e8f44b5f9,reference_retain_recover,True,,14,4,False,True,2,145
small_child,29,64bf382d0e02e2e8fb4d9829feefee10c607972c3c6daecd14e5403ca50d3b5f,reference_retain_recover,True,,14,4,False,True,2,145
small_child,0,53bc16969bd87802644f3d75fa6c6a2751762911a30d9a153fb0f34648bf1920,reference_inspect,False,missing_receipt,11,1,True,False,2,145
small_child,1,58ab4640631b856ec80701ac07f7b9c8a7543a3f5e17ec68db2fcb29216448e5,reference_inspect,True,,11,1,True,False,2,145
small_child,2,f302ccd1c0f4478c44a1cae82e385fd79a8adbe58fe5f990e71f00c336c3e7cf,reference_inspect,False,missing_receipt,11,1,True,False,2,145
small_child,3,7b6427b433685bc39e8274e4ac66afb104a0628654e557f23e530e8de19ac9c9,reference_inspect,True,,11,1,True,False,2,145
small_child,4,579b055114c4b79ae4e53979fd23bb42d1ad0c21d3355d3a40224e649b48ba03,reference_inspect,False,missing_receipt,11,1,True,False,2,145
small_child,5,8ca92094a49153a913b1d49b51fbfde086ecf85c6ac1cb862310f6556fd9f07a,reference_inspect,True,,11,1,True,False,2,145
small_child,6,027ef294fe56825ef939200d2856bf2e63c6822df8dbddfce25bdfcd8cd320d4,reference_inspect,False,missing_receipt,11,1,True,False,2,145
small_child,7,1176cb8757dbe390eb4e9f9b0d4b3a4bc72bfcc21515174494dbb37f77ff076a,reference_inspect,True,,11,1,True,False,2,145
small_child,8,a72015f71d8ec20abdbe416b22ea36aa7cba7a4f8fff772aee802dda5b2e44c4,reference_inspect,False,missing_receipt,11,1,True,False,2,145
small_child,9,be74e1465bf40840b26cae0150c7675c6344d25641ff2eb53517df6ae64abd87,reference_inspect,True,,11,1,True,False,2,145
small_child,10,d2e546d213446bbc87568176c3499d29dda3a6f074a1703567ff5e2ee7a6a717,reference_inspect,False,missing_receipt,11,1,True,False,2,145
small_child,11,67c30a85d7cf6ab72f6a623e5758ba9cf435fb1eb4c26c3cd2799da1ee4a81fb,reference_inspect,True,,11,1,True,False,2,145
small_child,12,39147bff34f0d3c1cd13bdece25401f0f17f90400b3989e377a0a6d3a47b03b3,reference_inspect,False,missing_receipt,11,1,True,False,2,145
small_child,13,f716ecea8c9f07fac9f658a737c568b708ea546d9d8dae25d8110402af3b2b3a,reference_inspect,True,,11,1,True,False,2,145
small_child,14,080430ef5d8c802a294c374c79de35b0e21f3d39bd7e1b9c76a73efaad4ee70c,reference_inspect,False,missing_receipt,11,1,True,False,2,145
small_child,15,5f9f66e4484a529879e1fe0e1275becc769e5a33d3cc593290de0652165178f0,reference_inspect,True,,11,1,True,False,2,145
small_child,16,3b11ce8e5dd2ba13b472f13714b26c8b10fc991b337507364bc75df6f9452c52,reference_inspect,False,missing_receipt,11,1,True,False,2,145
small_child,17,94393d8d4a4e5797d1353d42f071ff290d955da043bd8c151e29017630253ce3,reference_inspect,True,,11,1,True,False,2,145
small_child,18,1a1bfa5ce5e29d416458dfef817cb42fc2bc148746c5b76468ead5706ddf02da,reference_inspect,False,missing_receipt,11,1,True,False,2,145
small_child,19,01b5fca4910fbc46464759604b9f8d7769e126548b9150d0bc96bb8a3416c6ba,reference_inspect,True,,11,1,True,False,2,145
small_child,20,1b2eaaa2fbd051e79765e22cb8b3caa58c43c89d4e4f17a138baea4cbeb9d57f,reference_inspect,False,missing_receipt,11,1,True,False,2,145
small_child,21,d790098292e151e7ecaa5fc46e99328cf874bfee4805cbba0b4f5c92ec05b97d,reference_inspect,True,,11,1,True,False,2,145
small_child,22,af51265cf5a9c4a8a27d775e10dd47521a6075853e4cb9c27925091e91efaa83,reference_inspect,False,missing_receipt,11,1,True,False,2,145
small_child,23,cd494e51f8c1c5ec95d00a96eb678c71d78817a3bdfae0ede17904b165df2af3,reference_inspect,True,,11,1,True,False,2,145
small_child,24,f1fe4cd277830eb5f8201947e2273ef8926bdb86a043f19092a9e78ee97b822a,reference_inspect,False,missing_receipt,11,1,True,False,2,145
small_child,25,c33fe8fc52705388da96b638bb0d2cc4a2421e3d6679392e68672e0c865e91e6,reference_inspect,True,,11,1,True,False,2,145
small_child,26,02583220c17c025b019f41ac18293d3746ee4150d1876a1e1b435051346e95b5,reference_inspect,False,missing_receipt,11,1,True,False,2,145
small_child,27,0ca77e8acd30b15149549345c3df22bd70637a1e13f15b18c859c2a516827bad,reference_inspect,True,,11,1,True,False,2,145
small_child,28,7f0a70a5f46364034c54b66367a40d00224e08cd9dee6c675a01df5e8f44b5f9,reference_inspect,False,missing_receipt,11,1,True,False,2,145
small_child,29,64bf382d0e02e2e8fb4d9829feefee10c607972c3c6daecd14e5403ca50d3b5f,reference_inspect,True,,11,1,True,False,2,145
small_child,0,53bc16969bd87802644f3d75fa6c6a2751762911a30d9a153fb0f34648bf1920,reference_inspect_recover,True,,15,5,True,True,2,145
small_child,1,58ab4640631b856ec80701ac07f7b9c8a7543a3f5e17ec68db2fcb29216448e5,reference_inspect_recover,True,,11,1,True,False,2,145
small_child,2,f302ccd1c0f4478c44a1cae82e385fd79a8adbe58fe5f990e71f00c336c3e7cf,reference_inspect_recover,True,,15,5,True,True,2,145
small_child,3,7b6427b433685bc39e8274e4ac66afb104a0628654e557f23e530e8de19ac9c9,reference_inspect_recover,True,,11,1,True,False,2,145
small_child,4,579b055114c4b79ae4e53979fd23bb42d1ad0c21d3355d3a40224e649b48ba03,reference_inspect_recover,True,,15,5,True,True,2,145
small_child,5,8ca92094a49153a913b1d49b51fbfde086ecf85c6ac1cb862310f6556fd9f07a,reference_inspect_recover,True,,11,1,True,False,2,145
small_child,6,027ef294fe56825ef939200d2856bf2e63c6822df8dbddfce25bdfcd8cd320d4,reference_inspect_recover,True,,15,5,True,True,2,145
small_child,7,1176cb8757dbe390eb4e9f9b0d4b3a4bc72bfcc21515174494dbb37f77ff076a,reference_inspect_recover,True,,11,1,True,False,2,145
small_child,8,a72015f71d8ec20abdbe416b22ea36aa7cba7a4f8fff772aee802dda5b2e44c4,reference_inspect_recover,True,,15,5,True,True,2,145
small_child,9,be74e1465bf40840b26cae0150c7675c6344d25641ff2eb53517df6ae64abd87,reference_inspect_recover,True,,11,1,True,False,2,145
small_child,10,d2e546d213446bbc87568176c3499d29dda3a6f074a1703567ff5e2ee7a6a717,reference_inspect_recover,True,,15,5,True,True,2,145
small_child,11,67c30a85d7cf6ab72f6a623e5758ba9cf435fb1eb4c26c3cd2799da1ee4a81fb,reference_inspect_recover,True,,11,1,True,False,2,145
small_child,12,39147bff34f0d3c1cd13bdece25401f0f17f90400b3989e377a0a6d3a47b03b3,reference_inspect_recover,True,,15,5,True,True,2,145
small_child,13,f716ecea8c9f07fac9f658a737c568b708ea546d9d8dae25d8110402af3b2b3a,reference_inspect_recover,True,,11,1,True,False,2,145
small_child,14,080430ef5d8c802a294c374c79de35b0e21f3d39bd7e1b9c76a73efaad4ee70c,reference_inspect_recover,True,,15,5,True,True,2,145
small_child,15,5f9f66e4484a529879e1fe0e1275becc769e5a33d3cc593290de0652165178f0,reference_inspect_recover,True,,11,1,True,False,2,145
small_child,16,3b11ce8e5dd2ba13b472f13714b26c8b10fc991b337507364bc75df6f9452c52,reference_inspect_recover,True,,15,5,True,True,2,145
small_child,17,94393d8d4a4e5797d1353d42f071ff290d955da043bd8c151e29017630253ce3,reference_inspect_recover,True,,11,1,True,False,2,145
small_child,18,1a1bfa5ce5e29d416458dfef817cb42fc2bc148746c5b76468ead5706ddf02da,reference_inspect_recover,True,,15,5,True,True,2,145
small_child,19,01b5fca4910fbc46464759604b9f8d7769e126548b9150d0bc96bb8a3416c6ba,reference_inspect_recover,True,,11,1,True,False,2,145
small_child,20,1b2eaaa2fbd051e79765e22cb8b3caa58c43c89d4e4f17a138baea4cbeb9d57f,reference_inspect_recover,True,,15,5,True,True,2,145
small_child,21,d790098292e151e7ecaa5fc46e99328cf874bfee4805cbba0b4f5c92ec05b97d,reference_inspect_recover,True,,11,1,True,False,2,145
small_child,22,af51265cf5a9c4a8a27d775e10dd47521a6075853e4cb9c27925091e91efaa83,reference_inspect_recover,True,,15,5,True,True,2,145
small_child,23,cd494e51f8c1c5ec95d00a96eb678c71d78817a3bdfae0ede17904b165df2af3,reference_inspect_recover,True,,11,1,True,False,2,145
small_child,24,f1fe4cd277830eb5f8201947e2273ef8926bdb86a043f19092a9e78ee97b822a,reference_inspect_recover,True,,15,5,True,True,2,145
small_child,25,c33fe8fc52705388da96b638bb0d2cc4a2421e3d6679392e68672e0c865e91e6,reference_inspect_recover,True,,11,1,True,False,2,145
small_child,26,02583220c17c025b019f41ac18293d3746ee4150d1876a1e1b435051346e95b5,reference_inspect_recover,True,,15,5,True,True,2,145
small_child,27,0ca77e8acd30b15149549345c3df22bd70637a1e13f15b18c859c2a516827bad,reference_inspect_recover,True,,11,1,True,False,2,145
small_child,28,7f0a70a5f46364034c54b66367a40d00224e08cd9dee6c675a01df5e8f44b5f9,reference_inspect_recover,True,,15,5,True,True,2,145
small_child,29,64bf382d0e02e2e8fb4d9829feefee10c607972c3c6daecd14e5403ca50d3b5f,reference_inspect_recover,True,,11,1,True,False,2,145
small_child,0,53bc16969bd87802644f3d75fa6c6a2751762911a30d9a153fb0f34648bf1920,recent_never,False,missing_receipt,10,0,False,False,2,145
small_child,1,58ab4640631b856ec80701ac07f7b9c8a7543a3f5e17ec68db2fcb29216448e5,recent_never,False,missing_receipt,10,0,False,False,2,145
small_child,2,f302ccd1c0f4478c44a1cae82e385fd79a8adbe58fe5f990e71f00c336c3e7cf,recent_never,False,missing_receipt,10,0,False,False,2,145
small_child,3,7b6427b433685bc39e8274e4ac66afb104a0628654e557f23e530e8de19ac9c9,recent_never,False,missing_receipt,10,0,False,False,2,145
small_child,4,579b055114c4b79ae4e53979fd23bb42d1ad0c21d3355d3a40224e649b48ba03,recent_never,False,missing_receipt,10,0,False,False,2,145
small_child,5,8ca92094a49153a913b1d49b51fbfde086ecf85c6ac1cb862310f6556fd9f07a,recent_never,False,missing_receipt,10,0,False,False,2,145
small_child,6,027ef294fe56825ef939200d2856bf2e63c6822df8dbddfce25bdfcd8cd320d4,recent_never,False,missing_receipt,10,0,False,False,2,145
small_child,7,1176cb8757dbe390eb4e9f9b0d4b3a4bc72bfcc21515174494dbb37f77ff076a,recent_never,False,missing_receipt,10,0,False,False,2,145
small_child,8,a72015f71d8ec20abdbe416b22ea36aa7cba7a4f8fff772aee802dda5b2e44c4,recent_never,False,missing_receipt,10,0,False,False,2,145
small_child,9,be74e1465bf40840b26cae0150c7675c6344d25641ff2eb53517df6ae64abd87,recent_never,True,,10,0,False,False,2,145
small_child,10,d2e546d213446bbc87568176c3499d29dda3a6f074a1703567ff5e2ee7a6a717,recent_never,False,missing_receipt,10,0,False,False,2,145
small_child,11,67c30a85d7cf6ab72f6a623e5758ba9cf435fb1eb4c26c3cd2799da1ee4a81fb,recent_never,False,missing_receipt,10,0,False,False,2,145
small_child,12,39147bff34f0d3c1cd13bdece25401f0f17f90400b3989e377a0a6d3a47b03b3,recent_never,False,missing_receipt,10,0,False,False,2,145
small_child,13,f716ecea8c9f07fac9f658a737c568b708ea546d9d8dae25d8110402af3b2b3a,recent_never,False,missing_receipt,10,0,False,False,2,145
small_child,14,080430ef5d8c802a294c374c79de35b0e21f3d39bd7e1b9c76a73efaad4ee70c,recent_never,False,missing_receipt,10,0,False,False,2,145
small_child,15,5f9f66e4484a529879e1fe0e1275becc769e5a33d3cc593290de0652165178f0,recent_never,False,missing_receipt,10,0,False,False,2,145
small_child,16,3b11ce8e5dd2ba13b472f13714b26c8b10fc991b337507364bc75df6f9452c52,recent_never,False,missing_receipt,10,0,False,False,2,145
small_child,17,94393d8d4a4e5797d1353d42f071ff290d955da043bd8c151e29017630253ce3,recent_never,True,,10,0,False,False,2,145
small_child,18,1a1bfa5ce5e29d416458dfef817cb42fc2bc148746c5b76468ead5706ddf02da,recent_never,False,missing_receipt,10,0,False,False,2,145
small_child,19,01b5fca4910fbc46464759604b9f8d7769e126548b9150d0bc96bb8a3416c6ba,recent_never,False,missing_receipt,10,0,False,False,2,145
small_child,20,1b2eaaa2fbd051e79765e22cb8b3caa58c43c89d4e4f17a138baea4cbeb9d57f,recent_never,False,missing_receipt,10,0,False,False,2,145
small_child,21,d790098292e151e7ecaa5fc46e99328cf874bfee4805cbba0b4f5c92ec05b97d,recent_never,False,missing_receipt,10,0,False,False,2,145
small_child,22,af51265cf5a9c4a8a27d775e10dd47521a6075853e4cb9c27925091e91efaa83,recent_never,False,missing_receipt,10,0,False,False,2,145
small_child,23,cd494e51f8c1c5ec95d00a96eb678c71d78817a3bdfae0ede17904b165df2af3,recent_never,True,,10,0,False,False,2,145
small_child,24,f1fe4cd277830eb5f8201947e2273ef8926bdb86a043f19092a9e78ee97b822a,recent_never,False,missing_receipt,10,0,False,False,2,145
small_child,25,c33fe8fc52705388da96b638bb0d2cc4a2421e3d6679392e68672e0c865e91e6,recent_never,False,missing_receipt,10,0,False,False,2,145
small_child,26,02583220c17c025b019f41ac18293d3746ee4150d1876a1e1b435051346e95b5,recent_never,False,missing_receipt,10,0,False,False,2,145
small_child,27,0ca77e8acd30b15149549345c3df22bd70637a1e13f15b18c859c2a516827bad,recent_never,True,,10,0,False,False,2,145
small_child,28,7f0a70a5f46364034c54b66367a40d00224e08cd9dee6c675a01df5e8f44b5f9,recent_never,False,missing_receipt,10,0,False,False,2,145
small_child,29,64bf382d0e02e2e8fb4d9829feefee10c607972c3c6daecd14e5403ca50d3b5f,recent_never,True,,10,0,False,False,2,145
small_child,0,53bc16969bd87802644f3d75fa6c6a2751762911a30d9a153fb0f34648bf1920,structured_never,False,missing_receipt,10,0,False,False,2,145
small_child,1,58ab4640631b856ec80701ac07f7b9c8a7543a3f5e17ec68db2fcb29216448e5,structured_never,False,missing_receipt,10,0,False,False,2,145
small_child,2,f302ccd1c0f4478c44a1cae82e385fd79a8adbe58fe5f990e71f00c336c3e7cf,structured_never,False,missing_receipt,10,0,False,False,2,145
small_child,3,7b6427b433685bc39e8274e4ac66afb104a0628654e557f23e530e8de19ac9c9,structured_never,False,missing_receipt,10,0,False,False,2,145
small_child,4,579b055114c4b79ae4e53979fd23bb42d1ad0c21d3355d3a40224e649b48ba03,structured_never,False,missing_receipt,10,0,False,False,2,145
small_child,5,8ca92094a49153a913b1d49b51fbfde086ecf85c6ac1cb862310f6556fd9f07a,structured_never,False,missing_receipt,10,0,False,False,2,145
small_child,6,027ef294fe56825ef939200d2856bf2e63c6822df8dbddfce25bdfcd8cd320d4,structured_never,False,missing_receipt,10,0,False,False,2,145
small_child,7,1176cb8757dbe390eb4e9f9b0d4b3a4bc72bfcc21515174494dbb37f77ff076a,structured_never,True,,10,0,False,False,2,145
small_child,8,a72015f71d8ec20abdbe416b22ea36aa7cba7a4f8fff772aee802dda5b2e44c4,structured_never,False,missing_receipt,10,0,False,False,2,145
small_child,9,be74e1465bf40840b26cae0150c7675c6344d25641ff2eb53517df6ae64abd87,structured_never,True,,10,0,False,False,2,145
small_child,10,d2e546d213446bbc87568176c3499d29dda3a6f074a1703567ff5e2ee7a6a717,structured_never,False,missing_receipt,10,0,False,False,2,145
small_child,11,67c30a85d7cf6ab72f6a623e5758ba9cf435fb1eb4c26c3cd2799da1ee4a81fb,structured_never,False,missing_receipt,10,0,False,False,2,145
small_child,12,39147bff34f0d3c1cd13bdece25401f0f17f90400b3989e377a0a6d3a47b03b3,structured_never,False,missing_receipt,10,0,False,False,2,145
small_child,13,f716ecea8c9f07fac9f658a737c568b708ea546d9d8dae25d8110402af3b2b3a,structured_never,False,missing_receipt,10,0,False,False,2,145
small_child,14,080430ef5d8c802a294c374c79de35b0e21f3d39bd7e1b9c76a73efaad4ee70c,structured_never,False,missing_receipt,10,0,False,False,2,145
small_child,15,5f9f66e4484a529879e1fe0e1275becc769e5a33d3cc593290de0652165178f0,structured_never,True,,10,0,False,False,2,145
small_child,16,3b11ce8e5dd2ba13b472f13714b26c8b10fc991b337507364bc75df6f9452c52,structured_never,False,missing_receipt,10,0,False,False,2,145
small_child,17,94393d8d4a4e5797d1353d42f071ff290d955da043bd8c151e29017630253ce3,structured_never,True,,10,0,False,False,2,145
small_child,18,1a1bfa5ce5e29d416458dfef817cb42fc2bc148746c5b76468ead5706ddf02da,structured_never,False,missing_receipt,10,0,False,False,2,145
small_child,19,01b5fca4910fbc46464759604b9f8d7769e126548b9150d0bc96bb8a3416c6ba,structured_never,False,missing_receipt,10,0,False,False,2,145
small_child,20,1b2eaaa2fbd051e79765e22cb8b3caa58c43c89d4e4f17a138baea4cbeb9d57f,structured_never,False,missing_receipt,10,0,False,False,2,145
small_child,21,d790098292e151e7ecaa5fc46e99328cf874bfee4805cbba0b4f5c92ec05b97d,structured_never,True,,10,0,False,False,2,145
small_child,22,af51265cf5a9c4a8a27d775e10dd47521a6075853e4cb9c27925091e91efaa83,structured_never,False,missing_receipt,10,0,False,False,2,145
small_child,23,cd494e51f8c1c5ec95d00a96eb678c71d78817a3bdfae0ede17904b165df2af3,structured_never,True,,10,0,False,False,2,145
small_child,24,f1fe4cd277830eb5f8201947e2273ef8926bdb86a043f19092a9e78ee97b822a,structured_never,False,missing_receipt,10,0,False,False,2,145
small_child,25,c33fe8fc52705388da96b638bb0d2cc4a2421e3d6679392e68672e0c865e91e6,structured_never,True,,10,0,False,False,2,145
small_child,26,02583220c17c025b019f41ac18293d3746ee4150d1876a1e1b435051346e95b5,structured_never,False,missing_receipt,10,0,False,False,2,145
small_child,27,0ca77e8acd30b15149549345c3df22bd70637a1e13f15b18c859c2a516827bad,structured_never,True,,10,0,False,False,2,145
small_child,28,7f0a70a5f46364034c54b66367a40d00224e08cd9dee6c675a01df5e8f44b5f9,structured_never,False,missing_receipt,10,0,False,False,2,145
small_child,29,64bf382d0e02e2e8fb4d9829feefee10c607972c3c6daecd14e5403ca50d3b5f,structured_never,True,,10,0,False,False,2,145
small_child,0,53bc16969bd87802644f3d75fa6c6a2751762911a30d9a153fb0f34648bf1920,structured_always,False,missing_receipt,11,1,True,False,2,145
small_child,1,58ab4640631b856ec80701ac07f7b9c8a7543a3f5e17ec68db2fcb29216448e5,structured_always,True,,11,1,True,False,2,145
small_child,2,f302ccd1c0f4478c44a1cae82e385fd79a8adbe58fe5f990e71f00c336c3e7cf,structured_always,False,missing_receipt,11,1,True,False,2,145
small_child,3,7b6427b433685bc39e8274e4ac66afb104a0628654e557f23e530e8de19ac9c9,structured_always,True,,11,1,True,False,2,145
small_child,4,579b055114c4b79ae4e53979fd23bb42d1ad0c21d3355d3a40224e649b48ba03,structured_always,False,missing_receipt,11,1,True,False,2,145
small_child,5,8ca92094a49153a913b1d49b51fbfde086ecf85c6ac1cb862310f6556fd9f07a,structured_always,True,,11,1,True,False,2,145
small_child,6,027ef294fe56825ef939200d2856bf2e63c6822df8dbddfce25bdfcd8cd320d4,structured_always,False,missing_receipt,11,1,True,False,2,145
small_child,7,1176cb8757dbe390eb4e9f9b0d4b3a4bc72bfcc21515174494dbb37f77ff076a,structured_always,True,,11,1,True,False,2,145
small_child,8,a72015f71d8ec20abdbe416b22ea36aa7cba7a4f8fff772aee802dda5b2e44c4,structured_always,False,missing_receipt,11,1,True,False,2,145
small_child,9,be74e1465bf40840b26cae0150c7675c6344d25641ff2eb53517df6ae64abd87,structured_always,True,,11,1,True,False,2,145
small_child,10,d2e546d213446bbc87568176c3499d29dda3a6f074a1703567ff5e2ee7a6a717,structured_always,False,missing_receipt,11,1,True,False,2,145
small_child,11,67c30a85d7cf6ab72f6a623e5758ba9cf435fb1eb4c26c3cd2799da1ee4a81fb,structured_always,True,,11,1,True,False,2,145
small_child,12,39147bff34f0d3c1cd13bdece25401f0f17f90400b3989e377a0a6d3a47b03b3,structured_always,False,missing_receipt,11,1,True,False,2,145
small_child,13,f716ecea8c9f07fac9f658a737c568b708ea546d9d8dae25d8110402af3b2b3a,structured_always,True,,11,1,True,False,2,145
small_child,14,080430ef5d8c802a294c374c79de35b0e21f3d39bd7e1b9c76a73efaad4ee70c,structured_always,False,missing_receipt,11,1,True,False,2,145
small_child,15,5f9f66e4484a529879e1fe0e1275becc769e5a33d3cc593290de0652165178f0,structured_always,True,,11,1,True,False,2,145
small_child,16,3b11ce8e5dd2ba13b472f13714b26c8b10fc991b337507364bc75df6f9452c52,structured_always,False,missing_receipt,11,1,True,False,2,145
small_child,17,94393d8d4a4e5797d1353d42f071ff290d955da043bd8c151e29017630253ce3,structured_always,True,,11,1,True,False,2,145
small_child,18,1a1bfa5ce5e29d416458dfef817cb42fc2bc148746c5b76468ead5706ddf02da,structured_always,False,missing_receipt,11,1,True,False,2,145
small_child,19,01b5fca4910fbc46464759604b9f8d7769e126548b9150d0bc96bb8a3416c6ba,structured_always,True,,11,1,True,False,2,145
small_child,20,1b2eaaa2fbd051e79765e22cb8b3caa58c43c89d4e4f17a138baea4cbeb9d57f,structured_always,False,missing_receipt,11,1,True,False,2,145
small_child,21,d790098292e151e7ecaa5fc46e99328cf874bfee4805cbba0b4f5c92ec05b97d,structured_always,True,,11,1,True,False,2,145
small_child,22,af51265cf5a9c4a8a27d775e10dd47521a6075853e4cb9c27925091e91efaa83,structured_always,False,missing_receipt,11,1,True,False,2,145
small_child,23,cd494e51f8c1c5ec95d00a96eb678c71d78817a3bdfae0ede17904b165df2af3,structured_always,True,,11,1,True,False,2,145
small_child,24,f1fe4cd277830eb5f8201947e2273ef8926bdb86a043f19092a9e78ee97b822a,structured_always,False,missing_receipt,11,1,True,False,2,145
small_child,25,c33fe8fc52705388da96b638bb0d2cc4a2421e3d6679392e68672e0c865e91e6,structured_always,True,,11,1,True,False,2,145
small_child,26,02583220c17c025b019f41ac18293d3746ee4150d1876a1e1b435051346e95b5,structured_always,False,missing_receipt,11,1,True,False,2,145
small_child,27,0ca77e8acd30b15149549345c3df22bd70637a1e13f15b18c859c2a516827bad,structured_always,True,,11,1,True,False,2,145
small_child,28,7f0a70a5f46364034c54b66367a40d00224e08cd9dee6c675a01df5e8f44b5f9,structured_always,False,missing_receipt,11,1,True,False,2,145
small_child,29,64bf382d0e02e2e8fb4d9829feefee10c607972c3c6daecd14e5403ca50d3b5f,structured_always,True,,11,1,True,False,2,145
small_child,0,53bc16969bd87802644f3d75fa6c6a2751762911a30d9a153fb0f34648bf1920,structured_budgeted,False,missing_receipt,11,1,True,False,2,145
small_child,1,58ab4640631b856ec80701ac07f7b9c8a7543a3f5e17ec68db2fcb29216448e5,structured_budgeted,True,,11,1,True,False,2,145
small_child,2,f302ccd1c0f4478c44a1cae82e385fd79a8adbe58fe5f990e71f00c336c3e7cf,structured_budgeted,False,missing_receipt,11,1,True,False,2,145
small_child,3,7b6427b433685bc39e8274e4ac66afb104a0628654e557f23e530e8de19ac9c9,structured_budgeted,True,,11,1,True,False,2,145
small_child,4,579b055114c4b79ae4e53979fd23bb42d1ad0c21d3355d3a40224e649b48ba03,structured_budgeted,False,missing_receipt,11,1,True,False,2,145
small_child,5,8ca92094a49153a913b1d49b51fbfde086ecf85c6ac1cb862310f6556fd9f07a,structured_budgeted,True,,11,1,True,False,2,145
small_child,6,027ef294fe56825ef939200d2856bf2e63c6822df8dbddfce25bdfcd8cd320d4,structured_budgeted,False,missing_receipt,11,1,True,False,2,145
small_child,7,1176cb8757dbe390eb4e9f9b0d4b3a4bc72bfcc21515174494dbb37f77ff076a,structured_budgeted,True,,11,1,True,False,2,145
small_child,8,a72015f71d8ec20abdbe416b22ea36aa7cba7a4f8fff772aee802dda5b2e44c4,structured_budgeted,False,missing_receipt,11,1,True,False,2,145
small_child,9,be74e1465bf40840b26cae0150c7675c6344d25641ff2eb53517df6ae64abd87,structured_budgeted,True,,11,1,True,False,2,145
small_child,10,d2e546d213446bbc87568176c3499d29dda3a6f074a1703567ff5e2ee7a6a717,structured_budgeted,False,missing_receipt,11,1,True,False,2,145
small_child,11,67c30a85d7cf6ab72f6a623e5758ba9cf435fb1eb4c26c3cd2799da1ee4a81fb,structured_budgeted,True,,11,1,True,False,2,145
small_child,12,39147bff34f0d3c1cd13bdece25401f0f17f90400b3989e377a0a6d3a47b03b3,structured_budgeted,False,missing_receipt,11,1,True,False,2,145
small_child,13,f716ecea8c9f07fac9f658a737c568b708ea546d9d8dae25d8110402af3b2b3a,structured_budgeted,True,,11,1,True,False,2,145
small_child,14,080430ef5d8c802a294c374c79de35b0e21f3d39bd7e1b9c76a73efaad4ee70c,structured_budgeted,False,missing_receipt,11,1,True,False,2,145
small_child,15,5f9f66e4484a529879e1fe0e1275becc769e5a33d3cc593290de0652165178f0,structured_budgeted,True,,11,1,True,False,2,145
small_child,16,3b11ce8e5dd2ba13b472f13714b26c8b10fc991b337507364bc75df6f9452c52,structured_budgeted,False,missing_receipt,11,1,True,False,2,145
small_child,17,94393d8d4a4e5797d1353d42f071ff290d955da043bd8c151e29017630253ce3,structured_budgeted,True,,11,1,True,False,2,145
small_child,18,1a1bfa5ce5e29d416458dfef817cb42fc2bc148746c5b76468ead5706ddf02da,structured_budgeted,False,missing_receipt,11,1,True,False,2,145
small_child,19,01b5fca4910fbc46464759604b9f8d7769e126548b9150d0bc96bb8a3416c6ba,structured_budgeted,True,,11,1,True,False,2,145
small_child,20,1b2eaaa2fbd051e79765e22cb8b3caa58c43c89d4e4f17a138baea4cbeb9d57f,structured_budgeted,False,missing_receipt,11,1,True,False,2,145
small_child,21,d790098292e151e7ecaa5fc46e99328cf874bfee4805cbba0b4f5c92ec05b97d,structured_budgeted,True,,11,1,True,False,2,145
small_child,22,af51265cf5a9c4a8a27d775e10dd47521a6075853e4cb9c27925091e91efaa83,structured_budgeted,False,missing_receipt,11,1,True,False,2,145
small_child,23,cd494e51f8c1c5ec95d00a96eb678c71d78817a3bdfae0ede17904b165df2af3,structured_budgeted,True,,11,1,True,False,2,145
small_child,24,f1fe4cd277830eb5f8201947e2273ef8926bdb86a043f19092a9e78ee97b822a,structured_budgeted,False,missing_receipt,11,1,True,False,2,145
small_child,25,c33fe8fc52705388da96b638bb0d2cc4a2421e3d6679392e68672e0c865e91e6,structured_budgeted,True,,11,1,True,False,2,145
small_child,26,02583220c17c025b019f41ac18293d3746ee4150d1876a1e1b435051346e95b5,structured_budgeted,False,missing_receipt,11,1,True,False,2,145
small_child,27,0ca77e8acd30b15149549345c3df22bd70637a1e13f15b18c859c2a516827bad,structured_budgeted,True,,11,1,True,False,2,145
small_child,28,7f0a70a5f46364034c54b66367a40d00224e08cd9dee6c675a01df5e8f44b5f9,structured_budgeted,False,missing_receipt,11,1,True,False,2,145
small_child,29,64bf382d0e02e2e8fb4d9829feefee10c607972c3c6daecd14e5403ca50d3b5f,structured_budgeted,True,,11,1,True,False,2,145
small_child,0,53bc16969bd87802644f3d75fa6c6a2751762911a30d9a153fb0f34648bf1920,structured_never_recover,True,,14,4,False,True,2,145
small_child,1,58ab4640631b856ec80701ac07f7b9c8a7543a3f5e17ec68db2fcb29216448e5,structured_never_recover,True,,14,4,False,True,2,145
small_child,2,f302ccd1c0f4478c44a1cae82e385fd79a8adbe58fe5f990e71f00c336c3e7cf,structured_never_recover,True,,14,4,False,True,2,145
small_child,3,7b6427b433685bc39e8274e4ac66afb104a0628654e557f23e530e8de19ac9c9,structured_never_recover,True,,14,4,False,True,2,145
small_child,4,579b055114c4b79ae4e53979fd23bb42d1ad0c21d3355d3a40224e649b48ba03,structured_never_recover,True,,14,4,False,True,2,145
small_child,5,8ca92094a49153a913b1d49b51fbfde086ecf85c6ac1cb862310f6556fd9f07a,structured_never_recover,True,,14,4,False,True,2,145
small_child,6,027ef294fe56825ef939200d2856bf2e63c6822df8dbddfce25bdfcd8cd320d4,structured_never_recover,True,,14,4,False,True,2,145
small_child,7,1176cb8757dbe390eb4e9f9b0d4b3a4bc72bfcc21515174494dbb37f77ff076a,structured_never_recover,True,,10,0,False,False,2,145
small_child,8,a72015f71d8ec20abdbe416b22ea36aa7cba7a4f8fff772aee802dda5b2e44c4,structured_never_recover,True,,14,4,False,True,2,145
small_child,9,be74e1465bf40840b26cae0150c7675c6344d25641ff2eb53517df6ae64abd87,structured_never_recover,True,,10,0,False,False,2,145
small_child,10,d2e546d213446bbc87568176c3499d29dda3a6f074a1703567ff5e2ee7a6a717,structured_never_recover,True,,14,4,False,True,2,145
small_child,11,67c30a85d7cf6ab72f6a623e5758ba9cf435fb1eb4c26c3cd2799da1ee4a81fb,structured_never_recover,True,,14,4,False,True,2,145
small_child,12,39147bff34f0d3c1cd13bdece25401f0f17f90400b3989e377a0a6d3a47b03b3,structured_never_recover,True,,14,4,False,True,2,145
small_child,13,f716ecea8c9f07fac9f658a737c568b708ea546d9d8dae25d8110402af3b2b3a,structured_never_recover,True,,14,4,False,True,2,145
small_child,14,080430ef5d8c802a294c374c79de35b0e21f3d39bd7e1b9c76a73efaad4ee70c,structured_never_recover,True,,14,4,False,True,2,145
small_child,15,5f9f66e4484a529879e1fe0e1275becc769e5a33d3cc593290de0652165178f0,structured_never_recover,True,,10,0,False,False,2,145
small_child,16,3b11ce8e5dd2ba13b472f13714b26c8b10fc991b337507364bc75df6f9452c52,structured_never_recover,True,,14,4,False,True,2,145
small_child,17,94393d8d4a4e5797d1353d42f071ff290d955da043bd8c151e29017630253ce3,structured_never_recover,True,,10,0,False,False,2,145
small_child,18,1a1bfa5ce5e29d416458dfef817cb42fc2bc148746c5b76468ead5706ddf02da,structured_never_recover,True,,14,4,False,True,2,145
small_child,19,01b5fca4910fbc46464759604b9f8d7769e126548b9150d0bc96bb8a3416c6ba,structured_never_recover,True,,14,4,False,True,2,145
small_child,20,1b2eaaa2fbd051e79765e22cb8b3caa58c43c89d4e4f17a138baea4cbeb9d57f,structured_never_recover,True,,14,4,False,True,2,145
small_child,21,d790098292e151e7ecaa5fc46e99328cf874bfee4805cbba0b4f5c92ec05b97d,structured_never_recover,True,,10,0,False,False,2,145
small_child,22,af51265cf5a9c4a8a27d775e10dd47521a6075853e4cb9c27925091e91efaa83,structured_never_recover,True,,14,4,False,True,2,145
small_child,23,cd494e51f8c1c5ec95d00a96eb678c71d78817a3bdfae0ede17904b165df2af3,structured_never_recover,True,,10,0,False,False,2,145
small_child,24,f1fe4cd277830eb5f8201947e2273ef8926bdb86a043f19092a9e78ee97b822a,structured_never_recover,True,,14,4,False,True,2,145
small_child,25,c33fe8fc52705388da96b638bb0d2cc4a2421e3d6679392e68672e0c865e91e6,structured_never_recover,True,,10,0,False,False,2,145
small_child,26,02583220c17c025b019f41ac18293d3746ee4150d1876a1e1b435051346e95b5,structured_never_recover,True,,14,4,False,True,2,145
small_child,27,0ca77e8acd30b15149549345c3df22bd70637a1e13f15b18c859c2a516827bad,structured_never_recover,True,,10,0,False,False,2,145
small_child,28,7f0a70a5f46364034c54b66367a40d00224e08cd9dee6c675a01df5e8f44b5f9,structured_never_recover,True,,14,4,False,True,2,145
small_child,29,64bf382d0e02e2e8fb4d9829feefee10c607972c3c6daecd14e5403ca50d3b5f,structured_never_recover,True,,10,0,False,False,2,145
small_child,0,53bc16969bd87802644f3d75fa6c6a2751762911a30d9a153fb0f34648bf1920,structured_always_recover,True,,15,5,True,True,2,145
small_child,1,58ab4640631b856ec80701ac07f7b9c8a7543a3f5e17ec68db2fcb29216448e5,structured_always_recover,True,,11,1,True,False,2,145
small_child,2,f302ccd1c0f4478c44a1cae82e385fd79a8adbe58fe5f990e71f00c336c3e7cf,structured_always_recover,True,,15,5,True,True,2,145
small_child,3,7b6427b433685bc39e8274e4ac66afb104a0628654e557f23e530e8de19ac9c9,structured_always_recover,True,,11,1,True,False,2,145
small_child,4,579b055114c4b79ae4e53979fd23bb42d1ad0c21d3355d3a40224e649b48ba03,structured_always_recover,True,,15,5,True,True,2,145
small_child,5,8ca92094a49153a913b1d49b51fbfde086ecf85c6ac1cb862310f6556fd9f07a,structured_always_recover,True,,11,1,True,False,2,145
small_child,6,027ef294fe56825ef939200d2856bf2e63c6822df8dbddfce25bdfcd8cd320d4,structured_always_recover,True,,15,5,True,True,2,145
small_child,7,1176cb8757dbe390eb4e9f9b0d4b3a4bc72bfcc21515174494dbb37f77ff076a,structured_always_recover,True,,11,1,True,False,2,145
small_child,8,a72015f71d8ec20abdbe416b22ea36aa7cba7a4f8fff772aee802dda5b2e44c4,structured_always_recover,True,,15,5,True,True,2,145
small_child,9,be74e1465bf40840b26cae0150c7675c6344d25641ff2eb53517df6ae64abd87,structured_always_recover,True,,11,1,True,False,2,145
small_child,10,d2e546d213446bbc87568176c3499d29dda3a6f074a1703567ff5e2ee7a6a717,structured_always_recover,True,,15,5,True,True,2,145
small_child,11,67c30a85d7cf6ab72f6a623e5758ba9cf435fb1eb4c26c3cd2799da1ee4a81fb,structured_always_recover,True,,11,1,True,False,2,145
small_child,12,39147bff34f0d3c1cd13bdece25401f0f17f90400b3989e377a0a6d3a47b03b3,structured_always_recover,True,,15,5,True,True,2,145
small_child,13,f716ecea8c9f07fac9f658a737c568b708ea546d9d8dae25d8110402af3b2b3a,structured_always_recover,True,,11,1,True,False,2,145
small_child,14,080430ef5d8c802a294c374c79de35b0e21f3d39bd7e1b9c76a73efaad4ee70c,structured_always_recover,True,,15,5,True,True,2,145
small_child,15,5f9f66e4484a529879e1fe0e1275becc769e5a33d3cc593290de0652165178f0,structured_always_recover,True,,11,1,True,False,2,145
small_child,16,3b11ce8e5dd2ba13b472f13714b26c8b10fc991b337507364bc75df6f9452c52,structured_always_recover,True,,15,5,True,True,2,145
small_child,17,94393d8d4a4e5797d1353d42f071ff290d955da043bd8c151e29017630253ce3,structured_always_recover,True,,11,1,True,False,2,145
small_child,18,1a1bfa5ce5e29d416458dfef817cb42fc2bc148746c5b76468ead5706ddf02da,structured_always_recover,True,,15,5,True,True,2,145
small_child,19,01b5fca4910fbc46464759604b9f8d7769e126548b9150d0bc96bb8a3416c6ba,structured_always_recover,True,,11,1,True,False,2,145
small_child,20,1b2eaaa2fbd051e79765e22cb8b3caa58c43c89d4e4f17a138baea4cbeb9d57f,structured_always_recover,True,,15,5,True,True,2,145
small_child,21,d790098292e151e7ecaa5fc46e99328cf874bfee4805cbba0b4f5c92ec05b97d,structured_always_recover,True,,11,1,True,False,2,145
small_child,22,af51265cf5a9c4a8a27d775e10dd47521a6075853e4cb9c27925091e91efaa83,structured_always_recover,True,,15,5,True,True,2,145
small_child,23,cd494e51f8c1c5ec95d00a96eb678c71d78817a3bdfae0ede17904b165df2af3,structured_always_recover,True,,11,1,True,False,2,145
small_child,24,f1fe4cd277830eb5f8201947e2273ef8926bdb86a043f19092a9e78ee97b822a,structured_always_recover,True,,15,5,True,True,2,145
small_child,25,c33fe8fc52705388da96b638bb0d2cc4a2421e3d6679392e68672e0c865e91e6,structured_always_recover,True,,11,1,True,False,2,145
small_child,26,02583220c17c025b019f41ac18293d3746ee4150d1876a1e1b435051346e95b5,structured_always_recover,True,,15,5,True,True,2,145
small_child,27,0ca77e8acd30b15149549345c3df22bd70637a1e13f15b18c859c2a516827bad,structured_always_recover,True,,11,1,True,False,2,145
small_child,28,7f0a70a5f46364034c54b66367a40d00224e08cd9dee6c675a01df5e8f44b5f9,structured_always_recover,True,,15,5,True,True,2,145
small_child,29,64bf382d0e02e2e8fb4d9829feefee10c607972c3c6daecd14e5403ca50d3b5f,structured_always_recover,True,,11,1,True,False,2,145
uninformative_manifest,0,38f04bea02b927584b36dc9d3f3807c50f74befea48173f9a5579b6f9b63ddda,reference_retain,True,,10,0,False,False,2,145
uninformative_manifest,1,f7fda5d1b8fbbaea9f5aa3e176b7d6ab99d064794f6000126aaabc645c6ecfaf,reference_retain,True,,10,0,False,False,2,145
uninformative_manifest,2,07579487aab35a7a6b502f1eb911123238eddc87a0b53ddc8458969de2c90b11,reference_retain,False,missing_receipt,10,0,False,False,2,145
uninformative_manifest,3,e68aac8a03a1111b11a941683cd85d5cac43152e4cc9133cccb917753c3da0fd,reference_retain,False,missing_receipt,10,0,False,False,2,145
uninformative_manifest,4,41e76b83e7147ed4bcb4f36061e2cff7856b3904a2e374a8e78960e2bbf5bb6e,reference_retain,False,missing_receipt,10,0,False,False,2,145
uninformative_manifest,5,b4529cb5d9634a3514f2ba2c6f6b7bb0134013d3bc04cf082af3383c81722af9,reference_retain,False,missing_receipt,10,0,False,False,2,145
uninformative_manifest,0,38f04bea02b927584b36dc9d3f3807c50f74befea48173f9a5579b6f9b63ddda,reference_retain_recover,True,,10,0,False,False,2,145
uninformative_manifest,1,f7fda5d1b8fbbaea9f5aa3e176b7d6ab99d064794f6000126aaabc645c6ecfaf,reference_retain_recover,True,,10,0,False,False,2,145
uninformative_manifest,2,07579487aab35a7a6b502f1eb911123238eddc87a0b53ddc8458969de2c90b11,reference_retain_recover,True,,14,4,False,True,2,145
uninformative_manifest,3,e68aac8a03a1111b11a941683cd85d5cac43152e4cc9133cccb917753c3da0fd,reference_retain_recover,True,,14,4,False,True,2,145
uninformative_manifest,4,41e76b83e7147ed4bcb4f36061e2cff7856b3904a2e374a8e78960e2bbf5bb6e,reference_retain_recover,True,,14,4,False,True,2,145
uninformative_manifest,5,b4529cb5d9634a3514f2ba2c6f6b7bb0134013d3bc04cf082af3383c81722af9,reference_retain_recover,True,,14,4,False,True,2,145
uninformative_manifest,0,38f04bea02b927584b36dc9d3f3807c50f74befea48173f9a5579b6f9b63ddda,reference_inspect,False,missing_receipt,11,1,True,False,2,145
uninformative_manifest,1,f7fda5d1b8fbbaea9f5aa3e176b7d6ab99d064794f6000126aaabc645c6ecfaf,reference_inspect,False,missing_receipt,11,1,True,False,2,145
uninformative_manifest,2,07579487aab35a7a6b502f1eb911123238eddc87a0b53ddc8458969de2c90b11,reference_inspect,False,missing_receipt,11,1,True,False,2,145
uninformative_manifest,3,e68aac8a03a1111b11a941683cd85d5cac43152e4cc9133cccb917753c3da0fd,reference_inspect,False,missing_receipt,11,1,True,False,2,145
uninformative_manifest,4,41e76b83e7147ed4bcb4f36061e2cff7856b3904a2e374a8e78960e2bbf5bb6e,reference_inspect,True,,11,1,True,False,2,145
uninformative_manifest,5,b4529cb5d9634a3514f2ba2c6f6b7bb0134013d3bc04cf082af3383c81722af9,reference_inspect,True,,11,1,True,False,2,145
uninformative_manifest,0,38f04bea02b927584b36dc9d3f3807c50f74befea48173f9a5579b6f9b63ddda,reference_inspect_recover,True,,15,5,True,True,2,145
uninformative_manifest,1,f7fda5d1b8fbbaea9f5aa3e176b7d6ab99d064794f6000126aaabc645c6ecfaf,reference_inspect_recover,True,,15,5,True,True,2,145
uninformative_manifest,2,07579487aab35a7a6b502f1eb911123238eddc87a0b53ddc8458969de2c90b11,reference_inspect_recover,True,,15,5,True,True,2,145
uninformative_manifest,3,e68aac8a03a1111b11a941683cd85d5cac43152e4cc9133cccb917753c3da0fd,reference_inspect_recover,True,,15,5,True,True,2,145
uninformative_manifest,4,41e76b83e7147ed4bcb4f36061e2cff7856b3904a2e374a8e78960e2bbf5bb6e,reference_inspect_recover,True,,11,1,True,False,2,145
uninformative_manifest,5,b4529cb5d9634a3514f2ba2c6f6b7bb0134013d3bc04cf082af3383c81722af9,reference_inspect_recover,True,,11,1,True,False,2,145
uninformative_manifest,0,38f04bea02b927584b36dc9d3f3807c50f74befea48173f9a5579b6f9b63ddda,recent_never,False,missing_receipt,10,0,False,False,2,145
uninformative_manifest,1,f7fda5d1b8fbbaea9f5aa3e176b7d6ab99d064794f6000126aaabc645c6ecfaf,recent_never,False,missing_receipt,10,0,False,False,2,145
uninformative_manifest,2,07579487aab35a7a6b502f1eb911123238eddc87a0b53ddc8458969de2c90b11,recent_never,False,missing_receipt,10,0,False,False,2,145
uninformative_manifest,3,e68aac8a03a1111b11a941683cd85d5cac43152e4cc9133cccb917753c3da0fd,recent_never,False,missing_receipt,10,0,False,False,2,145
uninformative_manifest,4,41e76b83e7147ed4bcb4f36061e2cff7856b3904a2e374a8e78960e2bbf5bb6e,recent_never,True,,10,0,False,False,2,145
uninformative_manifest,5,b4529cb5d9634a3514f2ba2c6f6b7bb0134013d3bc04cf082af3383c81722af9,recent_never,True,,10,0,False,False,2,145
uninformative_manifest,0,38f04bea02b927584b36dc9d3f3807c50f74befea48173f9a5579b6f9b63ddda,structured_never,False,missing_receipt,10,0,False,False,2,145
uninformative_manifest,1,f7fda5d1b8fbbaea9f5aa3e176b7d6ab99d064794f6000126aaabc645c6ecfaf,structured_never,False,missing_receipt,10,0,False,False,2,145
uninformative_manifest,2,07579487aab35a7a6b502f1eb911123238eddc87a0b53ddc8458969de2c90b11,structured_never,False,missing_receipt,10,0,False,False,2,145
uninformative_manifest,3,e68aac8a03a1111b11a941683cd85d5cac43152e4cc9133cccb917753c3da0fd,structured_never,False,missing_receipt,10,0,False,False,2,145
uninformative_manifest,4,41e76b83e7147ed4bcb4f36061e2cff7856b3904a2e374a8e78960e2bbf5bb6e,structured_never,True,,10,0,False,False,2,145
uninformative_manifest,5,b4529cb5d9634a3514f2ba2c6f6b7bb0134013d3bc04cf082af3383c81722af9,structured_never,True,,10,0,False,False,2,145
uninformative_manifest,0,38f04bea02b927584b36dc9d3f3807c50f74befea48173f9a5579b6f9b63ddda,structured_always,False,missing_receipt,11,1,True,False,2,145
uninformative_manifest,1,f7fda5d1b8fbbaea9f5aa3e176b7d6ab99d064794f6000126aaabc645c6ecfaf,structured_always,False,missing_receipt,11,1,True,False,2,145
uninformative_manifest,2,07579487aab35a7a6b502f1eb911123238eddc87a0b53ddc8458969de2c90b11,structured_always,False,missing_receipt,11,1,True,False,2,145
uninformative_manifest,3,e68aac8a03a1111b11a941683cd85d5cac43152e4cc9133cccb917753c3da0fd,structured_always,False,missing_receipt,11,1,True,False,2,145
uninformative_manifest,4,41e76b83e7147ed4bcb4f36061e2cff7856b3904a2e374a8e78960e2bbf5bb6e,structured_always,True,,11,1,True,False,2,145
uninformative_manifest,5,b4529cb5d9634a3514f2ba2c6f6b7bb0134013d3bc04cf082af3383c81722af9,structured_always,True,,11,1,True,False,2,145
uninformative_manifest,0,38f04bea02b927584b36dc9d3f3807c50f74befea48173f9a5579b6f9b63ddda,structured_budgeted,False,missing_receipt,10,0,False,False,2,145
uninformative_manifest,1,f7fda5d1b8fbbaea9f5aa3e176b7d6ab99d064794f6000126aaabc645c6ecfaf,structured_budgeted,False,missing_receipt,10,0,False,False,2,145
uninformative_manifest,2,07579487aab35a7a6b502f1eb911123238eddc87a0b53ddc8458969de2c90b11,structured_budgeted,False,missing_receipt,10,0,False,False,2,145
uninformative_manifest,3,e68aac8a03a1111b11a941683cd85d5cac43152e4cc9133cccb917753c3da0fd,structured_budgeted,False,missing_receipt,10,0,False,False,2,145
uninformative_manifest,4,41e76b83e7147ed4bcb4f36061e2cff7856b3904a2e374a8e78960e2bbf5bb6e,structured_budgeted,True,,10,0,False,False,2,145
uninformative_manifest,5,b4529cb5d9634a3514f2ba2c6f6b7bb0134013d3bc04cf082af3383c81722af9,structured_budgeted,True,,10,0,False,False,2,145
uninformative_manifest,0,38f04bea02b927584b36dc9d3f3807c50f74befea48173f9a5579b6f9b63ddda,structured_never_recover,True,,14,4,False,True,2,145
uninformative_manifest,1,f7fda5d1b8fbbaea9f5aa3e176b7d6ab99d064794f6000126aaabc645c6ecfaf,structured_never_recover,True,,14,4,False,True,2,145
uninformative_manifest,2,07579487aab35a7a6b502f1eb911123238eddc87a0b53ddc8458969de2c90b11,structured_never_recover,True,,14,4,False,True,2,145
uninformative_manifest,3,e68aac8a03a1111b11a941683cd85d5cac43152e4cc9133cccb917753c3da0fd,structured_never_recover,True,,14,4,False,True,2,145
uninformative_manifest,4,41e76b83e7147ed4bcb4f36061e2cff7856b3904a2e374a8e78960e2bbf5bb6e,structured_never_recover,True,,10,0,False,False,2,145
uninformative_manifest,5,b4529cb5d9634a3514f2ba2c6f6b7bb0134013d3bc04cf082af3383c81722af9,structured_never_recover,True,,10,0,False,False,2,145
uninformative_manifest,0,38f04bea02b927584b36dc9d3f3807c50f74befea48173f9a5579b6f9b63ddda,structured_always_recover,True,,15,5,True,True,2,145
uninformative_manifest,1,f7fda5d1b8fbbaea9f5aa3e176b7d6ab99d064794f6000126aaabc645c6ecfaf,structured_always_recover,True,,15,5,True,True,2,145
uninformative_manifest,2,07579487aab35a7a6b502f1eb911123238eddc87a0b53ddc8458969de2c90b11,structured_always_recover,True,,15,5,True,True,2,145
uninformative_manifest,3,e68aac8a03a1111b11a941683cd85d5cac43152e4cc9133cccb917753c3da0fd,structured_always_recover,True,,15,5,True,True,2,145
uninformative_manifest,4,41e76b83e7147ed4bcb4f36061e2cff7856b3904a2e374a8e78960e2bbf5bb6e,structured_always_recover,True,,11,1,True,False,2,145
uninformative_manifest,5,b4529cb5d9634a3514f2ba2c6f6b7bb0134013d3bc04cf082af3383c81722af9,structured_always_recover,True,,11,1,True,False,2,145
inspection_unavailable,0,53bc16969bd87802644f3d75fa6c6a2751762911a30d9a153fb0f34648bf1920,reference_retain,True,,10,0,False,False,2,145
inspection_unavailable,1,58ab4640631b856ec80701ac07f7b9c8a7543a3f5e17ec68db2fcb29216448e5,reference_retain,True,,10,0,False,False,2,145
inspection_unavailable,2,f302ccd1c0f4478c44a1cae82e385fd79a8adbe58fe5f990e71f00c336c3e7cf,reference_retain,True,,10,0,False,False,2,145
inspection_unavailable,3,7b6427b433685bc39e8274e4ac66afb104a0628654e557f23e530e8de19ac9c9,reference_retain,False,missing_receipt,10,0,False,False,2,145
inspection_unavailable,4,579b055114c4b79ae4e53979fd23bb42d1ad0c21d3355d3a40224e649b48ba03,reference_retain,True,,10,0,False,False,2,145
inspection_unavailable,5,8ca92094a49153a913b1d49b51fbfde086ecf85c6ac1cb862310f6556fd9f07a,reference_retain,False,missing_receipt,10,0,False,False,2,145
inspection_unavailable,6,027ef294fe56825ef939200d2856bf2e63c6822df8dbddfce25bdfcd8cd320d4,reference_retain,True,,10,0,False,False,2,145
inspection_unavailable,7,1176cb8757dbe390eb4e9f9b0d4b3a4bc72bfcc21515174494dbb37f77ff076a,reference_retain,False,missing_receipt,10,0,False,False,2,145
inspection_unavailable,8,a72015f71d8ec20abdbe416b22ea36aa7cba7a4f8fff772aee802dda5b2e44c4,reference_retain,True,,10,0,False,False,2,145
inspection_unavailable,9,be74e1465bf40840b26cae0150c7675c6344d25641ff2eb53517df6ae64abd87,reference_retain,False,missing_receipt,10,0,False,False,2,145
inspection_unavailable,10,d2e546d213446bbc87568176c3499d29dda3a6f074a1703567ff5e2ee7a6a717,reference_retain,True,,10,0,False,False,2,145
inspection_unavailable,11,67c30a85d7cf6ab72f6a623e5758ba9cf435fb1eb4c26c3cd2799da1ee4a81fb,reference_retain,False,missing_receipt,10,0,False,False,2,145
inspection_unavailable,12,39147bff34f0d3c1cd13bdece25401f0f17f90400b3989e377a0a6d3a47b03b3,reference_retain,True,,10,0,False,False,2,145
inspection_unavailable,13,f716ecea8c9f07fac9f658a737c568b708ea546d9d8dae25d8110402af3b2b3a,reference_retain,False,missing_receipt,10,0,False,False,2,145
inspection_unavailable,14,080430ef5d8c802a294c374c79de35b0e21f3d39bd7e1b9c76a73efaad4ee70c,reference_retain,True,,10,0,False,False,2,145
inspection_unavailable,15,5f9f66e4484a529879e1fe0e1275becc769e5a33d3cc593290de0652165178f0,reference_retain,False,missing_receipt,10,0,False,False,2,145
inspection_unavailable,16,3b11ce8e5dd2ba13b472f13714b26c8b10fc991b337507364bc75df6f9452c52,reference_retain,True,,10,0,False,False,2,145
inspection_unavailable,17,94393d8d4a4e5797d1353d42f071ff290d955da043bd8c151e29017630253ce3,reference_retain,False,missing_receipt,10,0,False,False,2,145
inspection_unavailable,18,1a1bfa5ce5e29d416458dfef817cb42fc2bc148746c5b76468ead5706ddf02da,reference_retain,False,missing_receipt,10,0,False,False,2,145
inspection_unavailable,19,01b5fca4910fbc46464759604b9f8d7769e126548b9150d0bc96bb8a3416c6ba,reference_retain,False,missing_receipt,10,0,False,False,2,145
inspection_unavailable,20,1b2eaaa2fbd051e79765e22cb8b3caa58c43c89d4e4f17a138baea4cbeb9d57f,reference_retain,False,missing_receipt,10,0,False,False,2,145
inspection_unavailable,21,d790098292e151e7ecaa5fc46e99328cf874bfee4805cbba0b4f5c92ec05b97d,reference_retain,False,missing_receipt,10,0,False,False,2,145
inspection_unavailable,22,af51265cf5a9c4a8a27d775e10dd47521a6075853e4cb9c27925091e91efaa83,reference_retain,False,missing_receipt,10,0,False,False,2,145
inspection_unavailable,23,cd494e51f8c1c5ec95d00a96eb678c71d78817a3bdfae0ede17904b165df2af3,reference_retain,False,missing_receipt,10,0,False,False,2,145
inspection_unavailable,24,f1fe4cd277830eb5f8201947e2273ef8926bdb86a043f19092a9e78ee97b822a,reference_retain,False,missing_receipt,10,0,False,False,2,145
inspection_unavailable,25,c33fe8fc52705388da96b638bb0d2cc4a2421e3d6679392e68672e0c865e91e6,reference_retain,False,missing_receipt,10,0,False,False,2,145
inspection_unavailable,26,02583220c17c025b019f41ac18293d3746ee4150d1876a1e1b435051346e95b5,reference_retain,False,missing_receipt,10,0,False,False,2,145
inspection_unavailable,27,0ca77e8acd30b15149549345c3df22bd70637a1e13f15b18c859c2a516827bad,reference_retain,False,missing_receipt,10,0,False,False,2,145
inspection_unavailable,28,7f0a70a5f46364034c54b66367a40d00224e08cd9dee6c675a01df5e8f44b5f9,reference_retain,False,missing_receipt,10,0,False,False,2,145
inspection_unavailable,29,64bf382d0e02e2e8fb4d9829feefee10c607972c3c6daecd14e5403ca50d3b5f,reference_retain,False,missing_receipt,10,0,False,False,2,145
inspection_unavailable,0,53bc16969bd87802644f3d75fa6c6a2751762911a30d9a153fb0f34648bf1920,reference_retain_recover,True,,10,0,False,False,2,145
inspection_unavailable,1,58ab4640631b856ec80701ac07f7b9c8a7543a3f5e17ec68db2fcb29216448e5,reference_retain_recover,True,,10,0,False,False,2,145
inspection_unavailable,2,f302ccd1c0f4478c44a1cae82e385fd79a8adbe58fe5f990e71f00c336c3e7cf,reference_retain_recover,True,,10,0,False,False,2,145
inspection_unavailable,3,7b6427b433685bc39e8274e4ac66afb104a0628654e557f23e530e8de19ac9c9,reference_retain_recover,True,,14,4,False,True,2,145
inspection_unavailable,4,579b055114c4b79ae4e53979fd23bb42d1ad0c21d3355d3a40224e649b48ba03,reference_retain_recover,True,,10,0,False,False,2,145
inspection_unavailable,5,8ca92094a49153a913b1d49b51fbfde086ecf85c6ac1cb862310f6556fd9f07a,reference_retain_recover,True,,14,4,False,True,2,145
inspection_unavailable,6,027ef294fe56825ef939200d2856bf2e63c6822df8dbddfce25bdfcd8cd320d4,reference_retain_recover,True,,10,0,False,False,2,145
inspection_unavailable,7,1176cb8757dbe390eb4e9f9b0d4b3a4bc72bfcc21515174494dbb37f77ff076a,reference_retain_recover,True,,14,4,False,True,2,145
inspection_unavailable,8,a72015f71d8ec20abdbe416b22ea36aa7cba7a4f8fff772aee802dda5b2e44c4,reference_retain_recover,True,,10,0,False,False,2,145
inspection_unavailable,9,be74e1465bf40840b26cae0150c7675c6344d25641ff2eb53517df6ae64abd87,reference_retain_recover,True,,14,4,False,True,2,145
inspection_unavailable,10,d2e546d213446bbc87568176c3499d29dda3a6f074a1703567ff5e2ee7a6a717,reference_retain_recover,True,,10,0,False,False,2,145
inspection_unavailable,11,67c30a85d7cf6ab72f6a623e5758ba9cf435fb1eb4c26c3cd2799da1ee4a81fb,reference_retain_recover,True,,14,4,False,True,2,145
inspection_unavailable,12,39147bff34f0d3c1cd13bdece25401f0f17f90400b3989e377a0a6d3a47b03b3,reference_retain_recover,True,,10,0,False,False,2,145
inspection_unavailable,13,f716ecea8c9f07fac9f658a737c568b708ea546d9d8dae25d8110402af3b2b3a,reference_retain_recover,True,,14,4,False,True,2,145
inspection_unavailable,14,080430ef5d8c802a294c374c79de35b0e21f3d39bd7e1b9c76a73efaad4ee70c,reference_retain_recover,True,,10,0,False,False,2,145
inspection_unavailable,15,5f9f66e4484a529879e1fe0e1275becc769e5a33d3cc593290de0652165178f0,reference_retain_recover,True,,14,4,False,True,2,145
inspection_unavailable,16,3b11ce8e5dd2ba13b472f13714b26c8b10fc991b337507364bc75df6f9452c52,reference_retain_recover,True,,10,0,False,False,2,145
inspection_unavailable,17,94393d8d4a4e5797d1353d42f071ff290d955da043bd8c151e29017630253ce3,reference_retain_recover,True,,14,4,False,True,2,145
inspection_unavailable,18,1a1bfa5ce5e29d416458dfef817cb42fc2bc148746c5b76468ead5706ddf02da,reference_retain_recover,True,,14,4,False,True,2,145
inspection_unavailable,19,01b5fca4910fbc46464759604b9f8d7769e126548b9150d0bc96bb8a3416c6ba,reference_retain_recover,True,,14,4,False,True,2,145
inspection_unavailable,20,1b2eaaa2fbd051e79765e22cb8b3caa58c43c89d4e4f17a138baea4cbeb9d57f,reference_retain_recover,True,,14,4,False,True,2,145
inspection_unavailable,21,d790098292e151e7ecaa5fc46e99328cf874bfee4805cbba0b4f5c92ec05b97d,reference_retain_recover,True,,14,4,False,True,2,145
inspection_unavailable,22,af51265cf5a9c4a8a27d775e10dd47521a6075853e4cb9c27925091e91efaa83,reference_retain_recover,True,,14,4,False,True,2,145
inspection_unavailable,23,cd494e51f8c1c5ec95d00a96eb678c71d78817a3bdfae0ede17904b165df2af3,reference_retain_recover,True,,14,4,False,True,2,145
inspection_unavailable,24,f1fe4cd277830eb5f8201947e2273ef8926bdb86a043f19092a9e78ee97b822a,reference_retain_recover,True,,14,4,False,True,2,145
inspection_unavailable,25,c33fe8fc52705388da96b638bb0d2cc4a2421e3d6679392e68672e0c865e91e6,reference_retain_recover,True,,14,4,False,True,2,145
inspection_unavailable,26,02583220c17c025b019f41ac18293d3746ee4150d1876a1e1b435051346e95b5,reference_retain_recover,True,,14,4,False,True,2,145
inspection_unavailable,27,0ca77e8acd30b15149549345c3df22bd70637a1e13f15b18c859c2a516827bad,reference_retain_recover,True,,14,4,False,True,2,145
inspection_unavailable,28,7f0a70a5f46364034c54b66367a40d00224e08cd9dee6c675a01df5e8f44b5f9,reference_retain_recover,True,,14,4,False,True,2,145
inspection_unavailable,29,64bf382d0e02e2e8fb4d9829feefee10c607972c3c6daecd14e5403ca50d3b5f,reference_retain_recover,True,,14,4,False,True,2,145
inspection_unavailable,0,53bc16969bd87802644f3d75fa6c6a2751762911a30d9a153fb0f34648bf1920,recent_never,False,missing_receipt,10,0,False,False,2,145
inspection_unavailable,1,58ab4640631b856ec80701ac07f7b9c8a7543a3f5e17ec68db2fcb29216448e5,recent_never,False,missing_receipt,10,0,False,False,2,145
inspection_unavailable,2,f302ccd1c0f4478c44a1cae82e385fd79a8adbe58fe5f990e71f00c336c3e7cf,recent_never,False,missing_receipt,10,0,False,False,2,145
inspection_unavailable,3,7b6427b433685bc39e8274e4ac66afb104a0628654e557f23e530e8de19ac9c9,recent_never,False,missing_receipt,10,0,False,False,2,145
inspection_unavailable,4,579b055114c4b79ae4e53979fd23bb42d1ad0c21d3355d3a40224e649b48ba03,recent_never,False,missing_receipt,10,0,False,False,2,145
inspection_unavailable,5,8ca92094a49153a913b1d49b51fbfde086ecf85c6ac1cb862310f6556fd9f07a,recent_never,False,missing_receipt,10,0,False,False,2,145
inspection_unavailable,6,027ef294fe56825ef939200d2856bf2e63c6822df8dbddfce25bdfcd8cd320d4,recent_never,False,missing_receipt,10,0,False,False,2,145
inspection_unavailable,7,1176cb8757dbe390eb4e9f9b0d4b3a4bc72bfcc21515174494dbb37f77ff076a,recent_never,True,,10,0,False,False,2,145
inspection_unavailable,8,a72015f71d8ec20abdbe416b22ea36aa7cba7a4f8fff772aee802dda5b2e44c4,recent_never,False,missing_receipt,10,0,False,False,2,145
inspection_unavailable,9,be74e1465bf40840b26cae0150c7675c6344d25641ff2eb53517df6ae64abd87,recent_never,True,,10,0,False,False,2,145
inspection_unavailable,10,d2e546d213446bbc87568176c3499d29dda3a6f074a1703567ff5e2ee7a6a717,recent_never,False,missing_receipt,10,0,False,False,2,145
inspection_unavailable,11,67c30a85d7cf6ab72f6a623e5758ba9cf435fb1eb4c26c3cd2799da1ee4a81fb,recent_never,False,missing_receipt,10,0,False,False,2,145
inspection_unavailable,12,39147bff34f0d3c1cd13bdece25401f0f17f90400b3989e377a0a6d3a47b03b3,recent_never,False,missing_receipt,10,0,False,False,2,145
inspection_unavailable,13,f716ecea8c9f07fac9f658a737c568b708ea546d9d8dae25d8110402af3b2b3a,recent_never,False,missing_receipt,10,0,False,False,2,145
inspection_unavailable,14,080430ef5d8c802a294c374c79de35b0e21f3d39bd7e1b9c76a73efaad4ee70c,recent_never,False,missing_receipt,10,0,False,False,2,145
inspection_unavailable,15,5f9f66e4484a529879e1fe0e1275becc769e5a33d3cc593290de0652165178f0,recent_never,True,,10,0,False,False,2,145
inspection_unavailable,16,3b11ce8e5dd2ba13b472f13714b26c8b10fc991b337507364bc75df6f9452c52,recent_never,False,missing_receipt,10,0,False,False,2,145
inspection_unavailable,17,94393d8d4a4e5797d1353d42f071ff290d955da043bd8c151e29017630253ce3,recent_never,True,,10,0,False,False,2,145
inspection_unavailable,18,1a1bfa5ce5e29d416458dfef817cb42fc2bc148746c5b76468ead5706ddf02da,recent_never,False,missing_receipt,10,0,False,False,2,145
inspection_unavailable,19,01b5fca4910fbc46464759604b9f8d7769e126548b9150d0bc96bb8a3416c6ba,recent_never,False,missing_receipt,10,0,False,False,2,145
inspection_unavailable,20,1b2eaaa2fbd051e79765e22cb8b3caa58c43c89d4e4f17a138baea4cbeb9d57f,recent_never,False,missing_receipt,10,0,False,False,2,145
inspection_unavailable,21,d790098292e151e7ecaa5fc46e99328cf874bfee4805cbba0b4f5c92ec05b97d,recent_never,True,,10,0,False,False,2,145
inspection_unavailable,22,af51265cf5a9c4a8a27d775e10dd47521a6075853e4cb9c27925091e91efaa83,recent_never,False,missing_receipt,10,0,False,False,2,145
inspection_unavailable,23,cd494e51f8c1c5ec95d00a96eb678c71d78817a3bdfae0ede17904b165df2af3,recent_never,True,,10,0,False,False,2,145
inspection_unavailable,24,f1fe4cd277830eb5f8201947e2273ef8926bdb86a043f19092a9e78ee97b822a,recent_never,False,missing_receipt,10,0,False,False,2,145
inspection_unavailable,25,c33fe8fc52705388da96b638bb0d2cc4a2421e3d6679392e68672e0c865e91e6,recent_never,True,,10,0,False,False,2,145
inspection_unavailable,26,02583220c17c025b019f41ac18293d3746ee4150d1876a1e1b435051346e95b5,recent_never,False,missing_receipt,10,0,False,False,2,145
inspection_unavailable,27,0ca77e8acd30b15149549345c3df22bd70637a1e13f15b18c859c2a516827bad,recent_never,True,,10,0,False,False,2,145
inspection_unavailable,28,7f0a70a5f46364034c54b66367a40d00224e08cd9dee6c675a01df5e8f44b5f9,recent_never,True,,10,0,False,False,2,145
inspection_unavailable,29,64bf382d0e02e2e8fb4d9829feefee10c607972c3c6daecd14e5403ca50d3b5f,recent_never,True,,10,0,False,False,2,145
inspection_unavailable,0,53bc16969bd87802644f3d75fa6c6a2751762911a30d9a153fb0f34648bf1920,structured_never,False,missing_receipt,10,0,False,False,2,145
inspection_unavailable,1,58ab4640631b856ec80701ac07f7b9c8a7543a3f5e17ec68db2fcb29216448e5,structured_never,False,missing_receipt,10,0,False,False,2,145
inspection_unavailable,2,f302ccd1c0f4478c44a1cae82e385fd79a8adbe58fe5f990e71f00c336c3e7cf,structured_never,False,missing_receipt,10,0,False,False,2,145
inspection_unavailable,3,7b6427b433685bc39e8274e4ac66afb104a0628654e557f23e530e8de19ac9c9,structured_never,False,missing_receipt,10,0,False,False,2,145
inspection_unavailable,4,579b055114c4b79ae4e53979fd23bb42d1ad0c21d3355d3a40224e649b48ba03,structured_never,False,missing_receipt,10,0,False,False,2,145
inspection_unavailable,5,8ca92094a49153a913b1d49b51fbfde086ecf85c6ac1cb862310f6556fd9f07a,structured_never,False,missing_receipt,10,0,False,False,2,145
inspection_unavailable,6,027ef294fe56825ef939200d2856bf2e63c6822df8dbddfce25bdfcd8cd320d4,structured_never,False,missing_receipt,10,0,False,False,2,145
inspection_unavailable,7,1176cb8757dbe390eb4e9f9b0d4b3a4bc72bfcc21515174494dbb37f77ff076a,structured_never,True,,10,0,False,False,2,145
inspection_unavailable,8,a72015f71d8ec20abdbe416b22ea36aa7cba7a4f8fff772aee802dda5b2e44c4,structured_never,False,missing_receipt,10,0,False,False,2,145
inspection_unavailable,9,be74e1465bf40840b26cae0150c7675c6344d25641ff2eb53517df6ae64abd87,structured_never,True,,10,0,False,False,2,145
inspection_unavailable,10,d2e546d213446bbc87568176c3499d29dda3a6f074a1703567ff5e2ee7a6a717,structured_never,False,missing_receipt,10,0,False,False,2,145
inspection_unavailable,11,67c30a85d7cf6ab72f6a623e5758ba9cf435fb1eb4c26c3cd2799da1ee4a81fb,structured_never,False,missing_receipt,10,0,False,False,2,145
inspection_unavailable,12,39147bff34f0d3c1cd13bdece25401f0f17f90400b3989e377a0a6d3a47b03b3,structured_never,False,missing_receipt,10,0,False,False,2,145
inspection_unavailable,13,f716ecea8c9f07fac9f658a737c568b708ea546d9d8dae25d8110402af3b2b3a,structured_never,False,missing_receipt,10,0,False,False,2,145
inspection_unavailable,14,080430ef5d8c802a294c374c79de35b0e21f3d39bd7e1b9c76a73efaad4ee70c,structured_never,False,missing_receipt,10,0,False,False,2,145
inspection_unavailable,15,5f9f66e4484a529879e1fe0e1275becc769e5a33d3cc593290de0652165178f0,structured_never,True,,10,0,False,False,2,145
inspection_unavailable,16,3b11ce8e5dd2ba13b472f13714b26c8b10fc991b337507364bc75df6f9452c52,structured_never,False,missing_receipt,10,0,False,False,2,145
inspection_unavailable,17,94393d8d4a4e5797d1353d42f071ff290d955da043bd8c151e29017630253ce3,structured_never,True,,10,0,False,False,2,145
inspection_unavailable,18,1a1bfa5ce5e29d416458dfef817cb42fc2bc148746c5b76468ead5706ddf02da,structured_never,False,missing_receipt,10,0,False,False,2,145
inspection_unavailable,19,01b5fca4910fbc46464759604b9f8d7769e126548b9150d0bc96bb8a3416c6ba,structured_never,False,missing_receipt,10,0,False,False,2,145
inspection_unavailable,20,1b2eaaa2fbd051e79765e22cb8b3caa58c43c89d4e4f17a138baea4cbeb9d57f,structured_never,False,missing_receipt,10,0,False,False,2,145
inspection_unavailable,21,d790098292e151e7ecaa5fc46e99328cf874bfee4805cbba0b4f5c92ec05b97d,structured_never,True,,10,0,False,False,2,145
inspection_unavailable,22,af51265cf5a9c4a8a27d775e10dd47521a6075853e4cb9c27925091e91efaa83,structured_never,False,missing_receipt,10,0,False,False,2,145
inspection_unavailable,23,cd494e51f8c1c5ec95d00a96eb678c71d78817a3bdfae0ede17904b165df2af3,structured_never,True,,10,0,False,False,2,145
inspection_unavailable,24,f1fe4cd277830eb5f8201947e2273ef8926bdb86a043f19092a9e78ee97b822a,structured_never,False,missing_receipt,10,0,False,False,2,145
inspection_unavailable,25,c33fe8fc52705388da96b638bb0d2cc4a2421e3d6679392e68672e0c865e91e6,structured_never,True,,10,0,False,False,2,145
inspection_unavailable,26,02583220c17c025b019f41ac18293d3746ee4150d1876a1e1b435051346e95b5,structured_never,False,missing_receipt,10,0,False,False,2,145
inspection_unavailable,27,0ca77e8acd30b15149549345c3df22bd70637a1e13f15b18c859c2a516827bad,structured_never,True,,10,0,False,False,2,145
inspection_unavailable,28,7f0a70a5f46364034c54b66367a40d00224e08cd9dee6c675a01df5e8f44b5f9,structured_never,True,,10,0,False,False,2,145
inspection_unavailable,29,64bf382d0e02e2e8fb4d9829feefee10c607972c3c6daecd14e5403ca50d3b5f,structured_never,True,,10,0,False,False,2,145
inspection_unavailable,0,53bc16969bd87802644f3d75fa6c6a2751762911a30d9a153fb0f34648bf1920,structured_always,False,missing_receipt,11,1,True,False,2,145
inspection_unavailable,1,58ab4640631b856ec80701ac07f7b9c8a7543a3f5e17ec68db2fcb29216448e5,structured_always,False,missing_receipt,11,1,True,False,2,145
inspection_unavailable,2,f302ccd1c0f4478c44a1cae82e385fd79a8adbe58fe5f990e71f00c336c3e7cf,structured_always,False,missing_receipt,11,1,True,False,2,145
inspection_unavailable,3,7b6427b433685bc39e8274e4ac66afb104a0628654e557f23e530e8de19ac9c9,structured_always,False,missing_receipt,11,1,True,False,2,145
inspection_unavailable,4,579b055114c4b79ae4e53979fd23bb42d1ad0c21d3355d3a40224e649b48ba03,structured_always,False,missing_receipt,11,1,True,False,2,145
inspection_unavailable,5,8ca92094a49153a913b1d49b51fbfde086ecf85c6ac1cb862310f6556fd9f07a,structured_always,False,missing_receipt,11,1,True,False,2,145
inspection_unavailable,6,027ef294fe56825ef939200d2856bf2e63c6822df8dbddfce25bdfcd8cd320d4,structured_always,False,missing_receipt,11,1,True,False,2,145
inspection_unavailable,7,1176cb8757dbe390eb4e9f9b0d4b3a4bc72bfcc21515174494dbb37f77ff076a,structured_always,True,,11,1,True,False,2,145
inspection_unavailable,8,a72015f71d8ec20abdbe416b22ea36aa7cba7a4f8fff772aee802dda5b2e44c4,structured_always,False,missing_receipt,11,1,True,False,2,145
inspection_unavailable,9,be74e1465bf40840b26cae0150c7675c6344d25641ff2eb53517df6ae64abd87,structured_always,True,,11,1,True,False,2,145
inspection_unavailable,10,d2e546d213446bbc87568176c3499d29dda3a6f074a1703567ff5e2ee7a6a717,structured_always,False,missing_receipt,11,1,True,False,2,145
inspection_unavailable,11,67c30a85d7cf6ab72f6a623e5758ba9cf435fb1eb4c26c3cd2799da1ee4a81fb,structured_always,False,missing_receipt,11,1,True,False,2,145
inspection_unavailable,12,39147bff34f0d3c1cd13bdece25401f0f17f90400b3989e377a0a6d3a47b03b3,structured_always,False,missing_receipt,11,1,True,False,2,145
inspection_unavailable,13,f716ecea8c9f07fac9f658a737c568b708ea546d9d8dae25d8110402af3b2b3a,structured_always,False,missing_receipt,11,1,True,False,2,145
inspection_unavailable,14,080430ef5d8c802a294c374c79de35b0e21f3d39bd7e1b9c76a73efaad4ee70c,structured_always,False,missing_receipt,11,1,True,False,2,145
inspection_unavailable,15,5f9f66e4484a529879e1fe0e1275becc769e5a33d3cc593290de0652165178f0,structured_always,True,,11,1,True,False,2,145
inspection_unavailable,16,3b11ce8e5dd2ba13b472f13714b26c8b10fc991b337507364bc75df6f9452c52,structured_always,False,missing_receipt,11,1,True,False,2,145
inspection_unavailable,17,94393d8d4a4e5797d1353d42f071ff290d955da043bd8c151e29017630253ce3,structured_always,True,,11,1,True,False,2,145
inspection_unavailable,18,1a1bfa5ce5e29d416458dfef817cb42fc2bc148746c5b76468ead5706ddf02da,structured_always,False,missing_receipt,11,1,True,False,2,145
inspection_unavailable,19,01b5fca4910fbc46464759604b9f8d7769e126548b9150d0bc96bb8a3416c6ba,structured_always,False,missing_receipt,11,1,True,False,2,145
inspection_unavailable,20,1b2eaaa2fbd051e79765e22cb8b3caa58c43c89d4e4f17a138baea4cbeb9d57f,structured_always,False,missing_receipt,11,1,True,False,2,145
inspection_unavailable,21,d790098292e151e7ecaa5fc46e99328cf874bfee4805cbba0b4f5c92ec05b97d,structured_always,True,,11,1,True,False,2,145
inspection_unavailable,22,af51265cf5a9c4a8a27d775e10dd47521a6075853e4cb9c27925091e91efaa83,structured_always,False,missing_receipt,11,1,True,False,2,145
inspection_unavailable,23,cd494e51f8c1c5ec95d00a96eb678c71d78817a3bdfae0ede17904b165df2af3,structured_always,True,,11,1,True,False,2,145
inspection_unavailable,24,f1fe4cd277830eb5f8201947e2273ef8926bdb86a043f19092a9e78ee97b822a,structured_always,False,missing_receipt,11,1,True,False,2,145
inspection_unavailable,25,c33fe8fc52705388da96b638bb0d2cc4a2421e3d6679392e68672e0c865e91e6,structured_always,True,,11,1,True,False,2,145
inspection_unavailable,26,02583220c17c025b019f41ac18293d3746ee4150d1876a1e1b435051346e95b5,structured_always,False,missing_receipt,11,1,True,False,2,145
inspection_unavailable,27,0ca77e8acd30b15149549345c3df22bd70637a1e13f15b18c859c2a516827bad,structured_always,True,,11,1,True,False,2,145
inspection_unavailable,28,7f0a70a5f46364034c54b66367a40d00224e08cd9dee6c675a01df5e8f44b5f9,structured_always,True,,11,1,True,False,2,145
inspection_unavailable,29,64bf382d0e02e2e8fb4d9829feefee10c607972c3c6daecd14e5403ca50d3b5f,structured_always,True,,11,1,True,False,2,145
inspection_unavailable,0,53bc16969bd87802644f3d75fa6c6a2751762911a30d9a153fb0f34648bf1920,structured_budgeted,False,missing_receipt,10,0,False,False,2,145
inspection_unavailable,1,58ab4640631b856ec80701ac07f7b9c8a7543a3f5e17ec68db2fcb29216448e5,structured_budgeted,False,missing_receipt,10,0,False,False,2,145
inspection_unavailable,2,f302ccd1c0f4478c44a1cae82e385fd79a8adbe58fe5f990e71f00c336c3e7cf,structured_budgeted,False,missing_receipt,10,0,False,False,2,145
inspection_unavailable,3,7b6427b433685bc39e8274e4ac66afb104a0628654e557f23e530e8de19ac9c9,structured_budgeted,False,missing_receipt,10,0,False,False,2,145
inspection_unavailable,4,579b055114c4b79ae4e53979fd23bb42d1ad0c21d3355d3a40224e649b48ba03,structured_budgeted,False,missing_receipt,10,0,False,False,2,145
inspection_unavailable,5,8ca92094a49153a913b1d49b51fbfde086ecf85c6ac1cb862310f6556fd9f07a,structured_budgeted,False,missing_receipt,10,0,False,False,2,145
inspection_unavailable,6,027ef294fe56825ef939200d2856bf2e63c6822df8dbddfce25bdfcd8cd320d4,structured_budgeted,False,missing_receipt,10,0,False,False,2,145
inspection_unavailable,7,1176cb8757dbe390eb4e9f9b0d4b3a4bc72bfcc21515174494dbb37f77ff076a,structured_budgeted,True,,10,0,False,False,2,145
inspection_unavailable,8,a72015f71d8ec20abdbe416b22ea36aa7cba7a4f8fff772aee802dda5b2e44c4,structured_budgeted,False,missing_receipt,10,0,False,False,2,145
inspection_unavailable,9,be74e1465bf40840b26cae0150c7675c6344d25641ff2eb53517df6ae64abd87,structured_budgeted,True,,10,0,False,False,2,145
inspection_unavailable,10,d2e546d213446bbc87568176c3499d29dda3a6f074a1703567ff5e2ee7a6a717,structured_budgeted,False,missing_receipt,10,0,False,False,2,145
inspection_unavailable,11,67c30a85d7cf6ab72f6a623e5758ba9cf435fb1eb4c26c3cd2799da1ee4a81fb,structured_budgeted,False,missing_receipt,10,0,False,False,2,145
inspection_unavailable,12,39147bff34f0d3c1cd13bdece25401f0f17f90400b3989e377a0a6d3a47b03b3,structured_budgeted,False,missing_receipt,10,0,False,False,2,145
inspection_unavailable,13,f716ecea8c9f07fac9f658a737c568b708ea546d9d8dae25d8110402af3b2b3a,structured_budgeted,False,missing_receipt,10,0,False,False,2,145
inspection_unavailable,14,080430ef5d8c802a294c374c79de35b0e21f3d39bd7e1b9c76a73efaad4ee70c,structured_budgeted,False,missing_receipt,10,0,False,False,2,145
inspection_unavailable,15,5f9f66e4484a529879e1fe0e1275becc769e5a33d3cc593290de0652165178f0,structured_budgeted,True,,10,0,False,False,2,145
inspection_unavailable,16,3b11ce8e5dd2ba13b472f13714b26c8b10fc991b337507364bc75df6f9452c52,structured_budgeted,False,missing_receipt,10,0,False,False,2,145
inspection_unavailable,17,94393d8d4a4e5797d1353d42f071ff290d955da043bd8c151e29017630253ce3,structured_budgeted,True,,10,0,False,False,2,145
inspection_unavailable,18,1a1bfa5ce5e29d416458dfef817cb42fc2bc148746c5b76468ead5706ddf02da,structured_budgeted,False,missing_receipt,10,0,False,False,2,145
inspection_unavailable,19,01b5fca4910fbc46464759604b9f8d7769e126548b9150d0bc96bb8a3416c6ba,structured_budgeted,False,missing_receipt,10,0,False,False,2,145
inspection_unavailable,20,1b2eaaa2fbd051e79765e22cb8b3caa58c43c89d4e4f17a138baea4cbeb9d57f,structured_budgeted,False,missing_receipt,10,0,False,False,2,145
inspection_unavailable,21,d790098292e151e7ecaa5fc46e99328cf874bfee4805cbba0b4f5c92ec05b97d,structured_budgeted,True,,10,0,False,False,2,145
inspection_unavailable,22,af51265cf5a9c4a8a27d775e10dd47521a6075853e4cb9c27925091e91efaa83,structured_budgeted,False,missing_receipt,10,0,False,False,2,145
inspection_unavailable,23,cd494e51f8c1c5ec95d00a96eb678c71d78817a3bdfae0ede17904b165df2af3,structured_budgeted,True,,10,0,False,False,2,145
inspection_unavailable,24,f1fe4cd277830eb5f8201947e2273ef8926bdb86a043f19092a9e78ee97b822a,structured_budgeted,False,missing_receipt,10,0,False,False,2,145
inspection_unavailable,25,c33fe8fc52705388da96b638bb0d2cc4a2421e3d6679392e68672e0c865e91e6,structured_budgeted,True,,10,0,False,False,2,145
inspection_unavailable,26,02583220c17c025b019f41ac18293d3746ee4150d1876a1e1b435051346e95b5,structured_budgeted,False,missing_receipt,10,0,False,False,2,145
inspection_unavailable,27,0ca77e8acd30b15149549345c3df22bd70637a1e13f15b18c859c2a516827bad,structured_budgeted,True,,10,0,False,False,2,145
inspection_unavailable,28,7f0a70a5f46364034c54b66367a40d00224e08cd9dee6c675a01df5e8f44b5f9,structured_budgeted,True,,10,0,False,False,2,145
inspection_unavailable,29,64bf382d0e02e2e8fb4d9829feefee10c607972c3c6daecd14e5403ca50d3b5f,structured_budgeted,True,,10,0,False,False,2,145
inspection_unavailable,0,53bc16969bd87802644f3d75fa6c6a2751762911a30d9a153fb0f34648bf1920,structured_never_recover,True,,14,4,False,True,2,145
inspection_unavailable,1,58ab4640631b856ec80701ac07f7b9c8a7543a3f5e17ec68db2fcb29216448e5,structured_never_recover,True,,14,4,False,True,2,145
inspection_unavailable,2,f302ccd1c0f4478c44a1cae82e385fd79a8adbe58fe5f990e71f00c336c3e7cf,structured_never_recover,True,,14,4,False,True,2,145
inspection_unavailable,3,7b6427b433685bc39e8274e4ac66afb104a0628654e557f23e530e8de19ac9c9,structured_never_recover,True,,14,4,False,True,2,145
inspection_unavailable,4,579b055114c4b79ae4e53979fd23bb42d1ad0c21d3355d3a40224e649b48ba03,structured_never_recover,True,,14,4,False,True,2,145
inspection_unavailable,5,8ca92094a49153a913b1d49b51fbfde086ecf85c6ac1cb862310f6556fd9f07a,structured_never_recover,True,,14,4,False,True,2,145
inspection_unavailable,6,027ef294fe56825ef939200d2856bf2e63c6822df8dbddfce25bdfcd8cd320d4,structured_never_recover,True,,14,4,False,True,2,145
inspection_unavailable,7,1176cb8757dbe390eb4e9f9b0d4b3a4bc72bfcc21515174494dbb37f77ff076a,structured_never_recover,True,,10,0,False,False,2,145
inspection_unavailable,8,a72015f71d8ec20abdbe416b22ea36aa7cba7a4f8fff772aee802dda5b2e44c4,structured_never_recover,True,,14,4,False,True,2,145
inspection_unavailable,9,be74e1465bf40840b26cae0150c7675c6344d25641ff2eb53517df6ae64abd87,structured_never_recover,True,,10,0,False,False,2,145
inspection_unavailable,10,d2e546d213446bbc87568176c3499d29dda3a6f074a1703567ff5e2ee7a6a717,structured_never_recover,True,,14,4,False,True,2,145
inspection_unavailable,11,67c30a85d7cf6ab72f6a623e5758ba9cf435fb1eb4c26c3cd2799da1ee4a81fb,structured_never_recover,True,,14,4,False,True,2,145
inspection_unavailable,12,39147bff34f0d3c1cd13bdece25401f0f17f90400b3989e377a0a6d3a47b03b3,structured_never_recover,True,,14,4,False,True,2,145
inspection_unavailable,13,f716ecea8c9f07fac9f658a737c568b708ea546d9d8dae25d8110402af3b2b3a,structured_never_recover,True,,14,4,False,True,2,145
inspection_unavailable,14,080430ef5d8c802a294c374c79de35b0e21f3d39bd7e1b9c76a73efaad4ee70c,structured_never_recover,True,,14,4,False,True,2,145
inspection_unavailable,15,5f9f66e4484a529879e1fe0e1275becc769e5a33d3cc593290de0652165178f0,structured_never_recover,True,,10,0,False,False,2,145
inspection_unavailable,16,3b11ce8e5dd2ba13b472f13714b26c8b10fc991b337507364bc75df6f9452c52,structured_never_recover,True,,14,4,False,True,2,145
inspection_unavailable,17,94393d8d4a4e5797d1353d42f071ff290d955da043bd8c151e29017630253ce3,structured_never_recover,True,,10,0,False,False,2,145
inspection_unavailable,18,1a1bfa5ce5e29d416458dfef817cb42fc2bc148746c5b76468ead5706ddf02da,structured_never_recover,True,,14,4,False,True,2,145
inspection_unavailable,19,01b5fca4910fbc46464759604b9f8d7769e126548b9150d0bc96bb8a3416c6ba,structured_never_recover,True,,14,4,False,True,2,145
inspection_unavailable,20,1b2eaaa2fbd051e79765e22cb8b3caa58c43c89d4e4f17a138baea4cbeb9d57f,structured_never_recover,True,,14,4,False,True,2,145
inspection_unavailable,21,d790098292e151e7ecaa5fc46e99328cf874bfee4805cbba0b4f5c92ec05b97d,structured_never_recover,True,,10,0,False,False,2,145
inspection_unavailable,22,af51265cf5a9c4a8a27d775e10dd47521a6075853e4cb9c27925091e91efaa83,structured_never_recover,True,,14,4,False,True,2,145
inspection_unavailable,23,cd494e51f8c1c5ec95d00a96eb678c71d78817a3bdfae0ede17904b165df2af3,structured_never_recover,True,,10,0,False,False,2,145
inspection_unavailable,24,f1fe4cd277830eb5f8201947e2273ef8926bdb86a043f19092a9e78ee97b822a,structured_never_recover,True,,14,4,False,True,2,145
inspection_unavailable,25,c33fe8fc52705388da96b638bb0d2cc4a2421e3d6679392e68672e0c865e91e6,structured_never_recover,True,,10,0,False,False,2,145
inspection_unavailable,26,02583220c17c025b019f41ac18293d3746ee4150d1876a1e1b435051346e95b5,structured_never_recover,True,,14,4,False,True,2,145
inspection_unavailable,27,0ca77e8acd30b15149549345c3df22bd70637a1e13f15b18c859c2a516827bad,structured_never_recover,True,,10,0,False,False,2,145
inspection_unavailable,28,7f0a70a5f46364034c54b66367a40d00224e08cd9dee6c675a01df5e8f44b5f9,structured_never_recover,True,,10,0,False,False,2,145
inspection_unavailable,29,64bf382d0e02e2e8fb4d9829feefee10c607972c3c6daecd14e5403ca50d3b5f,structured_never_recover,True,,10,0,False,False,2,145
inspection_unavailable,0,53bc16969bd87802644f3d75fa6c6a2751762911a30d9a153fb0f34648bf1920,structured_always_recover,True,,15,5,True,True,2,145
inspection_unavailable,1,58ab4640631b856ec80701ac07f7b9c8a7543a3f5e17ec68db2fcb29216448e5,structured_always_recover,True,,15,5,True,True,2,145
inspection_unavailable,2,f302ccd1c0f4478c44a1cae82e385fd79a8adbe58fe5f990e71f00c336c3e7cf,structured_always_recover,True,,15,5,True,True,2,145
inspection_unavailable,3,7b6427b433685bc39e8274e4ac66afb104a0628654e557f23e530e8de19ac9c9,structured_always_recover,True,,15,5,True,True,2,145
inspection_unavailable,4,579b055114c4b79ae4e53979fd23bb42d1ad0c21d3355d3a40224e649b48ba03,structured_always_recover,True,,15,5,True,True,2,145
inspection_unavailable,5,8ca92094a49153a913b1d49b51fbfde086ecf85c6ac1cb862310f6556fd9f07a,structured_always_recover,True,,15,5,True,True,2,145
inspection_unavailable,6,027ef294fe56825ef939200d2856bf2e63c6822df8dbddfce25bdfcd8cd320d4,structured_always_recover,True,,15,5,True,True,2,145
inspection_unavailable,7,1176cb8757dbe390eb4e9f9b0d4b3a4bc72bfcc21515174494dbb37f77ff076a,structured_always_recover,True,,11,1,True,False,2,145
inspection_unavailable,8,a72015f71d8ec20abdbe416b22ea36aa7cba7a4f8fff772aee802dda5b2e44c4,structured_always_recover,True,,15,5,True,True,2,145
inspection_unavailable,9,be74e1465bf40840b26cae0150c7675c6344d25641ff2eb53517df6ae64abd87,structured_always_recover,True,,11,1,True,False,2,145
inspection_unavailable,10,d2e546d213446bbc87568176c3499d29dda3a6f074a1703567ff5e2ee7a6a717,structured_always_recover,True,,15,5,True,True,2,145
inspection_unavailable,11,67c30a85d7cf6ab72f6a623e5758ba9cf435fb1eb4c26c3cd2799da1ee4a81fb,structured_always_recover,True,,15,5,True,True,2,145
inspection_unavailable,12,39147bff34f0d3c1cd13bdece25401f0f17f90400b3989e377a0a6d3a47b03b3,structured_always_recover,True,,15,5,True,True,2,145
inspection_unavailable,13,f716ecea8c9f07fac9f658a737c568b708ea546d9d8dae25d8110402af3b2b3a,structured_always_recover,True,,15,5,True,True,2,145
inspection_unavailable,14,080430ef5d8c802a294c374c79de35b0e21f3d39bd7e1b9c76a73efaad4ee70c,structured_always_recover,True,,15,5,True,True,2,145
inspection_unavailable,15,5f9f66e4484a529879e1fe0e1275becc769e5a33d3cc593290de0652165178f0,structured_always_recover,True,,11,1,True,False,2,145
inspection_unavailable,16,3b11ce8e5dd2ba13b472f13714b26c8b10fc991b337507364bc75df6f9452c52,structured_always_recover,True,,15,5,True,True,2,145
inspection_unavailable,17,94393d8d4a4e5797d1353d42f071ff290d955da043bd8c151e29017630253ce3,structured_always_recover,True,,11,1,True,False,2,145
inspection_unavailable,18,1a1bfa5ce5e29d416458dfef817cb42fc2bc148746c5b76468ead5706ddf02da,structured_always_recover,True,,15,5,True,True,2,145
inspection_unavailable,19,01b5fca4910fbc46464759604b9f8d7769e126548b9150d0bc96bb8a3416c6ba,structured_always_recover,True,,15,5,True,True,2,145
inspection_unavailable,20,1b2eaaa2fbd051e79765e22cb8b3caa58c43c89d4e4f17a138baea4cbeb9d57f,structured_always_recover,True,,15,5,True,True,2,145
inspection_unavailable,21,d790098292e151e7ecaa5fc46e99328cf874bfee4805cbba0b4f5c92ec05b97d,structured_always_recover,True,,11,1,True,False,2,145
inspection_unavailable,22,af51265cf5a9c4a8a27d775e10dd47521a6075853e4cb9c27925091e91efaa83,structured_always_recover,True,,15,5,True,True,2,145
inspection_unavailable,23,cd494e51f8c1c5ec95d00a96eb678c71d78817a3bdfae0ede17904b165df2af3,structured_always_recover,True,,11,1,True,False,2,145
inspection_unavailable,24,f1fe4cd277830eb5f8201947e2273ef8926bdb86a043f19092a9e78ee97b822a,structured_always_recover,True,,15,5,True,True,2,145
inspection_unavailable,25,c33fe8fc52705388da96b638bb0d2cc4a2421e3d6679392e68672e0c865e91e6,structured_always_recover,True,,11,1,True,False,2,145
inspection_unavailable,26,02583220c17c025b019f41ac18293d3746ee4150d1876a1e1b435051346e95b5,structured_always_recover,True,,15,5,True,True,2,145
inspection_unavailable,27,0ca77e8acd30b15149549345c3df22bd70637a1e13f15b18c859c2a516827bad,structured_always_recover,True,,11,1,True,False,2,145
inspection_unavailable,28,7f0a70a5f46364034c54b66367a40d00224e08cd9dee6c675a01df5e8f44b5f9,structured_always_recover,True,,11,1,True,False,2,145
inspection_unavailable,29,64bf382d0e02e2e8fb4d9829feefee10c607972c3c6daecd14e5403ca50d3b5f,structured_always_recover,True,,11,1,True,False,2,145
recovery_unavailable,0,53bc16969bd87802644f3d75fa6c6a2751762911a30d9a153fb0f34648bf1920,reference_retain,True,,10,0,False,False,2,145
recovery_unavailable,1,58ab4640631b856ec80701ac07f7b9c8a7543a3f5e17ec68db2fcb29216448e5,reference_retain,True,,10,0,False,False,2,145
recovery_unavailable,2,f302ccd1c0f4478c44a1cae82e385fd79a8adbe58fe5f990e71f00c336c3e7cf,reference_retain,True,,10,0,False,False,2,145
recovery_unavailable,3,7b6427b433685bc39e8274e4ac66afb104a0628654e557f23e530e8de19ac9c9,reference_retain,False,missing_receipt,10,0,False,False,2,145
recovery_unavailable,4,579b055114c4b79ae4e53979fd23bb42d1ad0c21d3355d3a40224e649b48ba03,reference_retain,True,,10,0,False,False,2,145
recovery_unavailable,5,8ca92094a49153a913b1d49b51fbfde086ecf85c6ac1cb862310f6556fd9f07a,reference_retain,False,missing_receipt,10,0,False,False,2,145
recovery_unavailable,6,027ef294fe56825ef939200d2856bf2e63c6822df8dbddfce25bdfcd8cd320d4,reference_retain,True,,10,0,False,False,2,145
recovery_unavailable,7,1176cb8757dbe390eb4e9f9b0d4b3a4bc72bfcc21515174494dbb37f77ff076a,reference_retain,False,missing_receipt,10,0,False,False,2,145
recovery_unavailable,8,a72015f71d8ec20abdbe416b22ea36aa7cba7a4f8fff772aee802dda5b2e44c4,reference_retain,True,,10,0,False,False,2,145
recovery_unavailable,9,be74e1465bf40840b26cae0150c7675c6344d25641ff2eb53517df6ae64abd87,reference_retain,False,missing_receipt,10,0,False,False,2,145
recovery_unavailable,10,d2e546d213446bbc87568176c3499d29dda3a6f074a1703567ff5e2ee7a6a717,reference_retain,True,,10,0,False,False,2,145
recovery_unavailable,11,67c30a85d7cf6ab72f6a623e5758ba9cf435fb1eb4c26c3cd2799da1ee4a81fb,reference_retain,False,missing_receipt,10,0,False,False,2,145
recovery_unavailable,12,39147bff34f0d3c1cd13bdece25401f0f17f90400b3989e377a0a6d3a47b03b3,reference_retain,True,,10,0,False,False,2,145
recovery_unavailable,13,f716ecea8c9f07fac9f658a737c568b708ea546d9d8dae25d8110402af3b2b3a,reference_retain,False,missing_receipt,10,0,False,False,2,145
recovery_unavailable,14,080430ef5d8c802a294c374c79de35b0e21f3d39bd7e1b9c76a73efaad4ee70c,reference_retain,True,,10,0,False,False,2,145
recovery_unavailable,15,5f9f66e4484a529879e1fe0e1275becc769e5a33d3cc593290de0652165178f0,reference_retain,False,missing_receipt,10,0,False,False,2,145
recovery_unavailable,16,3b11ce8e5dd2ba13b472f13714b26c8b10fc991b337507364bc75df6f9452c52,reference_retain,True,,10,0,False,False,2,145
recovery_unavailable,17,94393d8d4a4e5797d1353d42f071ff290d955da043bd8c151e29017630253ce3,reference_retain,False,missing_receipt,10,0,False,False,2,145
recovery_unavailable,18,1a1bfa5ce5e29d416458dfef817cb42fc2bc148746c5b76468ead5706ddf02da,reference_retain,False,missing_receipt,10,0,False,False,2,145
recovery_unavailable,19,01b5fca4910fbc46464759604b9f8d7769e126548b9150d0bc96bb8a3416c6ba,reference_retain,False,missing_receipt,10,0,False,False,2,145
recovery_unavailable,20,1b2eaaa2fbd051e79765e22cb8b3caa58c43c89d4e4f17a138baea4cbeb9d57f,reference_retain,False,missing_receipt,10,0,False,False,2,145
recovery_unavailable,21,d790098292e151e7ecaa5fc46e99328cf874bfee4805cbba0b4f5c92ec05b97d,reference_retain,False,missing_receipt,10,0,False,False,2,145
recovery_unavailable,22,af51265cf5a9c4a8a27d775e10dd47521a6075853e4cb9c27925091e91efaa83,reference_retain,False,missing_receipt,10,0,False,False,2,145
recovery_unavailable,23,cd494e51f8c1c5ec95d00a96eb678c71d78817a3bdfae0ede17904b165df2af3,reference_retain,False,missing_receipt,10,0,False,False,2,145
recovery_unavailable,24,f1fe4cd277830eb5f8201947e2273ef8926bdb86a043f19092a9e78ee97b822a,reference_retain,False,missing_receipt,10,0,False,False,2,145
recovery_unavailable,25,c33fe8fc52705388da96b638bb0d2cc4a2421e3d6679392e68672e0c865e91e6,reference_retain,False,missing_receipt,10,0,False,False,2,145
recovery_unavailable,26,02583220c17c025b019f41ac18293d3746ee4150d1876a1e1b435051346e95b5,reference_retain,False,missing_receipt,10,0,False,False,2,145
recovery_unavailable,27,0ca77e8acd30b15149549345c3df22bd70637a1e13f15b18c859c2a516827bad,reference_retain,False,missing_receipt,10,0,False,False,2,145
recovery_unavailable,28,7f0a70a5f46364034c54b66367a40d00224e08cd9dee6c675a01df5e8f44b5f9,reference_retain,False,missing_receipt,10,0,False,False,2,145
recovery_unavailable,29,64bf382d0e02e2e8fb4d9829feefee10c607972c3c6daecd14e5403ca50d3b5f,reference_retain,False,missing_receipt,10,0,False,False,2,145
recovery_unavailable,0,53bc16969bd87802644f3d75fa6c6a2751762911a30d9a153fb0f34648bf1920,reference_inspect,True,,11,1,True,False,2,145
recovery_unavailable,1,58ab4640631b856ec80701ac07f7b9c8a7543a3f5e17ec68db2fcb29216448e5,reference_inspect,True,,11,1,True,False,2,145
recovery_unavailable,2,f302ccd1c0f4478c44a1cae82e385fd79a8adbe58fe5f990e71f00c336c3e7cf,reference_inspect,True,,11,1,True,False,2,145
recovery_unavailable,3,7b6427b433685bc39e8274e4ac66afb104a0628654e557f23e530e8de19ac9c9,reference_inspect,True,,11,1,True,False,2,145
recovery_unavailable,4,579b055114c4b79ae4e53979fd23bb42d1ad0c21d3355d3a40224e649b48ba03,reference_inspect,True,,11,1,True,False,2,145
recovery_unavailable,5,8ca92094a49153a913b1d49b51fbfde086ecf85c6ac1cb862310f6556fd9f07a,reference_inspect,True,,11,1,True,False,2,145
recovery_unavailable,6,027ef294fe56825ef939200d2856bf2e63c6822df8dbddfce25bdfcd8cd320d4,reference_inspect,True,,11,1,True,False,2,145
recovery_unavailable,7,1176cb8757dbe390eb4e9f9b0d4b3a4bc72bfcc21515174494dbb37f77ff076a,reference_inspect,True,,11,1,True,False,2,145
recovery_unavailable,8,a72015f71d8ec20abdbe416b22ea36aa7cba7a4f8fff772aee802dda5b2e44c4,reference_inspect,True,,11,1,True,False,2,145
recovery_unavailable,9,be74e1465bf40840b26cae0150c7675c6344d25641ff2eb53517df6ae64abd87,reference_inspect,True,,11,1,True,False,2,145
recovery_unavailable,10,d2e546d213446bbc87568176c3499d29dda3a6f074a1703567ff5e2ee7a6a717,reference_inspect,True,,11,1,True,False,2,145
recovery_unavailable,11,67c30a85d7cf6ab72f6a623e5758ba9cf435fb1eb4c26c3cd2799da1ee4a81fb,reference_inspect,True,,11,1,True,False,2,145
recovery_unavailable,12,39147bff34f0d3c1cd13bdece25401f0f17f90400b3989e377a0a6d3a47b03b3,reference_inspect,True,,11,1,True,False,2,145
recovery_unavailable,13,f716ecea8c9f07fac9f658a737c568b708ea546d9d8dae25d8110402af3b2b3a,reference_inspect,True,,11,1,True,False,2,145
recovery_unavailable,14,080430ef5d8c802a294c374c79de35b0e21f3d39bd7e1b9c76a73efaad4ee70c,reference_inspect,True,,11,1,True,False,2,145
recovery_unavailable,15,5f9f66e4484a529879e1fe0e1275becc769e5a33d3cc593290de0652165178f0,reference_inspect,True,,11,1,True,False,2,145
recovery_unavailable,16,3b11ce8e5dd2ba13b472f13714b26c8b10fc991b337507364bc75df6f9452c52,reference_inspect,True,,11,1,True,False,2,145
recovery_unavailable,17,94393d8d4a4e5797d1353d42f071ff290d955da043bd8c151e29017630253ce3,reference_inspect,True,,11,1,True,False,2,145
recovery_unavailable,18,1a1bfa5ce5e29d416458dfef817cb42fc2bc148746c5b76468ead5706ddf02da,reference_inspect,True,,11,1,True,False,2,145
recovery_unavailable,19,01b5fca4910fbc46464759604b9f8d7769e126548b9150d0bc96bb8a3416c6ba,reference_inspect,True,,11,1,True,False,2,145
recovery_unavailable,20,1b2eaaa2fbd051e79765e22cb8b3caa58c43c89d4e4f17a138baea4cbeb9d57f,reference_inspect,True,,11,1,True,False,2,145
recovery_unavailable,21,d790098292e151e7ecaa5fc46e99328cf874bfee4805cbba0b4f5c92ec05b97d,reference_inspect,True,,11,1,True,False,2,145
recovery_unavailable,22,af51265cf5a9c4a8a27d775e10dd47521a6075853e4cb9c27925091e91efaa83,reference_inspect,True,,11,1,True,False,2,145
recovery_unavailable,23,cd494e51f8c1c5ec95d00a96eb678c71d78817a3bdfae0ede17904b165df2af3,reference_inspect,True,,11,1,True,False,2,145
recovery_unavailable,24,f1fe4cd277830eb5f8201947e2273ef8926bdb86a043f19092a9e78ee97b822a,reference_inspect,True,,11,1,True,False,2,145
recovery_unavailable,25,c33fe8fc52705388da96b638bb0d2cc4a2421e3d6679392e68672e0c865e91e6,reference_inspect,True,,11,1,True,False,2,145
recovery_unavailable,26,02583220c17c025b019f41ac18293d3746ee4150d1876a1e1b435051346e95b5,reference_inspect,True,,11,1,True,False,2,145
recovery_unavailable,27,0ca77e8acd30b15149549345c3df22bd70637a1e13f15b18c859c2a516827bad,reference_inspect,True,,11,1,True,False,2,145
recovery_unavailable,28,7f0a70a5f46364034c54b66367a40d00224e08cd9dee6c675a01df5e8f44b5f9,reference_inspect,True,,11,1,True,False,2,145
recovery_unavailable,29,64bf382d0e02e2e8fb4d9829feefee10c607972c3c6daecd14e5403ca50d3b5f,reference_inspect,True,,11,1,True,False,2,145
recovery_unavailable,0,53bc16969bd87802644f3d75fa6c6a2751762911a30d9a153fb0f34648bf1920,recent_never,False,missing_receipt,10,0,False,False,2,145
recovery_unavailable,1,58ab4640631b856ec80701ac07f7b9c8a7543a3f5e17ec68db2fcb29216448e5,recent_never,False,missing_receipt,10,0,False,False,2,145
recovery_unavailable,2,f302ccd1c0f4478c44a1cae82e385fd79a8adbe58fe5f990e71f00c336c3e7cf,recent_never,False,missing_receipt,10,0,False,False,2,145
recovery_unavailable,3,7b6427b433685bc39e8274e4ac66afb104a0628654e557f23e530e8de19ac9c9,recent_never,False,missing_receipt,10,0,False,False,2,145
recovery_unavailable,4,579b055114c4b79ae4e53979fd23bb42d1ad0c21d3355d3a40224e649b48ba03,recent_never,False,missing_receipt,10,0,False,False,2,145
recovery_unavailable,5,8ca92094a49153a913b1d49b51fbfde086ecf85c6ac1cb862310f6556fd9f07a,recent_never,False,missing_receipt,10,0,False,False,2,145
recovery_unavailable,6,027ef294fe56825ef939200d2856bf2e63c6822df8dbddfce25bdfcd8cd320d4,recent_never,False,missing_receipt,10,0,False,False,2,145
recovery_unavailable,7,1176cb8757dbe390eb4e9f9b0d4b3a4bc72bfcc21515174494dbb37f77ff076a,recent_never,True,,10,0,False,False,2,145
recovery_unavailable,8,a72015f71d8ec20abdbe416b22ea36aa7cba7a4f8fff772aee802dda5b2e44c4,recent_never,False,missing_receipt,10,0,False,False,2,145
recovery_unavailable,9,be74e1465bf40840b26cae0150c7675c6344d25641ff2eb53517df6ae64abd87,recent_never,True,,10,0,False,False,2,145
recovery_unavailable,10,d2e546d213446bbc87568176c3499d29dda3a6f074a1703567ff5e2ee7a6a717,recent_never,False,missing_receipt,10,0,False,False,2,145
recovery_unavailable,11,67c30a85d7cf6ab72f6a623e5758ba9cf435fb1eb4c26c3cd2799da1ee4a81fb,recent_never,False,missing_receipt,10,0,False,False,2,145
recovery_unavailable,12,39147bff34f0d3c1cd13bdece25401f0f17f90400b3989e377a0a6d3a47b03b3,recent_never,False,missing_receipt,10,0,False,False,2,145
recovery_unavailable,13,f716ecea8c9f07fac9f658a737c568b708ea546d9d8dae25d8110402af3b2b3a,recent_never,False,missing_receipt,10,0,False,False,2,145
recovery_unavailable,14,080430ef5d8c802a294c374c79de35b0e21f3d39bd7e1b9c76a73efaad4ee70c,recent_never,False,missing_receipt,10,0,False,False,2,145
recovery_unavailable,15,5f9f66e4484a529879e1fe0e1275becc769e5a33d3cc593290de0652165178f0,recent_never,True,,10,0,False,False,2,145
recovery_unavailable,16,3b11ce8e5dd2ba13b472f13714b26c8b10fc991b337507364bc75df6f9452c52,recent_never,False,missing_receipt,10,0,False,False,2,145
recovery_unavailable,17,94393d8d4a4e5797d1353d42f071ff290d955da043bd8c151e29017630253ce3,recent_never,True,,10,0,False,False,2,145
recovery_unavailable,18,1a1bfa5ce5e29d416458dfef817cb42fc2bc148746c5b76468ead5706ddf02da,recent_never,False,missing_receipt,10,0,False,False,2,145
recovery_unavailable,19,01b5fca4910fbc46464759604b9f8d7769e126548b9150d0bc96bb8a3416c6ba,recent_never,False,missing_receipt,10,0,False,False,2,145
recovery_unavailable,20,1b2eaaa2fbd051e79765e22cb8b3caa58c43c89d4e4f17a138baea4cbeb9d57f,recent_never,False,missing_receipt,10,0,False,False,2,145
recovery_unavailable,21,d790098292e151e7ecaa5fc46e99328cf874bfee4805cbba0b4f5c92ec05b97d,recent_never,True,,10,0,False,False,2,145
recovery_unavailable,22,af51265cf5a9c4a8a27d775e10dd47521a6075853e4cb9c27925091e91efaa83,recent_never,False,missing_receipt,10,0,False,False,2,145
recovery_unavailable,23,cd494e51f8c1c5ec95d00a96eb678c71d78817a3bdfae0ede17904b165df2af3,recent_never,True,,10,0,False,False,2,145
recovery_unavailable,24,f1fe4cd277830eb5f8201947e2273ef8926bdb86a043f19092a9e78ee97b822a,recent_never,False,missing_receipt,10,0,False,False,2,145
recovery_unavailable,25,c33fe8fc52705388da96b638bb0d2cc4a2421e3d6679392e68672e0c865e91e6,recent_never,True,,10,0,False,False,2,145
recovery_unavailable,26,02583220c17c025b019f41ac18293d3746ee4150d1876a1e1b435051346e95b5,recent_never,False,missing_receipt,10,0,False,False,2,145
recovery_unavailable,27,0ca77e8acd30b15149549345c3df22bd70637a1e13f15b18c859c2a516827bad,recent_never,True,,10,0,False,False,2,145
recovery_unavailable,28,7f0a70a5f46364034c54b66367a40d00224e08cd9dee6c675a01df5e8f44b5f9,recent_never,True,,10,0,False,False,2,145
recovery_unavailable,29,64bf382d0e02e2e8fb4d9829feefee10c607972c3c6daecd14e5403ca50d3b5f,recent_never,True,,10,0,False,False,2,145
recovery_unavailable,0,53bc16969bd87802644f3d75fa6c6a2751762911a30d9a153fb0f34648bf1920,structured_never,False,missing_receipt,10,0,False,False,2,145
recovery_unavailable,1,58ab4640631b856ec80701ac07f7b9c8a7543a3f5e17ec68db2fcb29216448e5,structured_never,False,missing_receipt,10,0,False,False,2,145
recovery_unavailable,2,f302ccd1c0f4478c44a1cae82e385fd79a8adbe58fe5f990e71f00c336c3e7cf,structured_never,False,missing_receipt,10,0,False,False,2,145
recovery_unavailable,3,7b6427b433685bc39e8274e4ac66afb104a0628654e557f23e530e8de19ac9c9,structured_never,False,missing_receipt,10,0,False,False,2,145
recovery_unavailable,4,579b055114c4b79ae4e53979fd23bb42d1ad0c21d3355d3a40224e649b48ba03,structured_never,False,missing_receipt,10,0,False,False,2,145
recovery_unavailable,5,8ca92094a49153a913b1d49b51fbfde086ecf85c6ac1cb862310f6556fd9f07a,structured_never,False,missing_receipt,10,0,False,False,2,145
recovery_unavailable,6,027ef294fe56825ef939200d2856bf2e63c6822df8dbddfce25bdfcd8cd320d4,structured_never,False,missing_receipt,10,0,False,False,2,145
recovery_unavailable,7,1176cb8757dbe390eb4e9f9b0d4b3a4bc72bfcc21515174494dbb37f77ff076a,structured_never,True,,10,0,False,False,2,145
recovery_unavailable,8,a72015f71d8ec20abdbe416b22ea36aa7cba7a4f8fff772aee802dda5b2e44c4,structured_never,False,missing_receipt,10,0,False,False,2,145
recovery_unavailable,9,be74e1465bf40840b26cae0150c7675c6344d25641ff2eb53517df6ae64abd87,structured_never,True,,10,0,False,False,2,145
recovery_unavailable,10,d2e546d213446bbc87568176c3499d29dda3a6f074a1703567ff5e2ee7a6a717,structured_never,False,missing_receipt,10,0,False,False,2,145
recovery_unavailable,11,67c30a85d7cf6ab72f6a623e5758ba9cf435fb1eb4c26c3cd2799da1ee4a81fb,structured_never,False,missing_receipt,10,0,False,False,2,145
recovery_unavailable,12,39147bff34f0d3c1cd13bdece25401f0f17f90400b3989e377a0a6d3a47b03b3,structured_never,False,missing_receipt,10,0,False,False,2,145
recovery_unavailable,13,f716ecea8c9f07fac9f658a737c568b708ea546d9d8dae25d8110402af3b2b3a,structured_never,False,missing_receipt,10,0,False,False,2,145
recovery_unavailable,14,080430ef5d8c802a294c374c79de35b0e21f3d39bd7e1b9c76a73efaad4ee70c,structured_never,False,missing_receipt,10,0,False,False,2,145
recovery_unavailable,15,5f9f66e4484a529879e1fe0e1275becc769e5a33d3cc593290de0652165178f0,structured_never,True,,10,0,False,False,2,145
recovery_unavailable,16,3b11ce8e5dd2ba13b472f13714b26c8b10fc991b337507364bc75df6f9452c52,structured_never,False,missing_receipt,10,0,False,False,2,145
recovery_unavailable,17,94393d8d4a4e5797d1353d42f071ff290d955da043bd8c151e29017630253ce3,structured_never,True,,10,0,False,False,2,145
recovery_unavailable,18,1a1bfa5ce5e29d416458dfef817cb42fc2bc148746c5b76468ead5706ddf02da,structured_never,False,missing_receipt,10,0,False,False,2,145
recovery_unavailable,19,01b5fca4910fbc46464759604b9f8d7769e126548b9150d0bc96bb8a3416c6ba,structured_never,False,missing_receipt,10,0,False,False,2,145
recovery_unavailable,20,1b2eaaa2fbd051e79765e22cb8b3caa58c43c89d4e4f17a138baea4cbeb9d57f,structured_never,False,missing_receipt,10,0,False,False,2,145
recovery_unavailable,21,d790098292e151e7ecaa5fc46e99328cf874bfee4805cbba0b4f5c92ec05b97d,structured_never,True,,10,0,False,False,2,145
recovery_unavailable,22,af51265cf5a9c4a8a27d775e10dd47521a6075853e4cb9c27925091e91efaa83,structured_never,False,missing_receipt,10,0,False,False,2,145
recovery_unavailable,23,cd494e51f8c1c5ec95d00a96eb678c71d78817a3bdfae0ede17904b165df2af3,structured_never,True,,10,0,False,False,2,145
recovery_unavailable,24,f1fe4cd277830eb5f8201947e2273ef8926bdb86a043f19092a9e78ee97b822a,structured_never,False,missing_receipt,10,0,False,False,2,145
recovery_unavailable,25,c33fe8fc52705388da96b638bb0d2cc4a2421e3d6679392e68672e0c865e91e6,structured_never,True,,10,0,False,False,2,145
recovery_unavailable,26,02583220c17c025b019f41ac18293d3746ee4150d1876a1e1b435051346e95b5,structured_never,False,missing_receipt,10,0,False,False,2,145
recovery_unavailable,27,0ca77e8acd30b15149549345c3df22bd70637a1e13f15b18c859c2a516827bad,structured_never,True,,10,0,False,False,2,145
recovery_unavailable,28,7f0a70a5f46364034c54b66367a40d00224e08cd9dee6c675a01df5e8f44b5f9,structured_never,True,,10,0,False,False,2,145
recovery_unavailable,29,64bf382d0e02e2e8fb4d9829feefee10c607972c3c6daecd14e5403ca50d3b5f,structured_never,True,,10,0,False,False,2,145
recovery_unavailable,0,53bc16969bd87802644f3d75fa6c6a2751762911a30d9a153fb0f34648bf1920,structured_always,True,,11,1,True,False,2,145
recovery_unavailable,1,58ab4640631b856ec80701ac07f7b9c8a7543a3f5e17ec68db2fcb29216448e5,structured_always,True,,11,1,True,False,2,145
recovery_unavailable,2,f302ccd1c0f4478c44a1cae82e385fd79a8adbe58fe5f990e71f00c336c3e7cf,structured_always,True,,11,1,True,False,2,145
recovery_unavailable,3,7b6427b433685bc39e8274e4ac66afb104a0628654e557f23e530e8de19ac9c9,structured_always,True,,11,1,True,False,2,145
recovery_unavailable,4,579b055114c4b79ae4e53979fd23bb42d1ad0c21d3355d3a40224e649b48ba03,structured_always,True,,11,1,True,False,2,145
recovery_unavailable,5,8ca92094a49153a913b1d49b51fbfde086ecf85c6ac1cb862310f6556fd9f07a,structured_always,True,,11,1,True,False,2,145
recovery_unavailable,6,027ef294fe56825ef939200d2856bf2e63c6822df8dbddfce25bdfcd8cd320d4,structured_always,True,,11,1,True,False,2,145
recovery_unavailable,7,1176cb8757dbe390eb4e9f9b0d4b3a4bc72bfcc21515174494dbb37f77ff076a,structured_always,True,,11,1,True,False,2,145
recovery_unavailable,8,a72015f71d8ec20abdbe416b22ea36aa7cba7a4f8fff772aee802dda5b2e44c4,structured_always,True,,11,1,True,False,2,145
recovery_unavailable,9,be74e1465bf40840b26cae0150c7675c6344d25641ff2eb53517df6ae64abd87,structured_always,True,,11,1,True,False,2,145
recovery_unavailable,10,d2e546d213446bbc87568176c3499d29dda3a6f074a1703567ff5e2ee7a6a717,structured_always,True,,11,1,True,False,2,145
recovery_unavailable,11,67c30a85d7cf6ab72f6a623e5758ba9cf435fb1eb4c26c3cd2799da1ee4a81fb,structured_always,True,,11,1,True,False,2,145
recovery_unavailable,12,39147bff34f0d3c1cd13bdece25401f0f17f90400b3989e377a0a6d3a47b03b3,structured_always,True,,11,1,True,False,2,145
recovery_unavailable,13,f716ecea8c9f07fac9f658a737c568b708ea546d9d8dae25d8110402af3b2b3a,structured_always,True,,11,1,True,False,2,145
recovery_unavailable,14,080430ef5d8c802a294c374c79de35b0e21f3d39bd7e1b9c76a73efaad4ee70c,structured_always,True,,11,1,True,False,2,145
recovery_unavailable,15,5f9f66e4484a529879e1fe0e1275becc769e5a33d3cc593290de0652165178f0,structured_always,True,,11,1,True,False,2,145
recovery_unavailable,16,3b11ce8e5dd2ba13b472f13714b26c8b10fc991b337507364bc75df6f9452c52,structured_always,True,,11,1,True,False,2,145
recovery_unavailable,17,94393d8d4a4e5797d1353d42f071ff290d955da043bd8c151e29017630253ce3,structured_always,True,,11,1,True,False,2,145
recovery_unavailable,18,1a1bfa5ce5e29d416458dfef817cb42fc2bc148746c5b76468ead5706ddf02da,structured_always,True,,11,1,True,False,2,145
recovery_unavailable,19,01b5fca4910fbc46464759604b9f8d7769e126548b9150d0bc96bb8a3416c6ba,structured_always,True,,11,1,True,False,2,145
recovery_unavailable,20,1b2eaaa2fbd051e79765e22cb8b3caa58c43c89d4e4f17a138baea4cbeb9d57f,structured_always,True,,11,1,True,False,2,145
recovery_unavailable,21,d790098292e151e7ecaa5fc46e99328cf874bfee4805cbba0b4f5c92ec05b97d,structured_always,True,,11,1,True,False,2,145
recovery_unavailable,22,af51265cf5a9c4a8a27d775e10dd47521a6075853e4cb9c27925091e91efaa83,structured_always,True,,11,1,True,False,2,145
recovery_unavailable,23,cd494e51f8c1c5ec95d00a96eb678c71d78817a3bdfae0ede17904b165df2af3,structured_always,True,,11,1,True,False,2,145
recovery_unavailable,24,f1fe4cd277830eb5f8201947e2273ef8926bdb86a043f19092a9e78ee97b822a,structured_always,True,,11,1,True,False,2,145
recovery_unavailable,25,c33fe8fc52705388da96b638bb0d2cc4a2421e3d6679392e68672e0c865e91e6,structured_always,True,,11,1,True,False,2,145
recovery_unavailable,26,02583220c17c025b019f41ac18293d3746ee4150d1876a1e1b435051346e95b5,structured_always,True,,11,1,True,False,2,145
recovery_unavailable,27,0ca77e8acd30b15149549345c3df22bd70637a1e13f15b18c859c2a516827bad,structured_always,True,,11,1,True,False,2,145
recovery_unavailable,28,7f0a70a5f46364034c54b66367a40d00224e08cd9dee6c675a01df5e8f44b5f9,structured_always,True,,11,1,True,False,2,145
recovery_unavailable,29,64bf382d0e02e2e8fb4d9829feefee10c607972c3c6daecd14e5403ca50d3b5f,structured_always,True,,11,1,True,False,2,145
recovery_unavailable,0,53bc16969bd87802644f3d75fa6c6a2751762911a30d9a153fb0f34648bf1920,structured_budgeted,True,,11,1,True,False,2,145
recovery_unavailable,1,58ab4640631b856ec80701ac07f7b9c8a7543a3f5e17ec68db2fcb29216448e5,structured_budgeted,True,,11,1,True,False,2,145
recovery_unavailable,2,f302ccd1c0f4478c44a1cae82e385fd79a8adbe58fe5f990e71f00c336c3e7cf,structured_budgeted,True,,11,1,True,False,2,145
recovery_unavailable,3,7b6427b433685bc39e8274e4ac66afb104a0628654e557f23e530e8de19ac9c9,structured_budgeted,True,,11,1,True,False,2,145
recovery_unavailable,4,579b055114c4b79ae4e53979fd23bb42d1ad0c21d3355d3a40224e649b48ba03,structured_budgeted,True,,11,1,True,False,2,145
recovery_unavailable,5,8ca92094a49153a913b1d49b51fbfde086ecf85c6ac1cb862310f6556fd9f07a,structured_budgeted,True,,11,1,True,False,2,145
recovery_unavailable,6,027ef294fe56825ef939200d2856bf2e63c6822df8dbddfce25bdfcd8cd320d4,structured_budgeted,True,,11,1,True,False,2,145
recovery_unavailable,7,1176cb8757dbe390eb4e9f9b0d4b3a4bc72bfcc21515174494dbb37f77ff076a,structured_budgeted,True,,11,1,True,False,2,145
recovery_unavailable,8,a72015f71d8ec20abdbe416b22ea36aa7cba7a4f8fff772aee802dda5b2e44c4,structured_budgeted,True,,11,1,True,False,2,145
recovery_unavailable,9,be74e1465bf40840b26cae0150c7675c6344d25641ff2eb53517df6ae64abd87,structured_budgeted,True,,11,1,True,False,2,145
recovery_unavailable,10,d2e546d213446bbc87568176c3499d29dda3a6f074a1703567ff5e2ee7a6a717,structured_budgeted,True,,11,1,True,False,2,145
recovery_unavailable,11,67c30a85d7cf6ab72f6a623e5758ba9cf435fb1eb4c26c3cd2799da1ee4a81fb,structured_budgeted,True,,11,1,True,False,2,145
recovery_unavailable,12,39147bff34f0d3c1cd13bdece25401f0f17f90400b3989e377a0a6d3a47b03b3,structured_budgeted,True,,11,1,True,False,2,145
recovery_unavailable,13,f716ecea8c9f07fac9f658a737c568b708ea546d9d8dae25d8110402af3b2b3a,structured_budgeted,True,,11,1,True,False,2,145
recovery_unavailable,14,080430ef5d8c802a294c374c79de35b0e21f3d39bd7e1b9c76a73efaad4ee70c,structured_budgeted,True,,11,1,True,False,2,145
recovery_unavailable,15,5f9f66e4484a529879e1fe0e1275becc769e5a33d3cc593290de0652165178f0,structured_budgeted,True,,11,1,True,False,2,145
recovery_unavailable,16,3b11ce8e5dd2ba13b472f13714b26c8b10fc991b337507364bc75df6f9452c52,structured_budgeted,True,,11,1,True,False,2,145
recovery_unavailable,17,94393d8d4a4e5797d1353d42f071ff290d955da043bd8c151e29017630253ce3,structured_budgeted,True,,11,1,True,False,2,145
recovery_unavailable,18,1a1bfa5ce5e29d416458dfef817cb42fc2bc148746c5b76468ead5706ddf02da,structured_budgeted,True,,11,1,True,False,2,145
recovery_unavailable,19,01b5fca4910fbc46464759604b9f8d7769e126548b9150d0bc96bb8a3416c6ba,structured_budgeted,True,,11,1,True,False,2,145
recovery_unavailable,20,1b2eaaa2fbd051e79765e22cb8b3caa58c43c89d4e4f17a138baea4cbeb9d57f,structured_budgeted,True,,11,1,True,False,2,145
recovery_unavailable,21,d790098292e151e7ecaa5fc46e99328cf874bfee4805cbba0b4f5c92ec05b97d,structured_budgeted,True,,11,1,True,False,2,145
recovery_unavailable,22,af51265cf5a9c4a8a27d775e10dd47521a6075853e4cb9c27925091e91efaa83,structured_budgeted,True,,11,1,True,False,2,145
recovery_unavailable,23,cd494e51f8c1c5ec95d00a96eb678c71d78817a3bdfae0ede17904b165df2af3,structured_budgeted,True,,11,1,True,False,2,145
recovery_unavailable,24,f1fe4cd277830eb5f8201947e2273ef8926bdb86a043f19092a9e78ee97b822a,structured_budgeted,True,,11,1,True,False,2,145
recovery_unavailable,25,c33fe8fc52705388da96b638bb0d2cc4a2421e3d6679392e68672e0c865e91e6,structured_budgeted,True,,11,1,True,False,2,145
recovery_unavailable,26,02583220c17c025b019f41ac18293d3746ee4150d1876a1e1b435051346e95b5,structured_budgeted,True,,11,1,True,False,2,145
recovery_unavailable,27,0ca77e8acd30b15149549345c3df22bd70637a1e13f15b18c859c2a516827bad,structured_budgeted,True,,11,1,True,False,2,145
recovery_unavailable,28,7f0a70a5f46364034c54b66367a40d00224e08cd9dee6c675a01df5e8f44b5f9,structured_budgeted,True,,11,1,True,False,2,145
recovery_unavailable,29,64bf382d0e02e2e8fb4d9829feefee10c607972c3c6daecd14e5403ca50d3b5f,structured_budgeted,True,,11,1,True,False,2,145
recovery_unavailable,0,53bc16969bd87802644f3d75fa6c6a2751762911a30d9a153fb0f34648bf1920,structured_never_recover,False,missing_receipt,10,0,False,False,2,145
recovery_unavailable,1,58ab4640631b856ec80701ac07f7b9c8a7543a3f5e17ec68db2fcb29216448e5,structured_never_recover,False,missing_receipt,10,0,False,False,2,145
recovery_unavailable,2,f302ccd1c0f4478c44a1cae82e385fd79a8adbe58fe5f990e71f00c336c3e7cf,structured_never_recover,False,missing_receipt,10,0,False,False,2,145
recovery_unavailable,3,7b6427b433685bc39e8274e4ac66afb104a0628654e557f23e530e8de19ac9c9,structured_never_recover,False,missing_receipt,10,0,False,False,2,145
recovery_unavailable,4,579b055114c4b79ae4e53979fd23bb42d1ad0c21d3355d3a40224e649b48ba03,structured_never_recover,False,missing_receipt,10,0,False,False,2,145
recovery_unavailable,5,8ca92094a49153a913b1d49b51fbfde086ecf85c6ac1cb862310f6556fd9f07a,structured_never_recover,False,missing_receipt,10,0,False,False,2,145
recovery_unavailable,6,027ef294fe56825ef939200d2856bf2e63c6822df8dbddfce25bdfcd8cd320d4,structured_never_recover,False,missing_receipt,10,0,False,False,2,145
recovery_unavailable,7,1176cb8757dbe390eb4e9f9b0d4b3a4bc72bfcc21515174494dbb37f77ff076a,structured_never_recover,True,,10,0,False,False,2,145
recovery_unavailable,8,a72015f71d8ec20abdbe416b22ea36aa7cba7a4f8fff772aee802dda5b2e44c4,structured_never_recover,False,missing_receipt,10,0,False,False,2,145
recovery_unavailable,9,be74e1465bf40840b26cae0150c7675c6344d25641ff2eb53517df6ae64abd87,structured_never_recover,True,,10,0,False,False,2,145
recovery_unavailable,10,d2e546d213446bbc87568176c3499d29dda3a6f074a1703567ff5e2ee7a6a717,structured_never_recover,False,missing_receipt,10,0,False,False,2,145
recovery_unavailable,11,67c30a85d7cf6ab72f6a623e5758ba9cf435fb1eb4c26c3cd2799da1ee4a81fb,structured_never_recover,False,missing_receipt,10,0,False,False,2,145
recovery_unavailable,12,39147bff34f0d3c1cd13bdece25401f0f17f90400b3989e377a0a6d3a47b03b3,structured_never_recover,False,missing_receipt,10,0,False,False,2,145
recovery_unavailable,13,f716ecea8c9f07fac9f658a737c568b708ea546d9d8dae25d8110402af3b2b3a,structured_never_recover,False,missing_receipt,10,0,False,False,2,145
recovery_unavailable,14,080430ef5d8c802a294c374c79de35b0e21f3d39bd7e1b9c76a73efaad4ee70c,structured_never_recover,False,missing_receipt,10,0,False,False,2,145
recovery_unavailable,15,5f9f66e4484a529879e1fe0e1275becc769e5a33d3cc593290de0652165178f0,structured_never_recover,True,,10,0,False,False,2,145
recovery_unavailable,16,3b11ce8e5dd2ba13b472f13714b26c8b10fc991b337507364bc75df6f9452c52,structured_never_recover,False,missing_receipt,10,0,False,False,2,145
recovery_unavailable,17,94393d8d4a4e5797d1353d42f071ff290d955da043bd8c151e29017630253ce3,structured_never_recover,True,,10,0,False,False,2,145
recovery_unavailable,18,1a1bfa5ce5e29d416458dfef817cb42fc2bc148746c5b76468ead5706ddf02da,structured_never_recover,False,missing_receipt,10,0,False,False,2,145
recovery_unavailable,19,01b5fca4910fbc46464759604b9f8d7769e126548b9150d0bc96bb8a3416c6ba,structured_never_recover,False,missing_receipt,10,0,False,False,2,145
recovery_unavailable,20,1b2eaaa2fbd051e79765e22cb8b3caa58c43c89d4e4f17a138baea4cbeb9d57f,structured_never_recover,False,missing_receipt,10,0,False,False,2,145
recovery_unavailable,21,d790098292e151e7ecaa5fc46e99328cf874bfee4805cbba0b4f5c92ec05b97d,structured_never_recover,True,,10,0,False,False,2,145
recovery_unavailable,22,af51265cf5a9c4a8a27d775e10dd47521a6075853e4cb9c27925091e91efaa83,structured_never_recover,False,missing_receipt,10,0,False,False,2,145
recovery_unavailable,23,cd494e51f8c1c5ec95d00a96eb678c71d78817a3bdfae0ede17904b165df2af3,structured_never_recover,True,,10,0,False,False,2,145
recovery_unavailable,24,f1fe4cd277830eb5f8201947e2273ef8926bdb86a043f19092a9e78ee97b822a,structured_never_recover,False,missing_receipt,10,0,False,False,2,145
recovery_unavailable,25,c33fe8fc52705388da96b638bb0d2cc4a2421e3d6679392e68672e0c865e91e6,structured_never_recover,True,,10,0,False,False,2,145
recovery_unavailable,26,02583220c17c025b019f41ac18293d3746ee4150d1876a1e1b435051346e95b5,structured_never_recover,False,missing_receipt,10,0,False,False,2,145
recovery_unavailable,27,0ca77e8acd30b15149549345c3df22bd70637a1e13f15b18c859c2a516827bad,structured_never_recover,True,,10,0,False,False,2,145
recovery_unavailable,28,7f0a70a5f46364034c54b66367a40d00224e08cd9dee6c675a01df5e8f44b5f9,structured_never_recover,True,,10,0,False,False,2,145
recovery_unavailable,29,64bf382d0e02e2e8fb4d9829feefee10c607972c3c6daecd14e5403ca50d3b5f,structured_never_recover,True,,10,0,False,False,2,145
recovery_unavailable,0,53bc16969bd87802644f3d75fa6c6a2751762911a30d9a153fb0f34648bf1920,structured_always_recover,True,,11,1,True,False,2,145
recovery_unavailable,1,58ab4640631b856ec80701ac07f7b9c8a7543a3f5e17ec68db2fcb29216448e5,structured_always_recover,True,,11,1,True,False,2,145
recovery_unavailable,2,f302ccd1c0f4478c44a1cae82e385fd79a8adbe58fe5f990e71f00c336c3e7cf,structured_always_recover,True,,11,1,True,False,2,145
recovery_unavailable,3,7b6427b433685bc39e8274e4ac66afb104a0628654e557f23e530e8de19ac9c9,structured_always_recover,True,,11,1,True,False,2,145
recovery_unavailable,4,579b055114c4b79ae4e53979fd23bb42d1ad0c21d3355d3a40224e649b48ba03,structured_always_recover,True,,11,1,True,False,2,145
recovery_unavailable,5,8ca92094a49153a913b1d49b51fbfde086ecf85c6ac1cb862310f6556fd9f07a,structured_always_recover,True,,11,1,True,False,2,145
recovery_unavailable,6,027ef294fe56825ef939200d2856bf2e63c6822df8dbddfce25bdfcd8cd320d4,structured_always_recover,True,,11,1,True,False,2,145
recovery_unavailable,7,1176cb8757dbe390eb4e9f9b0d4b3a4bc72bfcc21515174494dbb37f77ff076a,structured_always_recover,True,,11,1,True,False,2,145
recovery_unavailable,8,a72015f71d8ec20abdbe416b22ea36aa7cba7a4f8fff772aee802dda5b2e44c4,structured_always_recover,True,,11,1,True,False,2,145
recovery_unavailable,9,be74e1465bf40840b26cae0150c7675c6344d25641ff2eb53517df6ae64abd87,structured_always_recover,True,,11,1,True,False,2,145
recovery_unavailable,10,d2e546d213446bbc87568176c3499d29dda3a6f074a1703567ff5e2ee7a6a717,structured_always_recover,True,,11,1,True,False,2,145
recovery_unavailable,11,67c30a85d7cf6ab72f6a623e5758ba9cf435fb1eb4c26c3cd2799da1ee4a81fb,structured_always_recover,True,,11,1,True,False,2,145
recovery_unavailable,12,39147bff34f0d3c1cd13bdece25401f0f17f90400b3989e377a0a6d3a47b03b3,structured_always_recover,True,,11,1,True,False,2,145
recovery_unavailable,13,f716ecea8c9f07fac9f658a737c568b708ea546d9d8dae25d8110402af3b2b3a,structured_always_recover,True,,11,1,True,False,2,145
recovery_unavailable,14,080430ef5d8c802a294c374c79de35b0e21f3d39bd7e1b9c76a73efaad4ee70c,structured_always_recover,True,,11,1,True,False,2,145
recovery_unavailable,15,5f9f66e4484a529879e1fe0e1275becc769e5a33d3cc593290de0652165178f0,structured_always_recover,True,,11,1,True,False,2,145
recovery_unavailable,16,3b11ce8e5dd2ba13b472f13714b26c8b10fc991b337507364bc75df6f9452c52,structured_always_recover,True,,11,1,True,False,2,145
recovery_unavailable,17,94393d8d4a4e5797d1353d42f071ff290d955da043bd8c151e29017630253ce3,structured_always_recover,True,,11,1,True,False,2,145
recovery_unavailable,18,1a1bfa5ce5e29d416458dfef817cb42fc2bc148746c5b76468ead5706ddf02da,structured_always_recover,True,,11,1,True,False,2,145
recovery_unavailable,19,01b5fca4910fbc46464759604b9f8d7769e126548b9150d0bc96bb8a3416c6ba,structured_always_recover,True,,11,1,True,False,2,145
recovery_unavailable,20,1b2eaaa2fbd051e79765e22cb8b3caa58c43c89d4e4f17a138baea4cbeb9d57f,structured_always_recover,True,,11,1,True,False,2,145
recovery_unavailable,21,d790098292e151e7ecaa5fc46e99328cf874bfee4805cbba0b4f5c92ec05b97d,structured_always_recover,True,,11,1,True,False,2,145
recovery_unavailable,22,af51265cf5a9c4a8a27d775e10dd47521a6075853e4cb9c27925091e91efaa83,structured_always_recover,True,,11,1,True,False,2,145
recovery_unavailable,23,cd494e51f8c1c5ec95d00a96eb678c71d78817a3bdfae0ede17904b165df2af3,structured_always_recover,True,,11,1,True,False,2,145
recovery_unavailable,24,f1fe4cd277830eb5f8201947e2273ef8926bdb86a043f19092a9e78ee97b822a,structured_always_recover,True,,11,1,True,False,2,145
recovery_unavailable,25,c33fe8fc52705388da96b638bb0d2cc4a2421e3d6679392e68672e0c865e91e6,structured_always_recover,True,,11,1,True,False,2,145
recovery_unavailable,26,02583220c17c025b019f41ac18293d3746ee4150d1876a1e1b435051346e95b5,structured_always_recover,True,,11,1,True,False,2,145
recovery_unavailable,27,0ca77e8acd30b15149549345c3df22bd70637a1e13f15b18c859c2a516827bad,structured_always_recover,True,,11,1,True,False,2,145
recovery_unavailable,28,7f0a70a5f46364034c54b66367a40d00224e08cd9dee6c675a01df5e8f44b5f9,structured_always_recover,True,,11,1,True,False,2,145
recovery_unavailable,29,64bf382d0e02e2e8fb4d9829feefee10c607972c3c6daecd14e5403ca50d3b5f,structured_always_recover,True,,11,1,True,False,2,145
anticipate_revision,0,dbddf4528fb727d81aa39b079b4352f4cb38669d267641063d275ff533c0cb65,reference_retain,True,,10,0,False,False,1,73
anticipate_revision,1,b78c385f70be410db2fafbfce6164d433f0c860671beaad5e57df58d552210ed,reference_retain,False,missing_receipt,10,0,False,False,1,73
anticipate_revision,2,c081d5dde0c2ea21ce1f8dcccbd36b6a32e3c519aeb8b793fe084fa59841ac56,reference_retain,True,,10,0,False,False,1,73
anticipate_revision,3,a90d2e84b9b1037350cc8c9928eb02fcb758bb4c8fb5ba4b2ebef1234e8cc454,reference_retain,False,missing_receipt,10,0,False,False,1,73
anticipate_revision,4,a30286f2faf3976e164326016dc25386ca33225301abd8d170387fc4d96f3871,reference_retain,True,,10,0,False,False,1,73
anticipate_revision,5,3e77e4ec58b1180108af03ee44ccb099b38906e8a1993b7a8a70b224e767f7fe,reference_retain,False,missing_receipt,10,0,False,False,1,73
anticipate_revision,6,3f50f262241674d6393e44cd7b778ddbc380b057281defa6862d082e416d7a80,reference_retain,True,,10,0,False,False,1,73
anticipate_revision,7,73642b372b68249c121a6e70f4bfd336702db2bf346095307665735bbfaff6e4,reference_retain,False,missing_receipt,10,0,False,False,1,73
anticipate_revision,8,721eb922b9eef46bfe1ec4da9d3cb3b875ad3ed7140e68cd97f8a278524d6c40,reference_retain,True,,10,0,False,False,2,145
anticipate_revision,9,3feba52585d57dc8a3b2e07492bfdc3bbc87c387f6677b1ac4bafa8177ed0fc5,reference_retain,True,,10,0,False,False,2,145
anticipate_revision,10,fd1426102297c04822c0dadaeb8662509bbb65e906763afc85e36005e510f21e,reference_retain,True,,10,0,False,False,1,73
anticipate_revision,11,adcc261c96c419ee7c3e6c59da8437083794e796d44e127127925b20215cf4fe,reference_retain,False,missing_receipt,10,0,False,False,1,73
anticipate_revision,12,505cc181bbc06bc2978c81fc08da590031942570a6be41b65a15fe1aa3e93553,reference_retain,True,,10,0,False,False,1,73
anticipate_revision,13,b8a0f20bb08dd31dfc5bb9c74965a75c76e0a2358036eb171c9e2e4966a15fc6,reference_retain,False,missing_receipt,10,0,False,False,1,73
anticipate_revision,14,1ce0f533857fa96e1b71d0504eb2e10f1b1543e4d50e01a6837d3e7c55b94e42,reference_retain,True,,10,0,False,False,1,73
anticipate_revision,15,ff2d02b308a2ab2ffee3b69369efa8c59e9db7c589866b3acc48bd97fc9caf82,reference_retain,False,missing_receipt,10,0,False,False,1,73
anticipate_revision,16,06b68b8cce1f286654ce17a7af9ee9e5c3bcefa264913f9c9623d71c1a6e4eec,reference_retain,True,,10,0,False,False,2,145
anticipate_revision,17,304cc4cb093b334aa96f8e42ccb46bde7f47c6287c5ad5df670ec057b0dbd6a2,reference_retain,True,,10,0,False,False,2,145
anticipate_revision,18,727bfea16065d253b18cbc655953f180353bfbb87b997a667699229c1ac92dd1,reference_retain,True,,10,0,False,False,1,73
anticipate_revision,19,ca94aebd2c7a27648dbb925c224d48858f691601f274384503aedd46baaf5023,reference_retain,False,missing_receipt,10,0,False,False,1,73
anticipate_revision,20,b370c606c91b903798ad90f3673640def9bf8f7eeed467411381bb478434e15b,reference_retain,True,,10,0,False,False,1,73
anticipate_revision,21,5012d2acd35fedbbb3b19f6ab7010df18713e9bc16524de1d6f9342b42c6f53d,reference_retain,False,missing_receipt,10,0,False,False,1,73
anticipate_revision,22,720caca684fd8b7c77dee9d772bb240f2c04f23ad7dc5cf8db9b221cd6f6f0e8,reference_retain,True,,10,0,False,False,2,145
anticipate_revision,23,fffc69a3736edeccfef14e416d5857ccf75518f524aa72f4542fa53e93eecc1f,reference_retain,True,,10,0,False,False,2,145
anticipate_revision,24,832cd57e18569f445ff880017d735fee98fd369bcd95d084221f6483ec695cb1,reference_retain,True,,10,0,False,False,1,73
anticipate_revision,25,eb53dfc9a36f6079c23accd74f03e0bcee906849eed87831a22bbc98fe30194f,reference_retain,False,missing_receipt,10,0,False,False,1,73
anticipate_revision,26,407b5090160187b432a518ceb157f2d48eacff76a706f449a11d4814078c17be,reference_retain,True,,10,0,False,False,2,145
anticipate_revision,27,4c00c38ecc2be2740153371704a24312ce43d8e34bda84a2eb48525bddfd22a7,reference_retain,True,,10,0,False,False,2,145
anticipate_revision,28,361c1bdc8b2e9dc7190d5ab2bc35278bc699dd86136e8533272367ac0a2eb7a8,reference_retain,True,,10,0,False,False,2,145
anticipate_revision,29,32975b1060567ccace3a10f56843033b5b93916162905af392ab9178ea8cd1d4,reference_retain,True,,10,0,False,False,2,145
anticipate_revision,0,dbddf4528fb727d81aa39b079b4352f4cb38669d267641063d275ff533c0cb65,reference_retain_recover,True,,10,0,False,False,1,73
anticipate_revision,1,b78c385f70be410db2fafbfce6164d433f0c860671beaad5e57df58d552210ed,reference_retain_recover,True,,14,4,False,True,1,73
anticipate_revision,2,c081d5dde0c2ea21ce1f8dcccbd36b6a32e3c519aeb8b793fe084fa59841ac56,reference_retain_recover,True,,10,0,False,False,1,73
anticipate_revision,3,a90d2e84b9b1037350cc8c9928eb02fcb758bb4c8fb5ba4b2ebef1234e8cc454,reference_retain_recover,True,,14,4,False,True,1,73
anticipate_revision,4,a30286f2faf3976e164326016dc25386ca33225301abd8d170387fc4d96f3871,reference_retain_recover,True,,10,0,False,False,1,73
anticipate_revision,5,3e77e4ec58b1180108af03ee44ccb099b38906e8a1993b7a8a70b224e767f7fe,reference_retain_recover,True,,14,4,False,True,1,73
anticipate_revision,6,3f50f262241674d6393e44cd7b778ddbc380b057281defa6862d082e416d7a80,reference_retain_recover,True,,10,0,False,False,1,73
anticipate_revision,7,73642b372b68249c121a6e70f4bfd336702db2bf346095307665735bbfaff6e4,reference_retain_recover,True,,14,4,False,True,1,73
anticipate_revision,8,721eb922b9eef46bfe1ec4da9d3cb3b875ad3ed7140e68cd97f8a278524d6c40,reference_retain_recover,True,,10,0,False,False,2,145
anticipate_revision,9,3feba52585d57dc8a3b2e07492bfdc3bbc87c387f6677b1ac4bafa8177ed0fc5,reference_retain_recover,True,,10,0,False,False,2,145
anticipate_revision,10,fd1426102297c04822c0dadaeb8662509bbb65e906763afc85e36005e510f21e,reference_retain_recover,True,,10,0,False,False,1,73
anticipate_revision,11,adcc261c96c419ee7c3e6c59da8437083794e796d44e127127925b20215cf4fe,reference_retain_recover,True,,14,4,False,True,1,73
anticipate_revision,12,505cc181bbc06bc2978c81fc08da590031942570a6be41b65a15fe1aa3e93553,reference_retain_recover,True,,10,0,False,False,1,73
anticipate_revision,13,b8a0f20bb08dd31dfc5bb9c74965a75c76e0a2358036eb171c9e2e4966a15fc6,reference_retain_recover,True,,14,4,False,True,1,73
anticipate_revision,14,1ce0f533857fa96e1b71d0504eb2e10f1b1543e4d50e01a6837d3e7c55b94e42,reference_retain_recover,True,,10,0,False,False,1,73
anticipate_revision,15,ff2d02b308a2ab2ffee3b69369efa8c59e9db7c589866b3acc48bd97fc9caf82,reference_retain_recover,True,,14,4,False,True,1,73
anticipate_revision,16,06b68b8cce1f286654ce17a7af9ee9e5c3bcefa264913f9c9623d71c1a6e4eec,reference_retain_recover,True,,10,0,False,False,2,145
anticipate_revision,17,304cc4cb093b334aa96f8e42ccb46bde7f47c6287c5ad5df670ec057b0dbd6a2,reference_retain_recover,True,,10,0,False,False,2,145
anticipate_revision,18,727bfea16065d253b18cbc655953f180353bfbb87b997a667699229c1ac92dd1,reference_retain_recover,True,,10,0,False,False,1,73
anticipate_revision,19,ca94aebd2c7a27648dbb925c224d48858f691601f274384503aedd46baaf5023,reference_retain_recover,True,,14,4,False,True,1,73
anticipate_revision,20,b370c606c91b903798ad90f3673640def9bf8f7eeed467411381bb478434e15b,reference_retain_recover,True,,10,0,False,False,1,73
anticipate_revision,21,5012d2acd35fedbbb3b19f6ab7010df18713e9bc16524de1d6f9342b42c6f53d,reference_retain_recover,True,,14,4,False,True,1,73
anticipate_revision,22,720caca684fd8b7c77dee9d772bb240f2c04f23ad7dc5cf8db9b221cd6f6f0e8,reference_retain_recover,True,,10,0,False,False,2,145
anticipate_revision,23,fffc69a3736edeccfef14e416d5857ccf75518f524aa72f4542fa53e93eecc1f,reference_retain_recover,True,,10,0,False,False,2,145
anticipate_revision,24,832cd57e18569f445ff880017d735fee98fd369bcd95d084221f6483ec695cb1,reference_retain_recover,True,,10,0,False,False,1,73
anticipate_revision,25,eb53dfc9a36f6079c23accd74f03e0bcee906849eed87831a22bbc98fe30194f,reference_retain_recover,True,,14,4,False,True,1,73
anticipate_revision,26,407b5090160187b432a518ceb157f2d48eacff76a706f449a11d4814078c17be,reference_retain_recover,True,,10,0,False,False,2,145
anticipate_revision,27,4c00c38ecc2be2740153371704a24312ce43d8e34bda84a2eb48525bddfd22a7,reference_retain_recover,True,,10,0,False,False,2,145
anticipate_revision,28,361c1bdc8b2e9dc7190d5ab2bc35278bc699dd86136e8533272367ac0a2eb7a8,reference_retain_recover,True,,10,0,False,False,2,145
anticipate_revision,29,32975b1060567ccace3a10f56843033b5b93916162905af392ab9178ea8cd1d4,reference_retain_recover,True,,10,0,False,False,2,145
anticipate_revision,0,dbddf4528fb727d81aa39b079b4352f4cb38669d267641063d275ff533c0cb65,reference_inspect,True,,11,1,True,False,2,145
anticipate_revision,1,b78c385f70be410db2fafbfce6164d433f0c860671beaad5e57df58d552210ed,reference_inspect,True,,11,1,True,False,2,145
anticipate_revision,2,c081d5dde0c2ea21ce1f8dcccbd36b6a32e3c519aeb8b793fe084fa59841ac56,reference_inspect,True,,11,1,True,False,2,145
anticipate_revision,3,a90d2e84b9b1037350cc8c9928eb02fcb758bb4c8fb5ba4b2ebef1234e8cc454,reference_inspect,True,,11,1,True,False,2,145
anticipate_revision,4,a30286f2faf3976e164326016dc25386ca33225301abd8d170387fc4d96f3871,reference_inspect,True,,11,1,True,False,2,145
anticipate_revision,5,3e77e4ec58b1180108af03ee44ccb099b38906e8a1993b7a8a70b224e767f7fe,reference_inspect,True,,11,1,True,False,2,145
anticipate_revision,6,3f50f262241674d6393e44cd7b778ddbc380b057281defa6862d082e416d7a80,reference_inspect,True,,11,1,True,False,2,145
anticipate_revision,7,73642b372b68249c121a6e70f4bfd336702db2bf346095307665735bbfaff6e4,reference_inspect,True,,11,1,True,False,2,145
anticipate_revision,8,721eb922b9eef46bfe1ec4da9d3cb3b875ad3ed7140e68cd97f8a278524d6c40,reference_inspect,True,,11,1,True,False,2,145
anticipate_revision,9,3feba52585d57dc8a3b2e07492bfdc3bbc87c387f6677b1ac4bafa8177ed0fc5,reference_inspect,True,,11,1,True,False,2,145
anticipate_revision,10,fd1426102297c04822c0dadaeb8662509bbb65e906763afc85e36005e510f21e,reference_inspect,True,,11,1,True,False,2,145
anticipate_revision,11,adcc261c96c419ee7c3e6c59da8437083794e796d44e127127925b20215cf4fe,reference_inspect,True,,11,1,True,False,2,145
anticipate_revision,12,505cc181bbc06bc2978c81fc08da590031942570a6be41b65a15fe1aa3e93553,reference_inspect,True,,11,1,True,False,2,145
anticipate_revision,13,b8a0f20bb08dd31dfc5bb9c74965a75c76e0a2358036eb171c9e2e4966a15fc6,reference_inspect,True,,11,1,True,False,2,145
anticipate_revision,14,1ce0f533857fa96e1b71d0504eb2e10f1b1543e4d50e01a6837d3e7c55b94e42,reference_inspect,True,,11,1,True,False,2,145
anticipate_revision,15,ff2d02b308a2ab2ffee3b69369efa8c59e9db7c589866b3acc48bd97fc9caf82,reference_inspect,True,,11,1,True,False,2,145
anticipate_revision,16,06b68b8cce1f286654ce17a7af9ee9e5c3bcefa264913f9c9623d71c1a6e4eec,reference_inspect,True,,11,1,True,False,2,145
anticipate_revision,17,304cc4cb093b334aa96f8e42ccb46bde7f47c6287c5ad5df670ec057b0dbd6a2,reference_inspect,True,,11,1,True,False,2,145
anticipate_revision,18,727bfea16065d253b18cbc655953f180353bfbb87b997a667699229c1ac92dd1,reference_inspect,True,,11,1,True,False,2,145
anticipate_revision,19,ca94aebd2c7a27648dbb925c224d48858f691601f274384503aedd46baaf5023,reference_inspect,True,,11,1,True,False,2,145
anticipate_revision,20,b370c606c91b903798ad90f3673640def9bf8f7eeed467411381bb478434e15b,reference_inspect,True,,11,1,True,False,2,145
anticipate_revision,21,5012d2acd35fedbbb3b19f6ab7010df18713e9bc16524de1d6f9342b42c6f53d,reference_inspect,True,,11,1,True,False,2,145
anticipate_revision,22,720caca684fd8b7c77dee9d772bb240f2c04f23ad7dc5cf8db9b221cd6f6f0e8,reference_inspect,True,,11,1,True,False,2,145
anticipate_revision,23,fffc69a3736edeccfef14e416d5857ccf75518f524aa72f4542fa53e93eecc1f,reference_inspect,True,,11,1,True,False,2,145
anticipate_revision,24,832cd57e18569f445ff880017d735fee98fd369bcd95d084221f6483ec695cb1,reference_inspect,True,,11,1,True,False,2,145
anticipate_revision,25,eb53dfc9a36f6079c23accd74f03e0bcee906849eed87831a22bbc98fe30194f,reference_inspect,True,,11,1,True,False,2,145
anticipate_revision,26,407b5090160187b432a518ceb157f2d48eacff76a706f449a11d4814078c17be,reference_inspect,True,,11,1,True,False,2,145
anticipate_revision,27,4c00c38ecc2be2740153371704a24312ce43d8e34bda84a2eb48525bddfd22a7,reference_inspect,True,,11,1,True,False,2,145
anticipate_revision,28,361c1bdc8b2e9dc7190d5ab2bc35278bc699dd86136e8533272367ac0a2eb7a8,reference_inspect,True,,11,1,True,False,2,145
anticipate_revision,29,32975b1060567ccace3a10f56843033b5b93916162905af392ab9178ea8cd1d4,reference_inspect,True,,11,1,True,False,2,145
anticipate_revision,0,dbddf4528fb727d81aa39b079b4352f4cb38669d267641063d275ff533c0cb65,reference_inspect_recover,True,,11,1,True,False,2,145
anticipate_revision,1,b78c385f70be410db2fafbfce6164d433f0c860671beaad5e57df58d552210ed,reference_inspect_recover,True,,11,1,True,False,2,145
anticipate_revision,2,c081d5dde0c2ea21ce1f8dcccbd36b6a32e3c519aeb8b793fe084fa59841ac56,reference_inspect_recover,True,,11,1,True,False,2,145
anticipate_revision,3,a90d2e84b9b1037350cc8c9928eb02fcb758bb4c8fb5ba4b2ebef1234e8cc454,reference_inspect_recover,True,,11,1,True,False,2,145
anticipate_revision,4,a30286f2faf3976e164326016dc25386ca33225301abd8d170387fc4d96f3871,reference_inspect_recover,True,,11,1,True,False,2,145
anticipate_revision,5,3e77e4ec58b1180108af03ee44ccb099b38906e8a1993b7a8a70b224e767f7fe,reference_inspect_recover,True,,11,1,True,False,2,145
anticipate_revision,6,3f50f262241674d6393e44cd7b778ddbc380b057281defa6862d082e416d7a80,reference_inspect_recover,True,,11,1,True,False,2,145
anticipate_revision,7,73642b372b68249c121a6e70f4bfd336702db2bf346095307665735bbfaff6e4,reference_inspect_recover,True,,11,1,True,False,2,145
anticipate_revision,8,721eb922b9eef46bfe1ec4da9d3cb3b875ad3ed7140e68cd97f8a278524d6c40,reference_inspect_recover,True,,11,1,True,False,2,145
anticipate_revision,9,3feba52585d57dc8a3b2e07492bfdc3bbc87c387f6677b1ac4bafa8177ed0fc5,reference_inspect_recover,True,,11,1,True,False,2,145
anticipate_revision,10,fd1426102297c04822c0dadaeb8662509bbb65e906763afc85e36005e510f21e,reference_inspect_recover,True,,11,1,True,False,2,145
anticipate_revision,11,adcc261c96c419ee7c3e6c59da8437083794e796d44e127127925b20215cf4fe,reference_inspect_recover,True,,11,1,True,False,2,145
anticipate_revision,12,505cc181bbc06bc2978c81fc08da590031942570a6be41b65a15fe1aa3e93553,reference_inspect_recover,True,,11,1,True,False,2,145
anticipate_revision,13,b8a0f20bb08dd31dfc5bb9c74965a75c76e0a2358036eb171c9e2e4966a15fc6,reference_inspect_recover,True,,11,1,True,False,2,145
anticipate_revision,14,1ce0f533857fa96e1b71d0504eb2e10f1b1543e4d50e01a6837d3e7c55b94e42,reference_inspect_recover,True,,11,1,True,False,2,145
anticipate_revision,15,ff2d02b308a2ab2ffee3b69369efa8c59e9db7c589866b3acc48bd97fc9caf82,reference_inspect_recover,True,,11,1,True,False,2,145
anticipate_revision,16,06b68b8cce1f286654ce17a7af9ee9e5c3bcefa264913f9c9623d71c1a6e4eec,reference_inspect_recover,True,,11,1,True,False,2,145
anticipate_revision,17,304cc4cb093b334aa96f8e42ccb46bde7f47c6287c5ad5df670ec057b0dbd6a2,reference_inspect_recover,True,,11,1,True,False,2,145
anticipate_revision,18,727bfea16065d253b18cbc655953f180353bfbb87b997a667699229c1ac92dd1,reference_inspect_recover,True,,11,1,True,False,2,145
anticipate_revision,19,ca94aebd2c7a27648dbb925c224d48858f691601f274384503aedd46baaf5023,reference_inspect_recover,True,,11,1,True,False,2,145
anticipate_revision,20,b370c606c91b903798ad90f3673640def9bf8f7eeed467411381bb478434e15b,reference_inspect_recover,True,,11,1,True,False,2,145
anticipate_revision,21,5012d2acd35fedbbb3b19f6ab7010df18713e9bc16524de1d6f9342b42c6f53d,reference_inspect_recover,True,,11,1,True,False,2,145
anticipate_revision,22,720caca684fd8b7c77dee9d772bb240f2c04f23ad7dc5cf8db9b221cd6f6f0e8,reference_inspect_recover,True,,11,1,True,False,2,145
anticipate_revision,23,fffc69a3736edeccfef14e416d5857ccf75518f524aa72f4542fa53e93eecc1f,reference_inspect_recover,True,,11,1,True,False,2,145
anticipate_revision,24,832cd57e18569f445ff880017d735fee98fd369bcd95d084221f6483ec695cb1,reference_inspect_recover,True,,11,1,True,False,2,145
anticipate_revision,25,eb53dfc9a36f6079c23accd74f03e0bcee906849eed87831a22bbc98fe30194f,reference_inspect_recover,True,,11,1,True,False,2,145
anticipate_revision,26,407b5090160187b432a518ceb157f2d48eacff76a706f449a11d4814078c17be,reference_inspect_recover,True,,11,1,True,False,2,145
anticipate_revision,27,4c00c38ecc2be2740153371704a24312ce43d8e34bda84a2eb48525bddfd22a7,reference_inspect_recover,True,,11,1,True,False,2,145
anticipate_revision,28,361c1bdc8b2e9dc7190d5ab2bc35278bc699dd86136e8533272367ac0a2eb7a8,reference_inspect_recover,True,,11,1,True,False,2,145
anticipate_revision,29,32975b1060567ccace3a10f56843033b5b93916162905af392ab9178ea8cd1d4,reference_inspect_recover,True,,11,1,True,False,2,145
anticipate_revision,0,dbddf4528fb727d81aa39b079b4352f4cb38669d267641063d275ff533c0cb65,recent_never,True,,10,0,False,False,2,145
anticipate_revision,1,b78c385f70be410db2fafbfce6164d433f0c860671beaad5e57df58d552210ed,recent_never,False,missing_receipt,10,0,False,False,2,145
anticipate_revision,2,c081d5dde0c2ea21ce1f8dcccbd36b6a32e3c519aeb8b793fe084fa59841ac56,recent_never,True,,10,0,False,False,2,145
anticipate_revision,3,a90d2e84b9b1037350cc8c9928eb02fcb758bb4c8fb5ba4b2ebef1234e8cc454,recent_never,False,missing_receipt,10,0,False,False,2,145
anticipate_revision,4,a30286f2faf3976e164326016dc25386ca33225301abd8d170387fc4d96f3871,recent_never,True,,10,0,False,False,2,145
anticipate_revision,5,3e77e4ec58b1180108af03ee44ccb099b38906e8a1993b7a8a70b224e767f7fe,recent_never,False,missing_receipt,10,0,False,False,2,145
anticipate_revision,6,3f50f262241674d6393e44cd7b778ddbc380b057281defa6862d082e416d7a80,recent_never,True,,10,0,False,False,2,145
anticipate_revision,7,73642b372b68249c121a6e70f4bfd336702db2bf346095307665735bbfaff6e4,recent_never,False,missing_receipt,10,0,False,False,2,145
anticipate_revision,8,721eb922b9eef46bfe1ec4da9d3cb3b875ad3ed7140e68cd97f8a278524d6c40,recent_never,True,,10,0,False,False,2,145
anticipate_revision,9,3feba52585d57dc8a3b2e07492bfdc3bbc87c387f6677b1ac4bafa8177ed0fc5,recent_never,True,,10,0,False,False,2,145
anticipate_revision,10,fd1426102297c04822c0dadaeb8662509bbb65e906763afc85e36005e510f21e,recent_never,True,,10,0,False,False,2,145
anticipate_revision,11,adcc261c96c419ee7c3e6c59da8437083794e796d44e127127925b20215cf4fe,recent_never,False,missing_receipt,10,0,False,False,2,145
anticipate_revision,12,505cc181bbc06bc2978c81fc08da590031942570a6be41b65a15fe1aa3e93553,recent_never,True,,10,0,False,False,2,145
anticipate_revision,13,b8a0f20bb08dd31dfc5bb9c74965a75c76e0a2358036eb171c9e2e4966a15fc6,recent_never,False,missing_receipt,10,0,False,False,2,145
anticipate_revision,14,1ce0f533857fa96e1b71d0504eb2e10f1b1543e4d50e01a6837d3e7c55b94e42,recent_never,True,,10,0,False,False,2,145
anticipate_revision,15,ff2d02b308a2ab2ffee3b69369efa8c59e9db7c589866b3acc48bd97fc9caf82,recent_never,False,missing_receipt,10,0,False,False,2,145
anticipate_revision,16,06b68b8cce1f286654ce17a7af9ee9e5c3bcefa264913f9c9623d71c1a6e4eec,recent_never,True,,10,0,False,False,2,145
anticipate_revision,17,304cc4cb093b334aa96f8e42ccb46bde7f47c6287c5ad5df670ec057b0dbd6a2,recent_never,True,,10,0,False,False,2,145
anticipate_revision,18,727bfea16065d253b18cbc655953f180353bfbb87b997a667699229c1ac92dd1,recent_never,True,,10,0,False,False,2,145
anticipate_revision,19,ca94aebd2c7a27648dbb925c224d48858f691601f274384503aedd46baaf5023,recent_never,False,missing_receipt,10,0,False,False,2,145
anticipate_revision,20,b370c606c91b903798ad90f3673640def9bf8f7eeed467411381bb478434e15b,recent_never,True,,10,0,False,False,2,145
anticipate_revision,21,5012d2acd35fedbbb3b19f6ab7010df18713e9bc16524de1d6f9342b42c6f53d,recent_never,False,missing_receipt,10,0,False,False,2,145
anticipate_revision,22,720caca684fd8b7c77dee9d772bb240f2c04f23ad7dc5cf8db9b221cd6f6f0e8,recent_never,True,,10,0,False,False,2,145
anticipate_revision,23,fffc69a3736edeccfef14e416d5857ccf75518f524aa72f4542fa53e93eecc1f,recent_never,True,,10,0,False,False,2,145
anticipate_revision,24,832cd57e18569f445ff880017d735fee98fd369bcd95d084221f6483ec695cb1,recent_never,True,,10,0,False,False,2,145
anticipate_revision,25,eb53dfc9a36f6079c23accd74f03e0bcee906849eed87831a22bbc98fe30194f,recent_never,False,missing_receipt,10,0,False,False,2,145
anticipate_revision,26,407b5090160187b432a518ceb157f2d48eacff76a706f449a11d4814078c17be,recent_never,True,,10,0,False,False,2,145
anticipate_revision,27,4c00c38ecc2be2740153371704a24312ce43d8e34bda84a2eb48525bddfd22a7,recent_never,True,,10,0,False,False,2,145
anticipate_revision,28,361c1bdc8b2e9dc7190d5ab2bc35278bc699dd86136e8533272367ac0a2eb7a8,recent_never,True,,10,0,False,False,2,145
anticipate_revision,29,32975b1060567ccace3a10f56843033b5b93916162905af392ab9178ea8cd1d4,recent_never,True,,10,0,False,False,2,145
anticipate_revision,0,dbddf4528fb727d81aa39b079b4352f4cb38669d267641063d275ff533c0cb65,structured_never,True,,10,0,False,False,1,73
anticipate_revision,1,b78c385f70be410db2fafbfce6164d433f0c860671beaad5e57df58d552210ed,structured_never,False,missing_receipt,10,0,False,False,1,73
anticipate_revision,2,c081d5dde0c2ea21ce1f8dcccbd36b6a32e3c519aeb8b793fe084fa59841ac56,structured_never,True,,10,0,False,False,1,73
anticipate_revision,3,a90d2e84b9b1037350cc8c9928eb02fcb758bb4c8fb5ba4b2ebef1234e8cc454,structured_never,False,missing_receipt,10,0,False,False,1,73
anticipate_revision,4,a30286f2faf3976e164326016dc25386ca33225301abd8d170387fc4d96f3871,structured_never,True,,10,0,False,False,1,73
anticipate_revision,5,3e77e4ec58b1180108af03ee44ccb099b38906e8a1993b7a8a70b224e767f7fe,structured_never,False,missing_receipt,10,0,False,False,1,73
anticipate_revision,6,3f50f262241674d6393e44cd7b778ddbc380b057281defa6862d082e416d7a80,structured_never,True,,10,0,False,False,1,73
anticipate_revision,7,73642b372b68249c121a6e70f4bfd336702db2bf346095307665735bbfaff6e4,structured_never,False,missing_receipt,10,0,False,False,1,73
anticipate_revision,8,721eb922b9eef46bfe1ec4da9d3cb3b875ad3ed7140e68cd97f8a278524d6c40,structured_never,True,,10,0,False,False,2,145
anticipate_revision,9,3feba52585d57dc8a3b2e07492bfdc3bbc87c387f6677b1ac4bafa8177ed0fc5,structured_never,True,,10,0,False,False,2,145
anticipate_revision,10,fd1426102297c04822c0dadaeb8662509bbb65e906763afc85e36005e510f21e,structured_never,True,,10,0,False,False,1,73
anticipate_revision,11,adcc261c96c419ee7c3e6c59da8437083794e796d44e127127925b20215cf4fe,structured_never,False,missing_receipt,10,0,False,False,1,73
anticipate_revision,12,505cc181bbc06bc2978c81fc08da590031942570a6be41b65a15fe1aa3e93553,structured_never,True,,10,0,False,False,1,73
anticipate_revision,13,b8a0f20bb08dd31dfc5bb9c74965a75c76e0a2358036eb171c9e2e4966a15fc6,structured_never,False,missing_receipt,10,0,False,False,1,73
anticipate_revision,14,1ce0f533857fa96e1b71d0504eb2e10f1b1543e4d50e01a6837d3e7c55b94e42,structured_never,True,,10,0,False,False,1,73
anticipate_revision,15,ff2d02b308a2ab2ffee3b69369efa8c59e9db7c589866b3acc48bd97fc9caf82,structured_never,False,missing_receipt,10,0,False,False,1,73
anticipate_revision,16,06b68b8cce1f286654ce17a7af9ee9e5c3bcefa264913f9c9623d71c1a6e4eec,structured_never,True,,10,0,False,False,2,145
anticipate_revision,17,304cc4cb093b334aa96f8e42ccb46bde7f47c6287c5ad5df670ec057b0dbd6a2,structured_never,True,,10,0,False,False,2,145
anticipate_revision,18,727bfea16065d253b18cbc655953f180353bfbb87b997a667699229c1ac92dd1,structured_never,True,,10,0,False,False,1,73
anticipate_revision,19,ca94aebd2c7a27648dbb925c224d48858f691601f274384503aedd46baaf5023,structured_never,False,missing_receipt,10,0,False,False,1,73
anticipate_revision,20,b370c606c91b903798ad90f3673640def9bf8f7eeed467411381bb478434e15b,structured_never,True,,10,0,False,False,1,73
anticipate_revision,21,5012d2acd35fedbbb3b19f6ab7010df18713e9bc16524de1d6f9342b42c6f53d,structured_never,False,missing_receipt,10,0,False,False,1,73
anticipate_revision,22,720caca684fd8b7c77dee9d772bb240f2c04f23ad7dc5cf8db9b221cd6f6f0e8,structured_never,True,,10,0,False,False,2,145
anticipate_revision,23,fffc69a3736edeccfef14e416d5857ccf75518f524aa72f4542fa53e93eecc1f,structured_never,True,,10,0,False,False,2,145
anticipate_revision,24,832cd57e18569f445ff880017d735fee98fd369bcd95d084221f6483ec695cb1,structured_never,True,,10,0,False,False,1,73
anticipate_revision,25,eb53dfc9a36f6079c23accd74f03e0bcee906849eed87831a22bbc98fe30194f,structured_never,False,missing_receipt,10,0,False,False,1,73
anticipate_revision,26,407b5090160187b432a518ceb157f2d48eacff76a706f449a11d4814078c17be,structured_never,True,,10,0,False,False,2,145
anticipate_revision,27,4c00c38ecc2be2740153371704a24312ce43d8e34bda84a2eb48525bddfd22a7,structured_never,True,,10,0,False,False,2,145
anticipate_revision,28,361c1bdc8b2e9dc7190d5ab2bc35278bc699dd86136e8533272367ac0a2eb7a8,structured_never,True,,10,0,False,False,2,145
anticipate_revision,29,32975b1060567ccace3a10f56843033b5b93916162905af392ab9178ea8cd1d4,structured_never,True,,10,0,False,False,2,145
anticipate_revision,0,dbddf4528fb727d81aa39b079b4352f4cb38669d267641063d275ff533c0cb65,structured_always,True,,11,1,True,False,2,145
anticipate_revision,1,b78c385f70be410db2fafbfce6164d433f0c860671beaad5e57df58d552210ed,structured_always,True,,11,1,True,False,2,145
anticipate_revision,2,c081d5dde0c2ea21ce1f8dcccbd36b6a32e3c519aeb8b793fe084fa59841ac56,structured_always,True,,11,1,True,False,2,145
anticipate_revision,3,a90d2e84b9b1037350cc8c9928eb02fcb758bb4c8fb5ba4b2ebef1234e8cc454,structured_always,True,,11,1,True,False,2,145
anticipate_revision,4,a30286f2faf3976e164326016dc25386ca33225301abd8d170387fc4d96f3871,structured_always,True,,11,1,True,False,2,145
anticipate_revision,5,3e77e4ec58b1180108af03ee44ccb099b38906e8a1993b7a8a70b224e767f7fe,structured_always,True,,11,1,True,False,2,145
anticipate_revision,6,3f50f262241674d6393e44cd7b778ddbc380b057281defa6862d082e416d7a80,structured_always,True,,11,1,True,False,2,145
anticipate_revision,7,73642b372b68249c121a6e70f4bfd336702db2bf346095307665735bbfaff6e4,structured_always,True,,11,1,True,False,2,145
anticipate_revision,8,721eb922b9eef46bfe1ec4da9d3cb3b875ad3ed7140e68cd97f8a278524d6c40,structured_always,True,,11,1,True,False,2,145
anticipate_revision,9,3feba52585d57dc8a3b2e07492bfdc3bbc87c387f6677b1ac4bafa8177ed0fc5,structured_always,True,,11,1,True,False,2,145
anticipate_revision,10,fd1426102297c04822c0dadaeb8662509bbb65e906763afc85e36005e510f21e,structured_always,True,,11,1,True,False,2,145
anticipate_revision,11,adcc261c96c419ee7c3e6c59da8437083794e796d44e127127925b20215cf4fe,structured_always,True,,11,1,True,False,2,145
anticipate_revision,12,505cc181bbc06bc2978c81fc08da590031942570a6be41b65a15fe1aa3e93553,structured_always,True,,11,1,True,False,2,145
anticipate_revision,13,b8a0f20bb08dd31dfc5bb9c74965a75c76e0a2358036eb171c9e2e4966a15fc6,structured_always,True,,11,1,True,False,2,145
anticipate_revision,14,1ce0f533857fa96e1b71d0504eb2e10f1b1543e4d50e01a6837d3e7c55b94e42,structured_always,True,,11,1,True,False,2,145
anticipate_revision,15,ff2d02b308a2ab2ffee3b69369efa8c59e9db7c589866b3acc48bd97fc9caf82,structured_always,True,,11,1,True,False,2,145
anticipate_revision,16,06b68b8cce1f286654ce17a7af9ee9e5c3bcefa264913f9c9623d71c1a6e4eec,structured_always,True,,11,1,True,False,2,145
anticipate_revision,17,304cc4cb093b334aa96f8e42ccb46bde7f47c6287c5ad5df670ec057b0dbd6a2,structured_always,True,,11,1,True,False,2,145
anticipate_revision,18,727bfea16065d253b18cbc655953f180353bfbb87b997a667699229c1ac92dd1,structured_always,True,,11,1,True,False,2,145
anticipate_revision,19,ca94aebd2c7a27648dbb925c224d48858f691601f274384503aedd46baaf5023,structured_always,True,,11,1,True,False,2,145
anticipate_revision,20,b370c606c91b903798ad90f3673640def9bf8f7eeed467411381bb478434e15b,structured_always,True,,11,1,True,False,2,145
anticipate_revision,21,5012d2acd35fedbbb3b19f6ab7010df18713e9bc16524de1d6f9342b42c6f53d,structured_always,True,,11,1,True,False,2,145
anticipate_revision,22,720caca684fd8b7c77dee9d772bb240f2c04f23ad7dc5cf8db9b221cd6f6f0e8,structured_always,True,,11,1,True,False,2,145
anticipate_revision,23,fffc69a3736edeccfef14e416d5857ccf75518f524aa72f4542fa53e93eecc1f,structured_always,True,,11,1,True,False,2,145
anticipate_revision,24,832cd57e18569f445ff880017d735fee98fd369bcd95d084221f6483ec695cb1,structured_always,True,,11,1,True,False,2,145
anticipate_revision,25,eb53dfc9a36f6079c23accd74f03e0bcee906849eed87831a22bbc98fe30194f,structured_always,True,,11,1,True,False,2,145
anticipate_revision,26,407b5090160187b432a518ceb157f2d48eacff76a706f449a11d4814078c17be,structured_always,True,,11,1,True,False,2,145
anticipate_revision,27,4c00c38ecc2be2740153371704a24312ce43d8e34bda84a2eb48525bddfd22a7,structured_always,True,,11,1,True,False,2,145
anticipate_revision,28,361c1bdc8b2e9dc7190d5ab2bc35278bc699dd86136e8533272367ac0a2eb7a8,structured_always,True,,11,1,True,False,2,145
anticipate_revision,29,32975b1060567ccace3a10f56843033b5b93916162905af392ab9178ea8cd1d4,structured_always,True,,11,1,True,False,2,145
anticipate_revision,0,dbddf4528fb727d81aa39b079b4352f4cb38669d267641063d275ff533c0cb65,structured_budgeted,True,,10,0,False,False,1,73
anticipate_revision,1,b78c385f70be410db2fafbfce6164d433f0c860671beaad5e57df58d552210ed,structured_budgeted,False,missing_receipt,10,0,False,False,1,73
anticipate_revision,2,c081d5dde0c2ea21ce1f8dcccbd36b6a32e3c519aeb8b793fe084fa59841ac56,structured_budgeted,True,,10,0,False,False,1,73
anticipate_revision,3,a90d2e84b9b1037350cc8c9928eb02fcb758bb4c8fb5ba4b2ebef1234e8cc454,structured_budgeted,False,missing_receipt,10,0,False,False,1,73
anticipate_revision,4,a30286f2faf3976e164326016dc25386ca33225301abd8d170387fc4d96f3871,structured_budgeted,True,,10,0,False,False,1,73
anticipate_revision,5,3e77e4ec58b1180108af03ee44ccb099b38906e8a1993b7a8a70b224e767f7fe,structured_budgeted,False,missing_receipt,10,0,False,False,1,73
anticipate_revision,6,3f50f262241674d6393e44cd7b778ddbc380b057281defa6862d082e416d7a80,structured_budgeted,True,,10,0,False,False,1,73
anticipate_revision,7,73642b372b68249c121a6e70f4bfd336702db2bf346095307665735bbfaff6e4,structured_budgeted,False,missing_receipt,10,0,False,False,1,73
anticipate_revision,8,721eb922b9eef46bfe1ec4da9d3cb3b875ad3ed7140e68cd97f8a278524d6c40,structured_budgeted,True,,10,0,False,False,2,145
anticipate_revision,9,3feba52585d57dc8a3b2e07492bfdc3bbc87c387f6677b1ac4bafa8177ed0fc5,structured_budgeted,True,,10,0,False,False,2,145
anticipate_revision,10,fd1426102297c04822c0dadaeb8662509bbb65e906763afc85e36005e510f21e,structured_budgeted,True,,10,0,False,False,1,73
anticipate_revision,11,adcc261c96c419ee7c3e6c59da8437083794e796d44e127127925b20215cf4fe,structured_budgeted,False,missing_receipt,10,0,False,False,1,73
anticipate_revision,12,505cc181bbc06bc2978c81fc08da590031942570a6be41b65a15fe1aa3e93553,structured_budgeted,True,,10,0,False,False,1,73
anticipate_revision,13,b8a0f20bb08dd31dfc5bb9c74965a75c76e0a2358036eb171c9e2e4966a15fc6,structured_budgeted,False,missing_receipt,10,0,False,False,1,73
anticipate_revision,14,1ce0f533857fa96e1b71d0504eb2e10f1b1543e4d50e01a6837d3e7c55b94e42,structured_budgeted,True,,10,0,False,False,1,73
anticipate_revision,15,ff2d02b308a2ab2ffee3b69369efa8c59e9db7c589866b3acc48bd97fc9caf82,structured_budgeted,False,missing_receipt,10,0,False,False,1,73
anticipate_revision,16,06b68b8cce1f286654ce17a7af9ee9e5c3bcefa264913f9c9623d71c1a6e4eec,structured_budgeted,True,,10,0,False,False,2,145
anticipate_revision,17,304cc4cb093b334aa96f8e42ccb46bde7f47c6287c5ad5df670ec057b0dbd6a2,structured_budgeted,True,,10,0,False,False,2,145
anticipate_revision,18,727bfea16065d253b18cbc655953f180353bfbb87b997a667699229c1ac92dd1,structured_budgeted,True,,10,0,False,False,1,73
anticipate_revision,19,ca94aebd2c7a27648dbb925c224d48858f691601f274384503aedd46baaf5023,structured_budgeted,False,missing_receipt,10,0,False,False,1,73
anticipate_revision,20,b370c606c91b903798ad90f3673640def9bf8f7eeed467411381bb478434e15b,structured_budgeted,True,,10,0,False,False,1,73
anticipate_revision,21,5012d2acd35fedbbb3b19f6ab7010df18713e9bc16524de1d6f9342b42c6f53d,structured_budgeted,False,missing_receipt,10,0,False,False,1,73
anticipate_revision,22,720caca684fd8b7c77dee9d772bb240f2c04f23ad7dc5cf8db9b221cd6f6f0e8,structured_budgeted,True,,10,0,False,False,2,145
anticipate_revision,23,fffc69a3736edeccfef14e416d5857ccf75518f524aa72f4542fa53e93eecc1f,structured_budgeted,True,,10,0,False,False,2,145
anticipate_revision,24,832cd57e18569f445ff880017d735fee98fd369bcd95d084221f6483ec695cb1,structured_budgeted,True,,10,0,False,False,1,73
anticipate_revision,25,eb53dfc9a36f6079c23accd74f03e0bcee906849eed87831a22bbc98fe30194f,structured_budgeted,False,missing_receipt,10,0,False,False,1,73
anticipate_revision,26,407b5090160187b432a518ceb157f2d48eacff76a706f449a11d4814078c17be,structured_budgeted,True,,10,0,False,False,2,145
anticipate_revision,27,4c00c38ecc2be2740153371704a24312ce43d8e34bda84a2eb48525bddfd22a7,structured_budgeted,True,,10,0,False,False,2,145
anticipate_revision,28,361c1bdc8b2e9dc7190d5ab2bc35278bc699dd86136e8533272367ac0a2eb7a8,structured_budgeted,True,,10,0,False,False,2,145
anticipate_revision,29,32975b1060567ccace3a10f56843033b5b93916162905af392ab9178ea8cd1d4,structured_budgeted,True,,10,0,False,False,2,145
anticipate_revision,0,dbddf4528fb727d81aa39b079b4352f4cb38669d267641063d275ff533c0cb65,structured_never_recover,True,,10,0,False,False,1,73
anticipate_revision,1,b78c385f70be410db2fafbfce6164d433f0c860671beaad5e57df58d552210ed,structured_never_recover,True,,14,4,False,True,1,73
anticipate_revision,2,c081d5dde0c2ea21ce1f8dcccbd36b6a32e3c519aeb8b793fe084fa59841ac56,structured_never_recover,True,,10,0,False,False,1,73
anticipate_revision,3,a90d2e84b9b1037350cc8c9928eb02fcb758bb4c8fb5ba4b2ebef1234e8cc454,structured_never_recover,True,,14,4,False,True,1,73
anticipate_revision,4,a30286f2faf3976e164326016dc25386ca33225301abd8d170387fc4d96f3871,structured_never_recover,True,,10,0,False,False,1,73
anticipate_revision,5,3e77e4ec58b1180108af03ee44ccb099b38906e8a1993b7a8a70b224e767f7fe,structured_never_recover,True,,14,4,False,True,1,73
anticipate_revision,6,3f50f262241674d6393e44cd7b778ddbc380b057281defa6862d082e416d7a80,structured_never_recover,True,,10,0,False,False,1,73
anticipate_revision,7,73642b372b68249c121a6e70f4bfd336702db2bf346095307665735bbfaff6e4,structured_never_recover,True,,14,4,False,True,1,73
anticipate_revision,8,721eb922b9eef46bfe1ec4da9d3cb3b875ad3ed7140e68cd97f8a278524d6c40,structured_never_recover,True,,10,0,False,False,2,145
anticipate_revision,9,3feba52585d57dc8a3b2e07492bfdc3bbc87c387f6677b1ac4bafa8177ed0fc5,structured_never_recover,True,,10,0,False,False,2,145
anticipate_revision,10,fd1426102297c04822c0dadaeb8662509bbb65e906763afc85e36005e510f21e,structured_never_recover,True,,10,0,False,False,1,73
anticipate_revision,11,adcc261c96c419ee7c3e6c59da8437083794e796d44e127127925b20215cf4fe,structured_never_recover,True,,14,4,False,True,1,73
anticipate_revision,12,505cc181bbc06bc2978c81fc08da590031942570a6be41b65a15fe1aa3e93553,structured_never_recover,True,,10,0,False,False,1,73
anticipate_revision,13,b8a0f20bb08dd31dfc5bb9c74965a75c76e0a2358036eb171c9e2e4966a15fc6,structured_never_recover,True,,14,4,False,True,1,73
anticipate_revision,14,1ce0f533857fa96e1b71d0504eb2e10f1b1543e4d50e01a6837d3e7c55b94e42,structured_never_recover,True,,10,0,False,False,1,73
anticipate_revision,15,ff2d02b308a2ab2ffee3b69369efa8c59e9db7c589866b3acc48bd97fc9caf82,structured_never_recover,True,,14,4,False,True,1,73
anticipate_revision,16,06b68b8cce1f286654ce17a7af9ee9e5c3bcefa264913f9c9623d71c1a6e4eec,structured_never_recover,True,,10,0,False,False,2,145
anticipate_revision,17,304cc4cb093b334aa96f8e42ccb46bde7f47c6287c5ad5df670ec057b0dbd6a2,structured_never_recover,True,,10,0,False,False,2,145
anticipate_revision,18,727bfea16065d253b18cbc655953f180353bfbb87b997a667699229c1ac92dd1,structured_never_recover,True,,10,0,False,False,1,73
anticipate_revision,19,ca94aebd2c7a27648dbb925c224d48858f691601f274384503aedd46baaf5023,structured_never_recover,True,,14,4,False,True,1,73
anticipate_revision,20,b370c606c91b903798ad90f3673640def9bf8f7eeed467411381bb478434e15b,structured_never_recover,True,,10,0,False,False,1,73
anticipate_revision,21,5012d2acd35fedbbb3b19f6ab7010df18713e9bc16524de1d6f9342b42c6f53d,structured_never_recover,True,,14,4,False,True,1,73
anticipate_revision,22,720caca684fd8b7c77dee9d772bb240f2c04f23ad7dc5cf8db9b221cd6f6f0e8,structured_never_recover,True,,10,0,False,False,2,145
anticipate_revision,23,fffc69a3736edeccfef14e416d5857ccf75518f524aa72f4542fa53e93eecc1f,structured_never_recover,True,,10,0,False,False,2,145
anticipate_revision,24,832cd57e18569f445ff880017d735fee98fd369bcd95d084221f6483ec695cb1,structured_never_recover,True,,10,0,False,False,1,73
anticipate_revision,25,eb53dfc9a36f6079c23accd74f03e0bcee906849eed87831a22bbc98fe30194f,structured_never_recover,True,,14,4,False,True,1,73
anticipate_revision,26,407b5090160187b432a518ceb157f2d48eacff76a706f449a11d4814078c17be,structured_never_recover,True,,10,0,False,False,2,145
anticipate_revision,27,4c00c38ecc2be2740153371704a24312ce43d8e34bda84a2eb48525bddfd22a7,structured_never_recover,True,,10,0,False,False,2,145
anticipate_revision,28,361c1bdc8b2e9dc7190d5ab2bc35278bc699dd86136e8533272367ac0a2eb7a8,structured_never_recover,True,,10,0,False,False,2,145
anticipate_revision,29,32975b1060567ccace3a10f56843033b5b93916162905af392ab9178ea8cd1d4,structured_never_recover,True,,10,0,False,False,2,145
anticipate_revision,0,dbddf4528fb727d81aa39b079b4352f4cb38669d267641063d275ff533c0cb65,structured_always_recover,True,,11,1,True,False,2,145
anticipate_revision,1,b78c385f70be410db2fafbfce6164d433f0c860671beaad5e57df58d552210ed,structured_always_recover,True,,11,1,True,False,2,145
anticipate_revision,2,c081d5dde0c2ea21ce1f8dcccbd36b6a32e3c519aeb8b793fe084fa59841ac56,structured_always_recover,True,,11,1,True,False,2,145
anticipate_revision,3,a90d2e84b9b1037350cc8c9928eb02fcb758bb4c8fb5ba4b2ebef1234e8cc454,structured_always_recover,True,,11,1,True,False,2,145
anticipate_revision,4,a30286f2faf3976e164326016dc25386ca33225301abd8d170387fc4d96f3871,structured_always_recover,True,,11,1,True,False,2,145
anticipate_revision,5,3e77e4ec58b1180108af03ee44ccb099b38906e8a1993b7a8a70b224e767f7fe,structured_always_recover,True,,11,1,True,False,2,145
anticipate_revision,6,3f50f262241674d6393e44cd7b778ddbc380b057281defa6862d082e416d7a80,structured_always_recover,True,,11,1,True,False,2,145
anticipate_revision,7,73642b372b68249c121a6e70f4bfd336702db2bf346095307665735bbfaff6e4,structured_always_recover,True,,11,1,True,False,2,145
anticipate_revision,8,721eb922b9eef46bfe1ec4da9d3cb3b875ad3ed7140e68cd97f8a278524d6c40,structured_always_recover,True,,11,1,True,False,2,145
anticipate_revision,9,3feba52585d57dc8a3b2e07492bfdc3bbc87c387f6677b1ac4bafa8177ed0fc5,structured_always_recover,True,,11,1,True,False,2,145
anticipate_revision,10,fd1426102297c04822c0dadaeb8662509bbb65e906763afc85e36005e510f21e,structured_always_recover,True,,11,1,True,False,2,145
anticipate_revision,11,adcc261c96c419ee7c3e6c59da8437083794e796d44e127127925b20215cf4fe,structured_always_recover,True,,11,1,True,False,2,145
anticipate_revision,12,505cc181bbc06bc2978c81fc08da590031942570a6be41b65a15fe1aa3e93553,structured_always_recover,True,,11,1,True,False,2,145
anticipate_revision,13,b8a0f20bb08dd31dfc5bb9c74965a75c76e0a2358036eb171c9e2e4966a15fc6,structured_always_recover,True,,11,1,True,False,2,145
anticipate_revision,14,1ce0f533857fa96e1b71d0504eb2e10f1b1543e4d50e01a6837d3e7c55b94e42,structured_always_recover,True,,11,1,True,False,2,145
anticipate_revision,15,ff2d02b308a2ab2ffee3b69369efa8c59e9db7c589866b3acc48bd97fc9caf82,structured_always_recover,True,,11,1,True,False,2,145
anticipate_revision,16,06b68b8cce1f286654ce17a7af9ee9e5c3bcefa264913f9c9623d71c1a6e4eec,structured_always_recover,True,,11,1,True,False,2,145
anticipate_revision,17,304cc4cb093b334aa96f8e42ccb46bde7f47c6287c5ad5df670ec057b0dbd6a2,structured_always_recover,True,,11,1,True,False,2,145
anticipate_revision,18,727bfea16065d253b18cbc655953f180353bfbb87b997a667699229c1ac92dd1,structured_always_recover,True,,11,1,True,False,2,145
anticipate_revision,19,ca94aebd2c7a27648dbb925c224d48858f691601f274384503aedd46baaf5023,structured_always_recover,True,,11,1,True,False,2,145
anticipate_revision,20,b370c606c91b903798ad90f3673640def9bf8f7eeed467411381bb478434e15b,structured_always_recover,True,,11,1,True,False,2,145
anticipate_revision,21,5012d2acd35fedbbb3b19f6ab7010df18713e9bc16524de1d6f9342b42c6f53d,structured_always_recover,True,,11,1,True,False,2,145
anticipate_revision,22,720caca684fd8b7c77dee9d772bb240f2c04f23ad7dc5cf8db9b221cd6f6f0e8,structured_always_recover,True,,11,1,True,False,2,145
anticipate_revision,23,fffc69a3736edeccfef14e416d5857ccf75518f524aa72f4542fa53e93eecc1f,structured_always_recover,True,,11,1,True,False,2,145
anticipate_revision,24,832cd57e18569f445ff880017d735fee98fd369bcd95d084221f6483ec695cb1,structured_always_recover,True,,11,1,True,False,2,145
anticipate_revision,25,eb53dfc9a36f6079c23accd74f03e0bcee906849eed87831a22bbc98fe30194f,structured_always_recover,True,,11,1,True,False,2,145
anticipate_revision,26,407b5090160187b432a518ceb157f2d48eacff76a706f449a11d4814078c17be,structured_always_recover,True,,11,1,True,False,2,145
anticipate_revision,27,4c00c38ecc2be2740153371704a24312ce43d8e34bda84a2eb48525bddfd22a7,structured_always_recover,True,,11,1,True,False,2,145
anticipate_revision,28,361c1bdc8b2e9dc7190d5ab2bc35278bc699dd86136e8533272367ac0a2eb7a8,structured_always_recover,True,,11,1,True,False,2,145
anticipate_revision,29,32975b1060567ccace3a10f56843033b5b93916162905af392ab9178ea8cd1d4,structured_always_recover,True,,11,1,True,False,2,145
