jobs,candidates,first_capacity,second_capacity,revise,probe_cost,recovery_cost,p0,p1,minimum_expected_extra_cost_for_success_one,optimal_endpoints
6,1,0,0,False,1,0,0,0,0,retain+recover
6,1,0,0,False,1,1,0,0,1,retain+recover
6,1,0,0,False,1,2,0,0,2,retain+recover
6,1,0,0,False,1,4,0,0,4,retain+recover
6,1,0,0,False,1,8,0,0,8,retain+recover
6,1,0,0,False,2,0,0,0,0,retain+recover
6,1,0,0,False,2,1,0,0,1,retain+recover
6,1,0,0,False,2,2,0,0,2,retain+recover
6,1,0,0,False,2,4,0,0,4,retain+recover
6,1,0,0,False,2,8,0,0,8,retain+recover
6,1,0,0,False,4,0,0,0,0,retain+recover
6,1,0,0,False,4,1,0,0,1,retain+recover
6,1,0,0,False,4,2,0,0,2,retain+recover
6,1,0,0,False,4,4,0,0,4,retain+recover
6,1,0,0,False,4,8,0,0,8,retain+recover
6,1,0,0,True,1,0,0,0,0,retain+recover
6,1,0,0,True,1,1,0,0,1,retain+recover
6,1,0,0,True,1,2,0,0,2,retain+recover
6,1,0,0,True,1,4,0,0,4,retain+recover
6,1,0,0,True,1,8,0,0,8,retain+recover
6,1,0,0,True,2,0,0,0,0,retain+recover
6,1,0,0,True,2,1,0,0,1,retain+recover
6,1,0,0,True,2,2,0,0,2,retain+recover
6,1,0,0,True,2,4,0,0,4,retain+recover
6,1,0,0,True,2,8,0,0,8,retain+recover
6,1,0,0,True,4,0,0,0,0,retain+recover
6,1,0,0,True,4,1,0,0,1,retain+recover
6,1,0,0,True,4,2,0,0,2,retain+recover
6,1,0,0,True,4,4,0,0,4,retain+recover
6,1,0,0,True,4,8,0,0,8,retain+recover
6,1,0,1,False,1,0,0,0,0,retain+recover
6,1,0,1,False,1,1,0,0,1,retain+recover
6,1,0,1,False,1,2,0,0,2,retain+recover
6,1,0,1,False,1,4,0,0,4,retain+recover
6,1,0,1,False,1,8,0,0,8,retain+recover
6,1,0,1,False,2,0,0,0,0,retain+recover
6,1,0,1,False,2,1,0,0,1,retain+recover
6,1,0,1,False,2,2,0,0,2,retain+recover
6,1,0,1,False,2,4,0,0,4,retain+recover
6,1,0,1,False,2,8,0,0,8,retain+recover
6,1,0,1,False,4,0,0,0,0,retain+recover
6,1,0,1,False,4,1,0,0,1,retain+recover
6,1,0,1,False,4,2,0,0,2,retain+recover
6,1,0,1,False,4,4,0,0,4,retain+recover
6,1,0,1,False,4,8,0,0,8,retain+recover
6,1,0,1,True,1,0,1,1,0,retain;retain+recover
6,1,0,1,True,1,1,1,1,0,retain;retain+recover
6,1,0,1,True,1,2,1,1,0,retain;retain+recover
6,1,0,1,True,1,4,1,1,0,retain;retain+recover
6,1,0,1,True,1,8,1,1,0,retain;retain+recover
6,1,0,1,True,2,0,1,1,0,retain;retain+recover
6,1,0,1,True,2,1,1,1,0,retain;retain+recover
6,1,0,1,True,2,2,1,1,0,retain;retain+recover
6,1,0,1,True,2,4,1,1,0,retain;retain+recover
6,1,0,1,True,2,8,1,1,0,retain;retain+recover
6,1,0,1,True,4,0,1,1,0,retain;retain+recover
6,1,0,1,True,4,1,1,1,0,retain;retain+recover
6,1,0,1,True,4,2,1,1,0,retain;retain+recover
6,1,0,1,True,4,4,1,1,0,retain;retain+recover
6,1,0,1,True,4,8,1,1,0,retain;retain+recover
6,1,0,2,False,1,0,0,0,0,retain+recover
6,1,0,2,False,1,1,0,0,1,retain+recover
6,1,0,2,False,1,2,0,0,2,retain+recover
6,1,0,2,False,1,4,0,0,4,retain+recover
6,1,0,2,False,1,8,0,0,8,retain+recover
6,1,0,2,False,2,0,0,0,0,retain+recover
6,1,0,2,False,2,1,0,0,1,retain+recover
6,1,0,2,False,2,2,0,0,2,retain+recover
6,1,0,2,False,2,4,0,0,4,retain+recover
6,1,0,2,False,2,8,0,0,8,retain+recover
6,1,0,2,False,4,0,0,0,0,retain+recover
6,1,0,2,False,4,1,0,0,1,retain+recover
6,1,0,2,False,4,2,0,0,2,retain+recover
6,1,0,2,False,4,4,0,0,4,retain+recover
6,1,0,2,False,4,8,0,0,8,retain+recover
6,1,0,2,True,1,0,1,1,0,retain;retain+recover
6,1,0,2,True,1,1,1,1,0,retain;retain+recover
6,1,0,2,True,1,2,1,1,0,retain;retain+recover
6,1,0,2,True,1,4,1,1,0,retain;retain+recover
6,1,0,2,True,1,8,1,1,0,retain;retain+recover
6,1,0,2,True,2,0,1,1,0,retain;retain+recover
6,1,0,2,True,2,1,1,1,0,retain;retain+recover
6,1,0,2,True,2,2,1,1,0,retain;retain+recover
6,1,0,2,True,2,4,1,1,0,retain;retain+recover
6,1,0,2,True,2,8,1,1,0,retain;retain+recover
6,1,0,2,True,4,0,1,1,0,retain;retain+recover
6,1,0,2,True,4,1,1,1,0,retain;retain+recover
6,1,0,2,True,4,2,1,1,0,retain;retain+recover
6,1,0,2,True,4,4,1,1,0,retain;retain+recover
6,1,0,2,True,4,8,1,1,0,retain;retain+recover
6,1,0,3,False,1,0,0,0,0,retain+recover
6,1,0,3,False,1,1,0,0,1,retain+recover
6,1,0,3,False,1,2,0,0,2,retain+recover
6,1,0,3,False,1,4,0,0,4,retain+recover
6,1,0,3,False,1,8,0,0,8,retain+recover
6,1,0,3,False,2,0,0,0,0,retain+recover
6,1,0,3,False,2,1,0,0,1,retain+recover
6,1,0,3,False,2,2,0,0,2,retain+recover
6,1,0,3,False,2,4,0,0,4,retain+recover
6,1,0,3,False,2,8,0,0,8,retain+recover
6,1,0,3,False,4,0,0,0,0,retain+recover
6,1,0,3,False,4,1,0,0,1,retain+recover
6,1,0,3,False,4,2,0,0,2,retain+recover
6,1,0,3,False,4,4,0,0,4,retain+recover
6,1,0,3,False,4,8,0,0,8,retain+recover
6,1,0,3,True,1,0,1,1,0,retain;retain+recover
6,1,0,3,True,1,1,1,1,0,retain;retain+recover
6,1,0,3,True,1,2,1,1,0,retain;retain+recover
6,1,0,3,True,1,4,1,1,0,retain;retain+recover
6,1,0,3,True,1,8,1,1,0,retain;retain+recover
6,1,0,3,True,2,0,1,1,0,retain;retain+recover
6,1,0,3,True,2,1,1,1,0,retain;retain+recover
6,1,0,3,True,2,2,1,1,0,retain;retain+recover
6,1,0,3,True,2,4,1,1,0,retain;retain+recover
6,1,0,3,True,2,8,1,1,0,retain;retain+recover
6,1,0,3,True,4,0,1,1,0,retain;retain+recover
6,1,0,3,True,4,1,1,1,0,retain;retain+recover
6,1,0,3,True,4,2,1,1,0,retain;retain+recover
6,1,0,3,True,4,4,1,1,0,retain;retain+recover
6,1,0,3,True,4,8,1,1,0,retain;retain+recover
6,1,0,6,False,1,0,0,0,0,retain+recover
6,1,0,6,False,1,1,0,0,1,retain+recover
6,1,0,6,False,1,2,0,0,2,retain+recover
6,1,0,6,False,1,4,0,0,4,retain+recover
6,1,0,6,False,1,8,0,0,8,retain+recover
6,1,0,6,False,2,0,0,0,0,retain+recover
6,1,0,6,False,2,1,0,0,1,retain+recover
6,1,0,6,False,2,2,0,0,2,retain+recover
6,1,0,6,False,2,4,0,0,4,retain+recover
6,1,0,6,False,2,8,0,0,8,retain+recover
6,1,0,6,False,4,0,0,0,0,retain+recover
6,1,0,6,False,4,1,0,0,1,retain+recover
6,1,0,6,False,4,2,0,0,2,retain+recover
6,1,0,6,False,4,4,0,0,4,retain+recover
6,1,0,6,False,4,8,0,0,8,retain+recover
6,1,0,6,True,1,0,1,1,0,retain;retain+recover
6,1,0,6,True,1,1,1,1,0,retain;retain+recover
6,1,0,6,True,1,2,1,1,0,retain;retain+recover
6,1,0,6,True,1,4,1,1,0,retain;retain+recover
6,1,0,6,True,1,8,1,1,0,retain;retain+recover
6,1,0,6,True,2,0,1,1,0,retain;retain+recover
6,1,0,6,True,2,1,1,1,0,retain;retain+recover
6,1,0,6,True,2,2,1,1,0,retain;retain+recover
6,1,0,6,True,2,4,1,1,0,retain;retain+recover
6,1,0,6,True,2,8,1,1,0,retain;retain+recover
6,1,0,6,True,4,0,1,1,0,retain;retain+recover
6,1,0,6,True,4,1,1,1,0,retain;retain+recover
6,1,0,6,True,4,2,1,1,0,retain;retain+recover
6,1,0,6,True,4,4,1,1,0,retain;retain+recover
6,1,0,6,True,4,8,1,1,0,retain;retain+recover
6,1,1,0,False,1,0,0,0,0,retain+recover
6,1,1,0,False,1,1,0,0,1,retain+recover
6,1,1,0,False,1,2,0,0,2,retain+recover
6,1,1,0,False,1,4,0,0,4,retain+recover
6,1,1,0,False,1,8,0,0,8,retain+recover
6,1,1,0,False,2,0,0,0,0,retain+recover
6,1,1,0,False,2,1,0,0,1,retain+recover
6,1,1,0,False,2,2,0,0,2,retain+recover
6,1,1,0,False,2,4,0,0,4,retain+recover
6,1,1,0,False,2,8,0,0,8,retain+recover
6,1,1,0,False,4,0,0,0,0,retain+recover
6,1,1,0,False,4,1,0,0,1,retain+recover
6,1,1,0,False,4,2,0,0,2,retain+recover
6,1,1,0,False,4,4,0,0,4,retain+recover
6,1,1,0,False,4,8,0,0,8,retain+recover
6,1,1,0,True,1,0,0,0,0,retain+recover
6,1,1,0,True,1,1,0,0,1,retain+recover
6,1,1,0,True,1,2,0,0,2,retain+recover
6,1,1,0,True,1,4,0,0,4,retain+recover
6,1,1,0,True,1,8,0,0,8,retain+recover
6,1,1,0,True,2,0,0,0,0,retain+recover
6,1,1,0,True,2,1,0,0,1,retain+recover
6,1,1,0,True,2,2,0,0,2,retain+recover
6,1,1,0,True,2,4,0,0,4,retain+recover
6,1,1,0,True,2,8,0,0,8,retain+recover
6,1,1,0,True,4,0,0,0,0,retain+recover
6,1,1,0,True,4,1,0,0,1,retain+recover
6,1,1,0,True,4,2,0,0,2,retain+recover
6,1,1,0,True,4,4,0,0,4,retain+recover
6,1,1,0,True,4,8,0,0,8,retain+recover
6,1,1,1,False,1,0,1/6,1,0,retain+recover
6,1,1,1,False,1,1,1/6,1,5/6,retain+recover
6,1,1,1,False,1,2,1/6,1,1,inspect;inspect+recover
6,1,1,1,False,1,4,1/6,1,1,inspect;inspect+recover
6,1,1,1,False,1,8,1/6,1,1,inspect;inspect+recover
6,1,1,1,False,2,0,1/6,1,0,retain+recover
6,1,1,1,False,2,1,1/6,1,5/6,retain+recover
6,1,1,1,False,2,2,1/6,1,5/3,retain+recover
6,1,1,1,False,2,4,1/6,1,2,inspect;inspect+recover
6,1,1,1,False,2,8,1/6,1,2,inspect;inspect+recover
6,1,1,1,False,4,0,1/6,1,0,retain+recover
6,1,1,1,False,4,1,1/6,1,5/6,retain+recover
6,1,1,1,False,4,2,1/6,1,5/3,retain+recover
6,1,1,1,False,4,4,1/6,1,10/3,retain+recover
6,1,1,1,False,4,8,1/6,1,4,inspect;inspect+recover
6,1,1,1,True,1,0,1,1,0,retain;retain+recover
6,1,1,1,True,1,1,1,1,0,retain;retain+recover
6,1,1,1,True,1,2,1,1,0,retain;retain+recover
6,1,1,1,True,1,4,1,1,0,retain;retain+recover
6,1,1,1,True,1,8,1,1,0,retain;retain+recover
6,1,1,1,True,2,0,1,1,0,retain;retain+recover
6,1,1,1,True,2,1,1,1,0,retain;retain+recover
6,1,1,1,True,2,2,1,1,0,retain;retain+recover
6,1,1,1,True,2,4,1,1,0,retain;retain+recover
6,1,1,1,True,2,8,1,1,0,retain;retain+recover
6,1,1,1,True,4,0,1,1,0,retain;retain+recover
6,1,1,1,True,4,1,1,1,0,retain;retain+recover
6,1,1,1,True,4,2,1,1,0,retain;retain+recover
6,1,1,1,True,4,4,1,1,0,retain;retain+recover
6,1,1,1,True,4,8,1,1,0,retain;retain+recover
6,1,1,2,False,1,0,1/6,1,0,retain+recover
6,1,1,2,False,1,1,1/6,1,5/6,retain+recover
6,1,1,2,False,1,2,1/6,1,1,inspect;inspect+recover
6,1,1,2,False,1,4,1/6,1,1,inspect;inspect+recover
6,1,1,2,False,1,8,1/6,1,1,inspect;inspect+recover
6,1,1,2,False,2,0,1/6,1,0,retain+recover
6,1,1,2,False,2,1,1/6,1,5/6,retain+recover
6,1,1,2,False,2,2,1/6,1,5/3,retain+recover
6,1,1,2,False,2,4,1/6,1,2,inspect;inspect+recover
6,1,1,2,False,2,8,1/6,1,2,inspect;inspect+recover
6,1,1,2,False,4,0,1/6,1,0,retain+recover
6,1,1,2,False,4,1,1/6,1,5/6,retain+recover
6,1,1,2,False,4,2,1/6,1,5/3,retain+recover
6,1,1,2,False,4,4,1/6,1,10/3,retain+recover
6,1,1,2,False,4,8,1/6,1,4,inspect;inspect+recover
6,1,1,2,True,1,0,1,1,0,retain;retain+recover
6,1,1,2,True,1,1,1,1,0,retain;retain+recover
6,1,1,2,True,1,2,1,1,0,retain;retain+recover
6,1,1,2,True,1,4,1,1,0,retain;retain+recover
6,1,1,2,True,1,8,1,1,0,retain;retain+recover
6,1,1,2,True,2,0,1,1,0,retain;retain+recover
6,1,1,2,True,2,1,1,1,0,retain;retain+recover
6,1,1,2,True,2,2,1,1,0,retain;retain+recover
6,1,1,2,True,2,4,1,1,0,retain;retain+recover
6,1,1,2,True,2,8,1,1,0,retain;retain+recover
6,1,1,2,True,4,0,1,1,0,retain;retain+recover
6,1,1,2,True,4,1,1,1,0,retain;retain+recover
6,1,1,2,True,4,2,1,1,0,retain;retain+recover
6,1,1,2,True,4,4,1,1,0,retain;retain+recover
6,1,1,2,True,4,8,1,1,0,retain;retain+recover
6,1,1,3,False,1,0,1/6,1,0,retain+recover
6,1,1,3,False,1,1,1/6,1,5/6,retain+recover
6,1,1,3,False,1,2,1/6,1,1,inspect;inspect+recover
6,1,1,3,False,1,4,1/6,1,1,inspect;inspect+recover
6,1,1,3,False,1,8,1/6,1,1,inspect;inspect+recover
6,1,1,3,False,2,0,1/6,1,0,retain+recover
6,1,1,3,False,2,1,1/6,1,5/6,retain+recover
6,1,1,3,False,2,2,1/6,1,5/3,retain+recover
6,1,1,3,False,2,4,1/6,1,2,inspect;inspect+recover
6,1,1,3,False,2,8,1/6,1,2,inspect;inspect+recover
6,1,1,3,False,4,0,1/6,1,0,retain+recover
6,1,1,3,False,4,1,1/6,1,5/6,retain+recover
6,1,1,3,False,4,2,1/6,1,5/3,retain+recover
6,1,1,3,False,4,4,1/6,1,10/3,retain+recover
6,1,1,3,False,4,8,1/6,1,4,inspect;inspect+recover
6,1,1,3,True,1,0,1,1,0,retain;retain+recover
6,1,1,3,True,1,1,1,1,0,retain;retain+recover
6,1,1,3,True,1,2,1,1,0,retain;retain+recover
6,1,1,3,True,1,4,1,1,0,retain;retain+recover
6,1,1,3,True,1,8,1,1,0,retain;retain+recover
6,1,1,3,True,2,0,1,1,0,retain;retain+recover
6,1,1,3,True,2,1,1,1,0,retain;retain+recover
6,1,1,3,True,2,2,1,1,0,retain;retain+recover
6,1,1,3,True,2,4,1,1,0,retain;retain+recover
6,1,1,3,True,2,8,1,1,0,retain;retain+recover
6,1,1,3,True,4,0,1,1,0,retain;retain+recover
6,1,1,3,True,4,1,1,1,0,retain;retain+recover
6,1,1,3,True,4,2,1,1,0,retain;retain+recover
6,1,1,3,True,4,4,1,1,0,retain;retain+recover
6,1,1,3,True,4,8,1,1,0,retain;retain+recover
6,1,1,6,False,1,0,1/6,1,0,retain+recover
6,1,1,6,False,1,1,1/6,1,5/6,retain+recover
6,1,1,6,False,1,2,1/6,1,1,inspect;inspect+recover
6,1,1,6,False,1,4,1/6,1,1,inspect;inspect+recover
6,1,1,6,False,1,8,1/6,1,1,inspect;inspect+recover
6,1,1,6,False,2,0,1/6,1,0,retain+recover
6,1,1,6,False,2,1,1/6,1,5/6,retain+recover
6,1,1,6,False,2,2,1/6,1,5/3,retain+recover
6,1,1,6,False,2,4,1/6,1,2,inspect;inspect+recover
6,1,1,6,False,2,8,1/6,1,2,inspect;inspect+recover
6,1,1,6,False,4,0,1/6,1,0,retain+recover
6,1,1,6,False,4,1,1/6,1,5/6,retain+recover
6,1,1,6,False,4,2,1/6,1,5/3,retain+recover
6,1,1,6,False,4,4,1/6,1,10/3,retain+recover
6,1,1,6,False,4,8,1/6,1,4,inspect;inspect+recover
6,1,1,6,True,1,0,1,1,0,retain;retain+recover
6,1,1,6,True,1,1,1,1,0,retain;retain+recover
6,1,1,6,True,1,2,1,1,0,retain;retain+recover
6,1,1,6,True,1,4,1,1,0,retain;retain+recover
6,1,1,6,True,1,8,1,1,0,retain;retain+recover
6,1,1,6,True,2,0,1,1,0,retain;retain+recover
6,1,1,6,True,2,1,1,1,0,retain;retain+recover
6,1,1,6,True,2,2,1,1,0,retain;retain+recover
6,1,1,6,True,2,4,1,1,0,retain;retain+recover
6,1,1,6,True,2,8,1,1,0,retain;retain+recover
6,1,1,6,True,4,0,1,1,0,retain;retain+recover
6,1,1,6,True,4,1,1,1,0,retain;retain+recover
6,1,1,6,True,4,2,1,1,0,retain;retain+recover
6,1,1,6,True,4,4,1,1,0,retain;retain+recover
6,1,1,6,True,4,8,1,1,0,retain;retain+recover
6,1,2,0,False,1,0,0,0,0,retain+recover
6,1,2,0,False,1,1,0,0,1,retain+recover
6,1,2,0,False,1,2,0,0,2,retain+recover
6,1,2,0,False,1,4,0,0,4,retain+recover
6,1,2,0,False,1,8,0,0,8,retain+recover
6,1,2,0,False,2,0,0,0,0,retain+recover
6,1,2,0,False,2,1,0,0,1,retain+recover
6,1,2,0,False,2,2,0,0,2,retain+recover
6,1,2,0,False,2,4,0,0,4,retain+recover
6,1,2,0,False,2,8,0,0,8,retain+recover
6,1,2,0,False,4,0,0,0,0,retain+recover
6,1,2,0,False,4,1,0,0,1,retain+recover
6,1,2,0,False,4,2,0,0,2,retain+recover
6,1,2,0,False,4,4,0,0,4,retain+recover
6,1,2,0,False,4,8,0,0,8,retain+recover
6,1,2,0,True,1,0,0,0,0,retain+recover
6,1,2,0,True,1,1,0,0,1,retain+recover
6,1,2,0,True,1,2,0,0,2,retain+recover
6,1,2,0,True,1,4,0,0,4,retain+recover
6,1,2,0,True,1,8,0,0,8,retain+recover
6,1,2,0,True,2,0,0,0,0,retain+recover
6,1,2,0,True,2,1,0,0,1,retain+recover
6,1,2,0,True,2,2,0,0,2,retain+recover
6,1,2,0,True,2,4,0,0,4,retain+recover
6,1,2,0,True,2,8,0,0,8,retain+recover
6,1,2,0,True,4,0,0,0,0,retain+recover
6,1,2,0,True,4,1,0,0,1,retain+recover
6,1,2,0,True,4,2,0,0,2,retain+recover
6,1,2,0,True,4,4,0,0,4,retain+recover
6,1,2,0,True,4,8,0,0,8,retain+recover
6,1,2,1,False,1,0,1/3,1,0,retain+recover
6,1,2,1,False,1,1,1/3,1,2/3,retain+recover
6,1,2,1,False,1,2,1/3,1,1,inspect;inspect+recover
6,1,2,1,False,1,4,1/3,1,1,inspect;inspect+recover
6,1,2,1,False,1,8,1/3,1,1,inspect;inspect+recover
6,1,2,1,False,2,0,1/3,1,0,retain+recover
6,1,2,1,False,2,1,1/3,1,2/3,retain+recover
6,1,2,1,False,2,2,1/3,1,4/3,retain+recover
6,1,2,1,False,2,4,1/3,1,2,inspect;inspect+recover
6,1,2,1,False,2,8,1/3,1,2,inspect;inspect+recover
6,1,2,1,False,4,0,1/3,1,0,retain+recover
6,1,2,1,False,4,1,1/3,1,2/3,retain+recover
6,1,2,1,False,4,2,1/3,1,4/3,retain+recover
6,1,2,1,False,4,4,1/3,1,8/3,retain+recover
6,1,2,1,False,4,8,1/3,1,4,inspect;inspect+recover
6,1,2,1,True,1,0,1,1,0,retain;retain+recover
6,1,2,1,True,1,1,1,1,0,retain;retain+recover
6,1,2,1,True,1,2,1,1,0,retain;retain+recover
6,1,2,1,True,1,4,1,1,0,retain;retain+recover
6,1,2,1,True,1,8,1,1,0,retain;retain+recover
6,1,2,1,True,2,0,1,1,0,retain;retain+recover
6,1,2,1,True,2,1,1,1,0,retain;retain+recover
6,1,2,1,True,2,2,1,1,0,retain;retain+recover
6,1,2,1,True,2,4,1,1,0,retain;retain+recover
6,1,2,1,True,2,8,1,1,0,retain;retain+recover
6,1,2,1,True,4,0,1,1,0,retain;retain+recover
6,1,2,1,True,4,1,1,1,0,retain;retain+recover
6,1,2,1,True,4,2,1,1,0,retain;retain+recover
6,1,2,1,True,4,4,1,1,0,retain;retain+recover
6,1,2,1,True,4,8,1,1,0,retain;retain+recover
6,1,2,2,False,1,0,1/3,1,0,retain+recover
6,1,2,2,False,1,1,1/3,1,2/3,retain+recover
6,1,2,2,False,1,2,1/3,1,1,inspect;inspect+recover
6,1,2,2,False,1,4,1/3,1,1,inspect;inspect+recover
6,1,2,2,False,1,8,1/3,1,1,inspect;inspect+recover
6,1,2,2,False,2,0,1/3,1,0,retain+recover
6,1,2,2,False,2,1,1/3,1,2/3,retain+recover
6,1,2,2,False,2,2,1/3,1,4/3,retain+recover
6,1,2,2,False,2,4,1/3,1,2,inspect;inspect+recover
6,1,2,2,False,2,8,1/3,1,2,inspect;inspect+recover
6,1,2,2,False,4,0,1/3,1,0,retain+recover
6,1,2,2,False,4,1,1/3,1,2/3,retain+recover
6,1,2,2,False,4,2,1/3,1,4/3,retain+recover
6,1,2,2,False,4,4,1/3,1,8/3,retain+recover
6,1,2,2,False,4,8,1/3,1,4,inspect;inspect+recover
6,1,2,2,True,1,0,1,1,0,retain;retain+recover
6,1,2,2,True,1,1,1,1,0,retain;retain+recover
6,1,2,2,True,1,2,1,1,0,retain;retain+recover
6,1,2,2,True,1,4,1,1,0,retain;retain+recover
6,1,2,2,True,1,8,1,1,0,retain;retain+recover
6,1,2,2,True,2,0,1,1,0,retain;retain+recover
6,1,2,2,True,2,1,1,1,0,retain;retain+recover
6,1,2,2,True,2,2,1,1,0,retain;retain+recover
6,1,2,2,True,2,4,1,1,0,retain;retain+recover
6,1,2,2,True,2,8,1,1,0,retain;retain+recover
6,1,2,2,True,4,0,1,1,0,retain;retain+recover
6,1,2,2,True,4,1,1,1,0,retain;retain+recover
6,1,2,2,True,4,2,1,1,0,retain;retain+recover
6,1,2,2,True,4,4,1,1,0,retain;retain+recover
6,1,2,2,True,4,8,1,1,0,retain;retain+recover
6,1,2,3,False,1,0,1/3,1,0,retain+recover
6,1,2,3,False,1,1,1/3,1,2/3,retain+recover
6,1,2,3,False,1,2,1/3,1,1,inspect;inspect+recover
6,1,2,3,False,1,4,1/3,1,1,inspect;inspect+recover
6,1,2,3,False,1,8,1/3,1,1,inspect;inspect+recover
6,1,2,3,False,2,0,1/3,1,0,retain+recover
6,1,2,3,False,2,1,1/3,1,2/3,retain+recover
6,1,2,3,False,2,2,1/3,1,4/3,retain+recover
6,1,2,3,False,2,4,1/3,1,2,inspect;inspect+recover
6,1,2,3,False,2,8,1/3,1,2,inspect;inspect+recover
6,1,2,3,False,4,0,1/3,1,0,retain+recover
6,1,2,3,False,4,1,1/3,1,2/3,retain+recover
6,1,2,3,False,4,2,1/3,1,4/3,retain+recover
6,1,2,3,False,4,4,1/3,1,8/3,retain+recover
6,1,2,3,False,4,8,1/3,1,4,inspect;inspect+recover
6,1,2,3,True,1,0,1,1,0,retain;retain+recover
6,1,2,3,True,1,1,1,1,0,retain;retain+recover
6,1,2,3,True,1,2,1,1,0,retain;retain+recover
6,1,2,3,True,1,4,1,1,0,retain;retain+recover
6,1,2,3,True,1,8,1,1,0,retain;retain+recover
6,1,2,3,True,2,0,1,1,0,retain;retain+recover
6,1,2,3,True,2,1,1,1,0,retain;retain+recover
6,1,2,3,True,2,2,1,1,0,retain;retain+recover
6,1,2,3,True,2,4,1,1,0,retain;retain+recover
6,1,2,3,True,2,8,1,1,0,retain;retain+recover
6,1,2,3,True,4,0,1,1,0,retain;retain+recover
6,1,2,3,True,4,1,1,1,0,retain;retain+recover
6,1,2,3,True,4,2,1,1,0,retain;retain+recover
6,1,2,3,True,4,4,1,1,0,retain;retain+recover
6,1,2,3,True,4,8,1,1,0,retain;retain+recover
6,1,2,6,False,1,0,1/3,1,0,retain+recover
6,1,2,6,False,1,1,1/3,1,2/3,retain+recover
6,1,2,6,False,1,2,1/3,1,1,inspect;inspect+recover
6,1,2,6,False,1,4,1/3,1,1,inspect;inspect+recover
6,1,2,6,False,1,8,1/3,1,1,inspect;inspect+recover
6,1,2,6,False,2,0,1/3,1,0,retain+recover
6,1,2,6,False,2,1,1/3,1,2/3,retain+recover
6,1,2,6,False,2,2,1/3,1,4/3,retain+recover
6,1,2,6,False,2,4,1/3,1,2,inspect;inspect+recover
6,1,2,6,False,2,8,1/3,1,2,inspect;inspect+recover
6,1,2,6,False,4,0,1/3,1,0,retain+recover
6,1,2,6,False,4,1,1/3,1,2/3,retain+recover
6,1,2,6,False,4,2,1/3,1,4/3,retain+recover
6,1,2,6,False,4,4,1/3,1,8/3,retain+recover
6,1,2,6,False,4,8,1/3,1,4,inspect;inspect+recover
6,1,2,6,True,1,0,1,1,0,retain;retain+recover
6,1,2,6,True,1,1,1,1,0,retain;retain+recover
6,1,2,6,True,1,2,1,1,0,retain;retain+recover
6,1,2,6,True,1,4,1,1,0,retain;retain+recover
6,1,2,6,True,1,8,1,1,0,retain;retain+recover
6,1,2,6,True,2,0,1,1,0,retain;retain+recover
6,1,2,6,True,2,1,1,1,0,retain;retain+recover
6,1,2,6,True,2,2,1,1,0,retain;retain+recover
6,1,2,6,True,2,4,1,1,0,retain;retain+recover
6,1,2,6,True,2,8,1,1,0,retain;retain+recover
6,1,2,6,True,4,0,1,1,0,retain;retain+recover
6,1,2,6,True,4,1,1,1,0,retain;retain+recover
6,1,2,6,True,4,2,1,1,0,retain;retain+recover
6,1,2,6,True,4,4,1,1,0,retain;retain+recover
6,1,2,6,True,4,8,1,1,0,retain;retain+recover
6,1,4,0,False,1,0,0,0,0,retain+recover
6,1,4,0,False,1,1,0,0,1,retain+recover
6,1,4,0,False,1,2,0,0,2,retain+recover
6,1,4,0,False,1,4,0,0,4,retain+recover
6,1,4,0,False,1,8,0,0,8,retain+recover
6,1,4,0,False,2,0,0,0,0,retain+recover
6,1,4,0,False,2,1,0,0,1,retain+recover
6,1,4,0,False,2,2,0,0,2,retain+recover
6,1,4,0,False,2,4,0,0,4,retain+recover
6,1,4,0,False,2,8,0,0,8,retain+recover
6,1,4,0,False,4,0,0,0,0,retain+recover
6,1,4,0,False,4,1,0,0,1,retain+recover
6,1,4,0,False,4,2,0,0,2,retain+recover
6,1,4,0,False,4,4,0,0,4,retain+recover
6,1,4,0,False,4,8,0,0,8,retain+recover
6,1,4,0,True,1,0,0,0,0,retain+recover
6,1,4,0,True,1,1,0,0,1,retain+recover
6,1,4,0,True,1,2,0,0,2,retain+recover
6,1,4,0,True,1,4,0,0,4,retain+recover
6,1,4,0,True,1,8,0,0,8,retain+recover
6,1,4,0,True,2,0,0,0,0,retain+recover
6,1,4,0,True,2,1,0,0,1,retain+recover
6,1,4,0,True,2,2,0,0,2,retain+recover
6,1,4,0,True,2,4,0,0,4,retain+recover
6,1,4,0,True,2,8,0,0,8,retain+recover
6,1,4,0,True,4,0,0,0,0,retain+recover
6,1,4,0,True,4,1,0,0,1,retain+recover
6,1,4,0,True,4,2,0,0,2,retain+recover
6,1,4,0,True,4,4,0,0,4,retain+recover
6,1,4,0,True,4,8,0,0,8,retain+recover
6,1,4,1,False,1,0,2/3,1,0,retain+recover
6,1,4,1,False,1,1,2/3,1,1/3,retain+recover
6,1,4,1,False,1,2,2/3,1,2/3,retain+recover
6,1,4,1,False,1,4,2/3,1,1,inspect;inspect+recover
6,1,4,1,False,1,8,2/3,1,1,inspect;inspect+recover
6,1,4,1,False,2,0,2/3,1,0,retain+recover
6,1,4,1,False,2,1,2/3,1,1/3,retain+recover
6,1,4,1,False,2,2,2/3,1,2/3,retain+recover
6,1,4,1,False,2,4,2/3,1,4/3,retain+recover
6,1,4,1,False,2,8,2/3,1,2,inspect;inspect+recover
6,1,4,1,False,4,0,2/3,1,0,retain+recover
6,1,4,1,False,4,1,2/3,1,1/3,retain+recover
6,1,4,1,False,4,2,2/3,1,2/3,retain+recover
6,1,4,1,False,4,4,2/3,1,4/3,retain+recover
6,1,4,1,False,4,8,2/3,1,8/3,retain+recover
6,1,4,1,True,1,0,1,1,0,retain;retain+recover
6,1,4,1,True,1,1,1,1,0,retain;retain+recover
6,1,4,1,True,1,2,1,1,0,retain;retain+recover
6,1,4,1,True,1,4,1,1,0,retain;retain+recover
6,1,4,1,True,1,8,1,1,0,retain;retain+recover
6,1,4,1,True,2,0,1,1,0,retain;retain+recover
6,1,4,1,True,2,1,1,1,0,retain;retain+recover
6,1,4,1,True,2,2,1,1,0,retain;retain+recover
6,1,4,1,True,2,4,1,1,0,retain;retain+recover
6,1,4,1,True,2,8,1,1,0,retain;retain+recover
6,1,4,1,True,4,0,1,1,0,retain;retain+recover
6,1,4,1,True,4,1,1,1,0,retain;retain+recover
6,1,4,1,True,4,2,1,1,0,retain;retain+recover
6,1,4,1,True,4,4,1,1,0,retain;retain+recover
6,1,4,1,True,4,8,1,1,0,retain;retain+recover
6,1,4,2,False,1,0,2/3,1,0,retain+recover
6,1,4,2,False,1,1,2/3,1,1/3,retain+recover
6,1,4,2,False,1,2,2/3,1,2/3,retain+recover
6,1,4,2,False,1,4,2/3,1,1,inspect;inspect+recover
6,1,4,2,False,1,8,2/3,1,1,inspect;inspect+recover
6,1,4,2,False,2,0,2/3,1,0,retain+recover
6,1,4,2,False,2,1,2/3,1,1/3,retain+recover
6,1,4,2,False,2,2,2/3,1,2/3,retain+recover
6,1,4,2,False,2,4,2/3,1,4/3,retain+recover
6,1,4,2,False,2,8,2/3,1,2,inspect;inspect+recover
6,1,4,2,False,4,0,2/3,1,0,retain+recover
6,1,4,2,False,4,1,2/3,1,1/3,retain+recover
6,1,4,2,False,4,2,2/3,1,2/3,retain+recover
6,1,4,2,False,4,4,2/3,1,4/3,retain+recover
6,1,4,2,False,4,8,2/3,1,8/3,retain+recover
6,1,4,2,True,1,0,1,1,0,retain;retain+recover
6,1,4,2,True,1,1,1,1,0,retain;retain+recover
6,1,4,2,True,1,2,1,1,0,retain;retain+recover
6,1,4,2,True,1,4,1,1,0,retain;retain+recover
6,1,4,2,True,1,8,1,1,0,retain;retain+recover
6,1,4,2,True,2,0,1,1,0,retain;retain+recover
6,1,4,2,True,2,1,1,1,0,retain;retain+recover
6,1,4,2,True,2,2,1,1,0,retain;retain+recover
6,1,4,2,True,2,4,1,1,0,retain;retain+recover
6,1,4,2,True,2,8,1,1,0,retain;retain+recover
6,1,4,2,True,4,0,1,1,0,retain;retain+recover
6,1,4,2,True,4,1,1,1,0,retain;retain+recover
6,1,4,2,True,4,2,1,1,0,retain;retain+recover
6,1,4,2,True,4,4,1,1,0,retain;retain+recover
6,1,4,2,True,4,8,1,1,0,retain;retain+recover
6,1,4,3,False,1,0,2/3,1,0,retain+recover
6,1,4,3,False,1,1,2/3,1,1/3,retain+recover
6,1,4,3,False,1,2,2/3,1,2/3,retain+recover
6,1,4,3,False,1,4,2/3,1,1,inspect;inspect+recover
6,1,4,3,False,1,8,2/3,1,1,inspect;inspect+recover
6,1,4,3,False,2,0,2/3,1,0,retain+recover
6,1,4,3,False,2,1,2/3,1,1/3,retain+recover
6,1,4,3,False,2,2,2/3,1,2/3,retain+recover
6,1,4,3,False,2,4,2/3,1,4/3,retain+recover
6,1,4,3,False,2,8,2/3,1,2,inspect;inspect+recover
6,1,4,3,False,4,0,2/3,1,0,retain+recover
6,1,4,3,False,4,1,2/3,1,1/3,retain+recover
6,1,4,3,False,4,2,2/3,1,2/3,retain+recover
6,1,4,3,False,4,4,2/3,1,4/3,retain+recover
6,1,4,3,False,4,8,2/3,1,8/3,retain+recover
6,1,4,3,True,1,0,1,1,0,retain;retain+recover
6,1,4,3,True,1,1,1,1,0,retain;retain+recover
6,1,4,3,True,1,2,1,1,0,retain;retain+recover
6,1,4,3,True,1,4,1,1,0,retain;retain+recover
6,1,4,3,True,1,8,1,1,0,retain;retain+recover
6,1,4,3,True,2,0,1,1,0,retain;retain+recover
6,1,4,3,True,2,1,1,1,0,retain;retain+recover
6,1,4,3,True,2,2,1,1,0,retain;retain+recover
6,1,4,3,True,2,4,1,1,0,retain;retain+recover
6,1,4,3,True,2,8,1,1,0,retain;retain+recover
6,1,4,3,True,4,0,1,1,0,retain;retain+recover
6,1,4,3,True,4,1,1,1,0,retain;retain+recover
6,1,4,3,True,4,2,1,1,0,retain;retain+recover
6,1,4,3,True,4,4,1,1,0,retain;retain+recover
6,1,4,3,True,4,8,1,1,0,retain;retain+recover
6,1,4,6,False,1,0,2/3,1,0,retain+recover
6,1,4,6,False,1,1,2/3,1,1/3,retain+recover
6,1,4,6,False,1,2,2/3,1,2/3,retain+recover
6,1,4,6,False,1,4,2/3,1,1,inspect;inspect+recover
6,1,4,6,False,1,8,2/3,1,1,inspect;inspect+recover
6,1,4,6,False,2,0,2/3,1,0,retain+recover
6,1,4,6,False,2,1,2/3,1,1/3,retain+recover
6,1,4,6,False,2,2,2/3,1,2/3,retain+recover
6,1,4,6,False,2,4,2/3,1,4/3,retain+recover
6,1,4,6,False,2,8,2/3,1,2,inspect;inspect+recover
6,1,4,6,False,4,0,2/3,1,0,retain+recover
6,1,4,6,False,4,1,2/3,1,1/3,retain+recover
6,1,4,6,False,4,2,2/3,1,2/3,retain+recover
6,1,4,6,False,4,4,2/3,1,4/3,retain+recover
6,1,4,6,False,4,8,2/3,1,8/3,retain+recover
6,1,4,6,True,1,0,1,1,0,retain;retain+recover
6,1,4,6,True,1,1,1,1,0,retain;retain+recover
6,1,4,6,True,1,2,1,1,0,retain;retain+recover
6,1,4,6,True,1,4,1,1,0,retain;retain+recover
6,1,4,6,True,1,8,1,1,0,retain;retain+recover
6,1,4,6,True,2,0,1,1,0,retain;retain+recover
6,1,4,6,True,2,1,1,1,0,retain;retain+recover
6,1,4,6,True,2,2,1,1,0,retain;retain+recover
6,1,4,6,True,2,4,1,1,0,retain;retain+recover
6,1,4,6,True,2,8,1,1,0,retain;retain+recover
6,1,4,6,True,4,0,1,1,0,retain;retain+recover
6,1,4,6,True,4,1,1,1,0,retain;retain+recover
6,1,4,6,True,4,2,1,1,0,retain;retain+recover
6,1,4,6,True,4,4,1,1,0,retain;retain+recover
6,1,4,6,True,4,8,1,1,0,retain;retain+recover
6,1,6,0,False,1,0,0,0,0,retain+recover
6,1,6,0,False,1,1,0,0,1,retain+recover
6,1,6,0,False,1,2,0,0,2,retain+recover
6,1,6,0,False,1,4,0,0,4,retain+recover
6,1,6,0,False,1,8,0,0,8,retain+recover
6,1,6,0,False,2,0,0,0,0,retain+recover
6,1,6,0,False,2,1,0,0,1,retain+recover
6,1,6,0,False,2,2,0,0,2,retain+recover
6,1,6,0,False,2,4,0,0,4,retain+recover
6,1,6,0,False,2,8,0,0,8,retain+recover
6,1,6,0,False,4,0,0,0,0,retain+recover
6,1,6,0,False,4,1,0,0,1,retain+recover
6,1,6,0,False,4,2,0,0,2,retain+recover
6,1,6,0,False,4,4,0,0,4,retain+recover
6,1,6,0,False,4,8,0,0,8,retain+recover
6,1,6,0,True,1,0,0,0,0,retain+recover
6,1,6,0,True,1,1,0,0,1,retain+recover
6,1,6,0,True,1,2,0,0,2,retain+recover
6,1,6,0,True,1,4,0,0,4,retain+recover
6,1,6,0,True,1,8,0,0,8,retain+recover
6,1,6,0,True,2,0,0,0,0,retain+recover
6,1,6,0,True,2,1,0,0,1,retain+recover
6,1,6,0,True,2,2,0,0,2,retain+recover
6,1,6,0,True,2,4,0,0,4,retain+recover
6,1,6,0,True,2,8,0,0,8,retain+recover
6,1,6,0,True,4,0,0,0,0,retain+recover
6,1,6,0,True,4,1,0,0,1,retain+recover
6,1,6,0,True,4,2,0,0,2,retain+recover
6,1,6,0,True,4,4,0,0,4,retain+recover
6,1,6,0,True,4,8,0,0,8,retain+recover
6,1,6,1,False,1,0,1,1,0,retain;retain+recover
6,1,6,1,False,1,1,1,1,0,retain;retain+recover
6,1,6,1,False,1,2,1,1,0,retain;retain+recover
6,1,6,1,False,1,4,1,1,0,retain;retain+recover
6,1,6,1,False,1,8,1,1,0,retain;retain+recover
6,1,6,1,False,2,0,1,1,0,retain;retain+recover
6,1,6,1,False,2,1,1,1,0,retain;retain+recover
6,1,6,1,False,2,2,1,1,0,retain;retain+recover
6,1,6,1,False,2,4,1,1,0,retain;retain+recover
6,1,6,1,False,2,8,1,1,0,retain;retain+recover
6,1,6,1,False,4,0,1,1,0,retain;retain+recover
6,1,6,1,False,4,1,1,1,0,retain;retain+recover
6,1,6,1,False,4,2,1,1,0,retain;retain+recover
6,1,6,1,False,4,4,1,1,0,retain;retain+recover
6,1,6,1,False,4,8,1,1,0,retain;retain+recover
6,1,6,1,True,1,0,1,1,0,retain;retain+recover
6,1,6,1,True,1,1,1,1,0,retain;retain+recover
6,1,6,1,True,1,2,1,1,0,retain;retain+recover
6,1,6,1,True,1,4,1,1,0,retain;retain+recover
6,1,6,1,True,1,8,1,1,0,retain;retain+recover
6,1,6,1,True,2,0,1,1,0,retain;retain+recover
6,1,6,1,True,2,1,1,1,0,retain;retain+recover
6,1,6,1,True,2,2,1,1,0,retain;retain+recover
6,1,6,1,True,2,4,1,1,0,retain;retain+recover
6,1,6,1,True,2,8,1,1,0,retain;retain+recover
6,1,6,1,True,4,0,1,1,0,retain;retain+recover
6,1,6,1,True,4,1,1,1,0,retain;retain+recover
6,1,6,1,True,4,2,1,1,0,retain;retain+recover
6,1,6,1,True,4,4,1,1,0,retain;retain+recover
6,1,6,1,True,4,8,1,1,0,retain;retain+recover
6,1,6,2,False,1,0,1,1,0,retain;retain+recover
6,1,6,2,False,1,1,1,1,0,retain;retain+recover
6,1,6,2,False,1,2,1,1,0,retain;retain+recover
6,1,6,2,False,1,4,1,1,0,retain;retain+recover
6,1,6,2,False,1,8,1,1,0,retain;retain+recover
6,1,6,2,False,2,0,1,1,0,retain;retain+recover
6,1,6,2,False,2,1,1,1,0,retain;retain+recover
6,1,6,2,False,2,2,1,1,0,retain;retain+recover
6,1,6,2,False,2,4,1,1,0,retain;retain+recover
6,1,6,2,False,2,8,1,1,0,retain;retain+recover
6,1,6,2,False,4,0,1,1,0,retain;retain+recover
6,1,6,2,False,4,1,1,1,0,retain;retain+recover
6,1,6,2,False,4,2,1,1,0,retain;retain+recover
6,1,6,2,False,4,4,1,1,0,retain;retain+recover
6,1,6,2,False,4,8,1,1,0,retain;retain+recover
6,1,6,2,True,1,0,1,1,0,retain;retain+recover
6,1,6,2,True,1,1,1,1,0,retain;retain+recover
6,1,6,2,True,1,2,1,1,0,retain;retain+recover
6,1,6,2,True,1,4,1,1,0,retain;retain+recover
6,1,6,2,True,1,8,1,1,0,retain;retain+recover
6,1,6,2,True,2,0,1,1,0,retain;retain+recover
6,1,6,2,True,2,1,1,1,0,retain;retain+recover
6,1,6,2,True,2,2,1,1,0,retain;retain+recover
6,1,6,2,True,2,4,1,1,0,retain;retain+recover
6,1,6,2,True,2,8,1,1,0,retain;retain+recover
6,1,6,2,True,4,0,1,1,0,retain;retain+recover
6,1,6,2,True,4,1,1,1,0,retain;retain+recover
6,1,6,2,True,4,2,1,1,0,retain;retain+recover
6,1,6,2,True,4,4,1,1,0,retain;retain+recover
6,1,6,2,True,4,8,1,1,0,retain;retain+recover
6,1,6,3,False,1,0,1,1,0,retain;retain+recover
6,1,6,3,False,1,1,1,1,0,retain;retain+recover
6,1,6,3,False,1,2,1,1,0,retain;retain+recover
6,1,6,3,False,1,4,1,1,0,retain;retain+recover
6,1,6,3,False,1,8,1,1,0,retain;retain+recover
6,1,6,3,False,2,0,1,1,0,retain;retain+recover
6,1,6,3,False,2,1,1,1,0,retain;retain+recover
6,1,6,3,False,2,2,1,1,0,retain;retain+recover
6,1,6,3,False,2,4,1,1,0,retain;retain+recover
6,1,6,3,False,2,8,1,1,0,retain;retain+recover
6,1,6,3,False,4,0,1,1,0,retain;retain+recover
6,1,6,3,False,4,1,1,1,0,retain;retain+recover
6,1,6,3,False,4,2,1,1,0,retain;retain+recover
6,1,6,3,False,4,4,1,1,0,retain;retain+recover
6,1,6,3,False,4,8,1,1,0,retain;retain+recover
6,1,6,3,True,1,0,1,1,0,retain;retain+recover
6,1,6,3,True,1,1,1,1,0,retain;retain+recover
6,1,6,3,True,1,2,1,1,0,retain;retain+recover
6,1,6,3,True,1,4,1,1,0,retain;retain+recover
6,1,6,3,True,1,8,1,1,0,retain;retain+recover
6,1,6,3,True,2,0,1,1,0,retain;retain+recover
6,1,6,3,True,2,1,1,1,0,retain;retain+recover
6,1,6,3,True,2,2,1,1,0,retain;retain+recover
6,1,6,3,True,2,4,1,1,0,retain;retain+recover
6,1,6,3,True,2,8,1,1,0,retain;retain+recover
6,1,6,3,True,4,0,1,1,0,retain;retain+recover
6,1,6,3,True,4,1,1,1,0,retain;retain+recover
6,1,6,3,True,4,2,1,1,0,retain;retain+recover
6,1,6,3,True,4,4,1,1,0,retain;retain+recover
6,1,6,3,True,4,8,1,1,0,retain;retain+recover
6,1,6,6,False,1,0,1,1,0,retain;retain+recover
6,1,6,6,False,1,1,1,1,0,retain;retain+recover
6,1,6,6,False,1,2,1,1,0,retain;retain+recover
6,1,6,6,False,1,4,1,1,0,retain;retain+recover
6,1,6,6,False,1,8,1,1,0,retain;retain+recover
6,1,6,6,False,2,0,1,1,0,retain;retain+recover
6,1,6,6,False,2,1,1,1,0,retain;retain+recover
6,1,6,6,False,2,2,1,1,0,retain;retain+recover
6,1,6,6,False,2,4,1,1,0,retain;retain+recover
6,1,6,6,False,2,8,1,1,0,retain;retain+recover
6,1,6,6,False,4,0,1,1,0,retain;retain+recover
6,1,6,6,False,4,1,1,1,0,retain;retain+recover
6,1,6,6,False,4,2,1,1,0,retain;retain+recover
6,1,6,6,False,4,4,1,1,0,retain;retain+recover
6,1,6,6,False,4,8,1,1,0,retain;retain+recover
6,1,6,6,True,1,0,1,1,0,retain;retain+recover
6,1,6,6,True,1,1,1,1,0,retain;retain+recover
6,1,6,6,True,1,2,1,1,0,retain;retain+recover
6,1,6,6,True,1,4,1,1,0,retain;retain+recover
6,1,6,6,True,1,8,1,1,0,retain;retain+recover
6,1,6,6,True,2,0,1,1,0,retain;retain+recover
6,1,6,6,True,2,1,1,1,0,retain;retain+recover
6,1,6,6,True,2,2,1,1,0,retain;retain+recover
6,1,6,6,True,2,4,1,1,0,retain;retain+recover
6,1,6,6,True,2,8,1,1,0,retain;retain+recover
6,1,6,6,True,4,0,1,1,0,retain;retain+recover
6,1,6,6,True,4,1,1,1,0,retain;retain+recover
6,1,6,6,True,4,2,1,1,0,retain;retain+recover
6,1,6,6,True,4,4,1,1,0,retain;retain+recover
6,1,6,6,True,4,8,1,1,0,retain;retain+recover
6,2,0,0,False,1,0,0,0,0,retain+recover
6,2,0,0,False,1,1,0,0,1,retain+recover
6,2,0,0,False,1,2,0,0,2,retain+recover
6,2,0,0,False,1,4,0,0,4,retain+recover
6,2,0,0,False,1,8,0,0,8,retain+recover
6,2,0,0,False,2,0,0,0,0,retain+recover
6,2,0,0,False,2,1,0,0,1,retain+recover
6,2,0,0,False,2,2,0,0,2,retain+recover
6,2,0,0,False,2,4,0,0,4,retain+recover
6,2,0,0,False,2,8,0,0,8,retain+recover
6,2,0,0,False,4,0,0,0,0,retain+recover
6,2,0,0,False,4,1,0,0,1,retain+recover
6,2,0,0,False,4,2,0,0,2,retain+recover
6,2,0,0,False,4,4,0,0,4,retain+recover
6,2,0,0,False,4,8,0,0,8,retain+recover
6,2,0,0,True,1,0,0,0,0,retain+recover
6,2,0,0,True,1,1,0,0,1,retain+recover
6,2,0,0,True,1,2,0,0,2,retain+recover
6,2,0,0,True,1,4,0,0,4,retain+recover
6,2,0,0,True,1,8,0,0,8,retain+recover
6,2,0,0,True,2,0,0,0,0,retain+recover
6,2,0,0,True,2,1,0,0,1,retain+recover
6,2,0,0,True,2,2,0,0,2,retain+recover
6,2,0,0,True,2,4,0,0,4,retain+recover
6,2,0,0,True,2,8,0,0,8,retain+recover
6,2,0,0,True,4,0,0,0,0,retain+recover
6,2,0,0,True,4,1,0,0,1,retain+recover
6,2,0,0,True,4,2,0,0,2,retain+recover
6,2,0,0,True,4,4,0,0,4,retain+recover
6,2,0,0,True,4,8,0,0,8,retain+recover
6,2,0,1,False,1,0,0,0,0,retain+recover
6,2,0,1,False,1,1,0,0,1,retain+recover
6,2,0,1,False,1,2,0,0,2,retain+recover
6,2,0,1,False,1,4,0,0,4,retain+recover
6,2,0,1,False,1,8,0,0,8,retain+recover
6,2,0,1,False,2,0,0,0,0,retain+recover
6,2,0,1,False,2,1,0,0,1,retain+recover
6,2,0,1,False,2,2,0,0,2,retain+recover
6,2,0,1,False,2,4,0,0,4,retain+recover
6,2,0,1,False,2,8,0,0,8,retain+recover
6,2,0,1,False,4,0,0,0,0,retain+recover
6,2,0,1,False,4,1,0,0,1,retain+recover
6,2,0,1,False,4,2,0,0,2,retain+recover
6,2,0,1,False,4,4,0,0,4,retain+recover
6,2,0,1,False,4,8,0,0,8,retain+recover
6,2,0,1,True,1,0,1/2,1/2,0,retain+recover
6,2,0,1,True,1,1,1/2,1/2,1/2,retain+recover
6,2,0,1,True,1,2,1/2,1/2,1,retain+recover
6,2,0,1,True,1,4,1/2,1/2,2,retain+recover
6,2,0,1,True,1,8,1/2,1/2,4,retain+recover
6,2,0,1,True,2,0,1/2,1/2,0,retain+recover
6,2,0,1,True,2,1,1/2,1/2,1/2,retain+recover
6,2,0,1,True,2,2,1/2,1/2,1,retain+recover
6,2,0,1,True,2,4,1/2,1/2,2,retain+recover
6,2,0,1,True,2,8,1/2,1/2,4,retain+recover
6,2,0,1,True,4,0,1/2,1/2,0,retain+recover
6,2,0,1,True,4,1,1/2,1/2,1/2,retain+recover
6,2,0,1,True,4,2,1/2,1/2,1,retain+recover
6,2,0,1,True,4,4,1/2,1/2,2,retain+recover
6,2,0,1,True,4,8,1/2,1/2,4,retain+recover
6,2,0,2,False,1,0,0,0,0,retain+recover
6,2,0,2,False,1,1,0,0,1,retain+recover
6,2,0,2,False,1,2,0,0,2,retain+recover
6,2,0,2,False,1,4,0,0,4,retain+recover
6,2,0,2,False,1,8,0,0,8,retain+recover
6,2,0,2,False,2,0,0,0,0,retain+recover
6,2,0,2,False,2,1,0,0,1,retain+recover
6,2,0,2,False,2,2,0,0,2,retain+recover
6,2,0,2,False,2,4,0,0,4,retain+recover
6,2,0,2,False,2,8,0,0,8,retain+recover
6,2,0,2,False,4,0,0,0,0,retain+recover
6,2,0,2,False,4,1,0,0,1,retain+recover
6,2,0,2,False,4,2,0,0,2,retain+recover
6,2,0,2,False,4,4,0,0,4,retain+recover
6,2,0,2,False,4,8,0,0,8,retain+recover
6,2,0,2,True,1,0,1/2,1/2,0,retain+recover
6,2,0,2,True,1,1,1/2,1/2,1/2,retain+recover
6,2,0,2,True,1,2,1/2,1/2,1,retain+recover
6,2,0,2,True,1,4,1/2,1/2,2,retain+recover
6,2,0,2,True,1,8,1/2,1/2,4,retain+recover
6,2,0,2,True,2,0,1/2,1/2,0,retain+recover
6,2,0,2,True,2,1,1/2,1/2,1/2,retain+recover
6,2,0,2,True,2,2,1/2,1/2,1,retain+recover
6,2,0,2,True,2,4,1/2,1/2,2,retain+recover
6,2,0,2,True,2,8,1/2,1/2,4,retain+recover
6,2,0,2,True,4,0,1/2,1/2,0,retain+recover
6,2,0,2,True,4,1,1/2,1/2,1/2,retain+recover
6,2,0,2,True,4,2,1/2,1/2,1,retain+recover
6,2,0,2,True,4,4,1/2,1/2,2,retain+recover
6,2,0,2,True,4,8,1/2,1/2,4,retain+recover
6,2,0,3,False,1,0,0,0,0,retain+recover
6,2,0,3,False,1,1,0,0,1,retain+recover
6,2,0,3,False,1,2,0,0,2,retain+recover
6,2,0,3,False,1,4,0,0,4,retain+recover
6,2,0,3,False,1,8,0,0,8,retain+recover
6,2,0,3,False,2,0,0,0,0,retain+recover
6,2,0,3,False,2,1,0,0,1,retain+recover
6,2,0,3,False,2,2,0,0,2,retain+recover
6,2,0,3,False,2,4,0,0,4,retain+recover
6,2,0,3,False,2,8,0,0,8,retain+recover
6,2,0,3,False,4,0,0,0,0,retain+recover
6,2,0,3,False,4,1,0,0,1,retain+recover
6,2,0,3,False,4,2,0,0,2,retain+recover
6,2,0,3,False,4,4,0,0,4,retain+recover
6,2,0,3,False,4,8,0,0,8,retain+recover
6,2,0,3,True,1,0,1/2,1/2,0,retain+recover
6,2,0,3,True,1,1,1/2,1/2,1/2,retain+recover
6,2,0,3,True,1,2,1/2,1/2,1,retain+recover
6,2,0,3,True,1,4,1/2,1/2,2,retain+recover
6,2,0,3,True,1,8,1/2,1/2,4,retain+recover
6,2,0,3,True,2,0,1/2,1/2,0,retain+recover
6,2,0,3,True,2,1,1/2,1/2,1/2,retain+recover
6,2,0,3,True,2,2,1/2,1/2,1,retain+recover
6,2,0,3,True,2,4,1/2,1/2,2,retain+recover
6,2,0,3,True,2,8,1/2,1/2,4,retain+recover
6,2,0,3,True,4,0,1/2,1/2,0,retain+recover
6,2,0,3,True,4,1,1/2,1/2,1/2,retain+recover
6,2,0,3,True,4,2,1/2,1/2,1,retain+recover
6,2,0,3,True,4,4,1/2,1/2,2,retain+recover
6,2,0,3,True,4,8,1/2,1/2,4,retain+recover
6,2,0,6,False,1,0,0,0,0,retain+recover
6,2,0,6,False,1,1,0,0,1,retain+recover
6,2,0,6,False,1,2,0,0,2,retain+recover
6,2,0,6,False,1,4,0,0,4,retain+recover
6,2,0,6,False,1,8,0,0,8,retain+recover
6,2,0,6,False,2,0,0,0,0,retain+recover
6,2,0,6,False,2,1,0,0,1,retain+recover
6,2,0,6,False,2,2,0,0,2,retain+recover
6,2,0,6,False,2,4,0,0,4,retain+recover
6,2,0,6,False,2,8,0,0,8,retain+recover
6,2,0,6,False,4,0,0,0,0,retain+recover
6,2,0,6,False,4,1,0,0,1,retain+recover
6,2,0,6,False,4,2,0,0,2,retain+recover
6,2,0,6,False,4,4,0,0,4,retain+recover
6,2,0,6,False,4,8,0,0,8,retain+recover
6,2,0,6,True,1,0,1/2,1/2,0,retain+recover
6,2,0,6,True,1,1,1/2,1/2,1/2,retain+recover
6,2,0,6,True,1,2,1/2,1/2,1,retain+recover
6,2,0,6,True,1,4,1/2,1/2,2,retain+recover
6,2,0,6,True,1,8,1/2,1/2,4,retain+recover
6,2,0,6,True,2,0,1/2,1/2,0,retain+recover
6,2,0,6,True,2,1,1/2,1/2,1/2,retain+recover
6,2,0,6,True,2,2,1/2,1/2,1,retain+recover
6,2,0,6,True,2,4,1/2,1/2,2,retain+recover
6,2,0,6,True,2,8,1/2,1/2,4,retain+recover
6,2,0,6,True,4,0,1/2,1/2,0,retain+recover
6,2,0,6,True,4,1,1/2,1/2,1/2,retain+recover
6,2,0,6,True,4,2,1/2,1/2,1,retain+recover
6,2,0,6,True,4,4,1/2,1/2,2,retain+recover
6,2,0,6,True,4,8,1/2,1/2,4,retain+recover
6,2,1,0,False,1,0,0,0,0,retain+recover
6,2,1,0,False,1,1,0,0,1,retain+recover
6,2,1,0,False,1,2,0,0,2,retain+recover
6,2,1,0,False,1,4,0,0,4,retain+recover
6,2,1,0,False,1,8,0,0,8,retain+recover
6,2,1,0,False,2,0,0,0,0,retain+recover
6,2,1,0,False,2,1,0,0,1,retain+recover
6,2,1,0,False,2,2,0,0,2,retain+recover
6,2,1,0,False,2,4,0,0,4,retain+recover
6,2,1,0,False,2,8,0,0,8,retain+recover
6,2,1,0,False,4,0,0,0,0,retain+recover
6,2,1,0,False,4,1,0,0,1,retain+recover
6,2,1,0,False,4,2,0,0,2,retain+recover
6,2,1,0,False,4,4,0,0,4,retain+recover
6,2,1,0,False,4,8,0,0,8,retain+recover
6,2,1,0,True,1,0,0,0,0,retain+recover
6,2,1,0,True,1,1,0,0,1,retain+recover
6,2,1,0,True,1,2,0,0,2,retain+recover
6,2,1,0,True,1,4,0,0,4,retain+recover
6,2,1,0,True,1,8,0,0,8,retain+recover
6,2,1,0,True,2,0,0,0,0,retain+recover
6,2,1,0,True,2,1,0,0,1,retain+recover
6,2,1,0,True,2,2,0,0,2,retain+recover
6,2,1,0,True,2,4,0,0,4,retain+recover
6,2,1,0,True,2,8,0,0,8,retain+recover
6,2,1,0,True,4,0,0,0,0,retain+recover
6,2,1,0,True,4,1,0,0,1,retain+recover
6,2,1,0,True,4,2,0,0,2,retain+recover
6,2,1,0,True,4,4,0,0,4,retain+recover
6,2,1,0,True,4,8,0,0,8,retain+recover
6,2,1,1,False,1,0,1/6,1/2,0,retain+recover
6,2,1,1,False,1,1,1/6,1/2,5/6,retain+recover
6,2,1,1,False,1,2,1/6,1/2,5/3,retain+recover
6,2,1,1,False,1,4,1/6,1/2,3,inspect+recover
6,2,1,1,False,1,8,1/6,1/2,5,inspect+recover
6,2,1,1,False,2,0,1/6,1/2,0,retain+recover
6,2,1,1,False,2,1,1/6,1/2,5/6,retain+recover
6,2,1,1,False,2,2,1/6,1/2,5/3,retain+recover
6,2,1,1,False,2,4,1/6,1/2,10/3,retain+recover
6,2,1,1,False,2,8,1/6,1/2,6,inspect+recover
6,2,1,1,False,4,0,1/6,1/2,0,retain+recover
6,2,1,1,False,4,1,1/6,1/2,5/6,retain+recover
6,2,1,1,False,4,2,1/6,1/2,5/3,retain+recover
6,2,1,1,False,4,4,1/6,1/2,10/3,retain+recover
6,2,1,1,False,4,8,1/6,1/2,20/3,retain+recover
6,2,1,1,True,1,0,1/2,1/2,0,retain+recover
6,2,1,1,True,1,1,1/2,1/2,1/2,retain+recover
6,2,1,1,True,1,2,1/2,1/2,1,retain+recover
6,2,1,1,True,1,4,1/2,1/2,2,retain+recover
6,2,1,1,True,1,8,1/2,1/2,4,retain+recover
6,2,1,1,True,2,0,1/2,1/2,0,retain+recover
6,2,1,1,True,2,1,1/2,1/2,1/2,retain+recover
6,2,1,1,True,2,2,1/2,1/2,1,retain+recover
6,2,1,1,True,2,4,1/2,1/2,2,retain+recover
6,2,1,1,True,2,8,1/2,1/2,4,retain+recover
6,2,1,1,True,4,0,1/2,1/2,0,retain+recover
6,2,1,1,True,4,1,1/2,1/2,1/2,retain+recover
6,2,1,1,True,4,2,1/2,1/2,1,retain+recover
6,2,1,1,True,4,4,1/2,1/2,2,retain+recover
6,2,1,1,True,4,8,1/2,1/2,4,retain+recover
6,2,1,2,False,1,0,1/6,1/2,0,retain+recover
6,2,1,2,False,1,1,1/6,1/2,5/6,retain+recover
6,2,1,2,False,1,2,1/6,1/2,5/3,retain+recover
6,2,1,2,False,1,4,1/6,1/2,3,inspect+recover
6,2,1,2,False,1,8,1/6,1/2,5,inspect+recover
6,2,1,2,False,2,0,1/6,1/2,0,retain+recover
6,2,1,2,False,2,1,1/6,1/2,5/6,retain+recover
6,2,1,2,False,2,2,1/6,1/2,5/3,retain+recover
6,2,1,2,False,2,4,1/6,1/2,10/3,retain+recover
6,2,1,2,False,2,8,1/6,1/2,6,inspect+recover
6,2,1,2,False,4,0,1/6,1/2,0,retain+recover
6,2,1,2,False,4,1,1/6,1/2,5/6,retain+recover
6,2,1,2,False,4,2,1/6,1/2,5/3,retain+recover
6,2,1,2,False,4,4,1/6,1/2,10/3,retain+recover
6,2,1,2,False,4,8,1/6,1/2,20/3,retain+recover
6,2,1,2,True,1,0,2/3,1,0,retain+recover
6,2,1,2,True,1,1,2/3,1,1/3,retain+recover
6,2,1,2,True,1,2,2/3,1,2/3,retain+recover
6,2,1,2,True,1,4,2/3,1,1,inspect;inspect+recover
6,2,1,2,True,1,8,2/3,1,1,inspect;inspect+recover
6,2,1,2,True,2,0,2/3,1,0,retain+recover
6,2,1,2,True,2,1,2/3,1,1/3,retain+recover
6,2,1,2,True,2,2,2/3,1,2/3,retain+recover
6,2,1,2,True,2,4,2/3,1,4/3,retain+recover
6,2,1,2,True,2,8,2/3,1,2,inspect;inspect+recover
6,2,1,2,True,4,0,2/3,1,0,retain+recover
6,2,1,2,True,4,1,2/3,1,1/3,retain+recover
6,2,1,2,True,4,2,2/3,1,2/3,retain+recover
6,2,1,2,True,4,4,2/3,1,4/3,retain+recover
6,2,1,2,True,4,8,2/3,1,8/3,retain+recover
6,2,1,3,False,1,0,1/6,1/2,0,retain+recover
6,2,1,3,False,1,1,1/6,1/2,5/6,retain+recover
6,2,1,3,False,1,2,1/6,1/2,5/3,retain+recover
6,2,1,3,False,1,4,1/6,1/2,3,inspect+recover
6,2,1,3,False,1,8,1/6,1/2,5,inspect+recover
6,2,1,3,False,2,0,1/6,1/2,0,retain+recover
6,2,1,3,False,2,1,1/6,1/2,5/6,retain+recover
6,2,1,3,False,2,2,1/6,1/2,5/3,retain+recover
6,2,1,3,False,2,4,1/6,1/2,10/3,retain+recover
6,2,1,3,False,2,8,1/6,1/2,6,inspect+recover
6,2,1,3,False,4,0,1/6,1/2,0,retain+recover
6,2,1,3,False,4,1,1/6,1/2,5/6,retain+recover
6,2,1,3,False,4,2,1/6,1/2,5/3,retain+recover
6,2,1,3,False,4,4,1/6,1/2,10/3,retain+recover
6,2,1,3,False,4,8,1/6,1/2,20/3,retain+recover
6,2,1,3,True,1,0,2/3,1,0,retain+recover
6,2,1,3,True,1,1,2/3,1,1/3,retain+recover
6,2,1,3,True,1,2,2/3,1,2/3,retain+recover
6,2,1,3,True,1,4,2/3,1,1,inspect;inspect+recover
6,2,1,3,True,1,8,2/3,1,1,inspect;inspect+recover
6,2,1,3,True,2,0,2/3,1,0,retain+recover
6,2,1,3,True,2,1,2/3,1,1/3,retain+recover
6,2,1,3,True,2,2,2/3,1,2/3,retain+recover
6,2,1,3,True,2,4,2/3,1,4/3,retain+recover
6,2,1,3,True,2,8,2/3,1,2,inspect;inspect+recover
6,2,1,3,True,4,0,2/3,1,0,retain+recover
6,2,1,3,True,4,1,2/3,1,1/3,retain+recover
6,2,1,3,True,4,2,2/3,1,2/3,retain+recover
6,2,1,3,True,4,4,2/3,1,4/3,retain+recover
6,2,1,3,True,4,8,2/3,1,8/3,retain+recover
6,2,1,6,False,1,0,1/6,1/2,0,retain+recover
6,2,1,6,False,1,1,1/6,1/2,5/6,retain+recover
6,2,1,6,False,1,2,1/6,1/2,5/3,retain+recover
6,2,1,6,False,1,4,1/6,1/2,3,inspect+recover
6,2,1,6,False,1,8,1/6,1/2,5,inspect+recover
6,2,1,6,False,2,0,1/6,1/2,0,retain+recover
6,2,1,6,False,2,1,1/6,1/2,5/6,retain+recover
6,2,1,6,False,2,2,1/6,1/2,5/3,retain+recover
6,2,1,6,False,2,4,1/6,1/2,10/3,retain+recover
6,2,1,6,False,2,8,1/6,1/2,6,inspect+recover
6,2,1,6,False,4,0,1/6,1/2,0,retain+recover
6,2,1,6,False,4,1,1/6,1/2,5/6,retain+recover
6,2,1,6,False,4,2,1/6,1/2,5/3,retain+recover
6,2,1,6,False,4,4,1/6,1/2,10/3,retain+recover
6,2,1,6,False,4,8,1/6,1/2,20/3,retain+recover
6,2,1,6,True,1,0,2/3,1,0,retain+recover
6,2,1,6,True,1,1,2/3,1,1/3,retain+recover
6,2,1,6,True,1,2,2/3,1,2/3,retain+recover
6,2,1,6,True,1,4,2/3,1,1,inspect;inspect+recover
6,2,1,6,True,1,8,2/3,1,1,inspect;inspect+recover
6,2,1,6,True,2,0,2/3,1,0,retain+recover
6,2,1,6,True,2,1,2/3,1,1/3,retain+recover
6,2,1,6,True,2,2,2/3,1,2/3,retain+recover
6,2,1,6,True,2,4,2/3,1,4/3,retain+recover
6,2,1,6,True,2,8,2/3,1,2,inspect;inspect+recover
6,2,1,6,True,4,0,2/3,1,0,retain+recover
6,2,1,6,True,4,1,2/3,1,1/3,retain+recover
6,2,1,6,True,4,2,2/3,1,2/3,retain+recover
6,2,1,6,True,4,4,2/3,1,4/3,retain+recover
6,2,1,6,True,4,8,2/3,1,8/3,retain+recover
6,2,2,0,False,1,0,0,0,0,retain+recover
6,2,2,0,False,1,1,0,0,1,retain+recover
6,2,2,0,False,1,2,0,0,2,retain+recover
6,2,2,0,False,1,4,0,0,4,retain+recover
6,2,2,0,False,1,8,0,0,8,retain+recover
6,2,2,0,False,2,0,0,0,0,retain+recover
6,2,2,0,False,2,1,0,0,1,retain+recover
6,2,2,0,False,2,2,0,0,2,retain+recover
6,2,2,0,False,2,4,0,0,4,retain+recover
6,2,2,0,False,2,8,0,0,8,retain+recover
6,2,2,0,False,4,0,0,0,0,retain+recover
6,2,2,0,False,4,1,0,0,1,retain+recover
6,2,2,0,False,4,2,0,0,2,retain+recover
6,2,2,0,False,4,4,0,0,4,retain+recover
6,2,2,0,False,4,8,0,0,8,retain+recover
6,2,2,0,True,1,0,0,0,0,retain+recover
6,2,2,0,True,1,1,0,0,1,retain+recover
6,2,2,0,True,1,2,0,0,2,retain+recover
6,2,2,0,True,1,4,0,0,4,retain+recover
6,2,2,0,True,1,8,0,0,8,retain+recover
6,2,2,0,True,2,0,0,0,0,retain+recover
6,2,2,0,True,2,1,0,0,1,retain+recover
6,2,2,0,True,2,2,0,0,2,retain+recover
6,2,2,0,True,2,4,0,0,4,retain+recover
6,2,2,0,True,2,8,0,0,8,retain+recover
6,2,2,0,True,4,0,0,0,0,retain+recover
6,2,2,0,True,4,1,0,0,1,retain+recover
6,2,2,0,True,4,2,0,0,2,retain+recover
6,2,2,0,True,4,4,0,0,4,retain+recover
6,2,2,0,True,4,8,0,0,8,retain+recover
6,2,2,1,False,1,0,3/10,1/2,0,retain+recover
6,2,2,1,False,1,1,3/10,1/2,7/10,retain+recover
6,2,2,1,False,1,2,3/10,1/2,7/5,retain+recover
6,2,2,1,False,1,4,3/10,1/2,14/5,retain+recover
6,2,2,1,False,1,8,3/10,1/2,5,inspect+recover
6,2,2,1,False,2,0,3/10,1/2,0,retain+recover
6,2,2,1,False,2,1,3/10,1/2,7/10,retain+recover
6,2,2,1,False,2,2,3/10,1/2,7/5,retain+recover
6,2,2,1,False,2,4,3/10,1/2,14/5,retain+recover
6,2,2,1,False,2,8,3/10,1/2,28/5,retain+recover
6,2,2,1,False,4,0,3/10,1/2,0,retain+recover
6,2,2,1,False,4,1,3/10,1/2,7/10,retain+recover
6,2,2,1,False,4,2,3/10,1/2,7/5,retain+recover
6,2,2,1,False,4,4,3/10,1/2,14/5,retain+recover
6,2,2,1,False,4,8,3/10,1/2,28/5,retain+recover
6,2,2,1,True,1,0,1/2,1/2,0,retain+recover
6,2,2,1,True,1,1,1/2,1/2,1/2,retain+recover
6,2,2,1,True,1,2,1/2,1/2,1,retain+recover
6,2,2,1,True,1,4,1/2,1/2,2,retain+recover
6,2,2,1,True,1,8,1/2,1/2,4,retain+recover
6,2,2,1,True,2,0,1/2,1/2,0,retain+recover
6,2,2,1,True,2,1,1/2,1/2,1/2,retain+recover
6,2,2,1,True,2,2,1/2,1/2,1,retain+recover
6,2,2,1,True,2,4,1/2,1/2,2,retain+recover
6,2,2,1,True,2,8,1/2,1/2,4,retain+recover
6,2,2,1,True,4,0,1/2,1/2,0,retain+recover
6,2,2,1,True,4,1,1/2,1/2,1/2,retain+recover
6,2,2,1,True,4,2,1/2,1/2,1,retain+recover
6,2,2,1,True,4,4,1/2,1/2,2,retain+recover
6,2,2,1,True,4,8,1/2,1/2,4,retain+recover
6,2,2,2,False,1,0,1/3,1,0,retain+recover
6,2,2,2,False,1,1,1/3,1,2/3,retain+recover
6,2,2,2,False,1,2,1/3,1,1,inspect;inspect+recover
6,2,2,2,False,1,4,1/3,1,1,inspect;inspect+recover
6,2,2,2,False,1,8,1/3,1,1,inspect;inspect+recover
6,2,2,2,False,2,0,1/3,1,0,retain+recover
6,2,2,2,False,2,1,1/3,1,2/3,retain+recover
6,2,2,2,False,2,2,1/3,1,4/3,retain+recover
6,2,2,2,False,2,4,1/3,1,2,inspect;inspect+recover
6,2,2,2,False,2,8,1/3,1,2,inspect;inspect+recover
6,2,2,2,False,4,0,1/3,1,0,retain+recover
6,2,2,2,False,4,1,1/3,1,2/3,retain+recover
6,2,2,2,False,4,2,1/3,1,4/3,retain+recover
6,2,2,2,False,4,4,1/3,1,8/3,retain+recover
6,2,2,2,False,4,8,1/3,1,4,inspect;inspect+recover
6,2,2,2,True,1,0,4/5,1,0,retain+recover
6,2,2,2,True,1,1,4/5,1,1/5,retain+recover
6,2,2,2,True,1,2,4/5,1,2/5,retain+recover
6,2,2,2,True,1,4,4/5,1,4/5,retain+recover
6,2,2,2,True,1,8,4/5,1,1,inspect;inspect+recover
6,2,2,2,True,2,0,4/5,1,0,retain+recover
6,2,2,2,True,2,1,4/5,1,1/5,retain+recover
6,2,2,2,True,2,2,4/5,1,2/5,retain+recover
6,2,2,2,True,2,4,4/5,1,4/5,retain+recover
6,2,2,2,True,2,8,4/5,1,8/5,retain+recover
6,2,2,2,True,4,0,4/5,1,0,retain+recover
6,2,2,2,True,4,1,4/5,1,1/5,retain+recover
6,2,2,2,True,4,2,4/5,1,2/5,retain+recover
6,2,2,2,True,4,4,4/5,1,4/5,retain+recover
6,2,2,2,True,4,8,4/5,1,8/5,retain+recover
6,2,2,3,False,1,0,1/3,1,0,retain+recover
6,2,2,3,False,1,1,1/3,1,2/3,retain+recover
6,2,2,3,False,1,2,1/3,1,1,inspect;inspect+recover
6,2,2,3,False,1,4,1/3,1,1,inspect;inspect+recover
6,2,2,3,False,1,8,1/3,1,1,inspect;inspect+recover
6,2,2,3,False,2,0,1/3,1,0,retain+recover
6,2,2,3,False,2,1,1/3,1,2/3,retain+recover
6,2,2,3,False,2,2,1/3,1,4/3,retain+recover
6,2,2,3,False,2,4,1/3,1,2,inspect;inspect+recover
6,2,2,3,False,2,8,1/3,1,2,inspect;inspect+recover
6,2,2,3,False,4,0,1/3,1,0,retain+recover
6,2,2,3,False,4,1,1/3,1,2/3,retain+recover
6,2,2,3,False,4,2,1/3,1,4/3,retain+recover
6,2,2,3,False,4,4,1/3,1,8/3,retain+recover
6,2,2,3,False,4,8,1/3,1,4,inspect;inspect+recover
6,2,2,3,True,1,0,4/5,1,0,retain+recover
6,2,2,3,True,1,1,4/5,1,1/5,retain+recover
6,2,2,3,True,1,2,4/5,1,2/5,retain+recover
6,2,2,3,True,1,4,4/5,1,4/5,retain+recover
6,2,2,3,True,1,8,4/5,1,1,inspect;inspect+recover
6,2,2,3,True,2,0,4/5,1,0,retain+recover
6,2,2,3,True,2,1,4/5,1,1/5,retain+recover
6,2,2,3,True,2,2,4/5,1,2/5,retain+recover
6,2,2,3,True,2,4,4/5,1,4/5,retain+recover
6,2,2,3,True,2,8,4/5,1,8/5,retain+recover
6,2,2,3,True,4,0,4/5,1,0,retain+recover
6,2,2,3,True,4,1,4/5,1,1/5,retain+recover
6,2,2,3,True,4,2,4/5,1,2/5,retain+recover
6,2,2,3,True,4,4,4/5,1,4/5,retain+recover
6,2,2,3,True,4,8,4/5,1,8/5,retain+recover
6,2,2,6,False,1,0,1/3,1,0,retain+recover
6,2,2,6,False,1,1,1/3,1,2/3,retain+recover
6,2,2,6,False,1,2,1/3,1,1,inspect;inspect+recover
6,2,2,6,False,1,4,1/3,1,1,inspect;inspect+recover
6,2,2,6,False,1,8,1/3,1,1,inspect;inspect+recover
6,2,2,6,False,2,0,1/3,1,0,retain+recover
6,2,2,6,False,2,1,1/3,1,2/3,retain+recover
6,2,2,6,False,2,2,1/3,1,4/3,retain+recover
6,2,2,6,False,2,4,1/3,1,2,inspect;inspect+recover
6,2,2,6,False,2,8,1/3,1,2,inspect;inspect+recover
6,2,2,6,False,4,0,1/3,1,0,retain+recover
6,2,2,6,False,4,1,1/3,1,2/3,retain+recover
6,2,2,6,False,4,2,1/3,1,4/3,retain+recover
6,2,2,6,False,4,4,1/3,1,8/3,retain+recover
6,2,2,6,False,4,8,1/3,1,4,inspect;inspect+recover
6,2,2,6,True,1,0,4/5,1,0,retain+recover
6,2,2,6,True,1,1,4/5,1,1/5,retain+recover
6,2,2,6,True,1,2,4/5,1,2/5,retain+recover
6,2,2,6,True,1,4,4/5,1,4/5,retain+recover
6,2,2,6,True,1,8,4/5,1,1,inspect;inspect+recover
6,2,2,6,True,2,0,4/5,1,0,retain+recover
6,2,2,6,True,2,1,4/5,1,1/5,retain+recover
6,2,2,6,True,2,2,4/5,1,2/5,retain+recover
6,2,2,6,True,2,4,4/5,1,4/5,retain+recover
6,2,2,6,True,2,8,4/5,1,8/5,retain+recover
6,2,2,6,True,4,0,4/5,1,0,retain+recover
6,2,2,6,True,4,1,4/5,1,1/5,retain+recover
6,2,2,6,True,4,2,4/5,1,2/5,retain+recover
6,2,2,6,True,4,4,4/5,1,4/5,retain+recover
6,2,2,6,True,4,8,4/5,1,8/5,retain+recover
6,2,4,0,False,1,0,0,0,0,retain+recover
6,2,4,0,False,1,1,0,0,1,retain+recover
6,2,4,0,False,1,2,0,0,2,retain+recover
6,2,4,0,False,1,4,0,0,4,retain+recover
6,2,4,0,False,1,8,0,0,8,retain+recover
6,2,4,0,False,2,0,0,0,0,retain+recover
6,2,4,0,False,2,1,0,0,1,retain+recover
6,2,4,0,False,2,2,0,0,2,retain+recover
6,2,4,0,False,2,4,0,0,4,retain+recover
6,2,4,0,False,2,8,0,0,8,retain+recover
6,2,4,0,False,4,0,0,0,0,retain+recover
6,2,4,0,False,4,1,0,0,1,retain+recover
6,2,4,0,False,4,2,0,0,2,retain+recover
6,2,4,0,False,4,4,0,0,4,retain+recover
6,2,4,0,False,4,8,0,0,8,retain+recover
6,2,4,0,True,1,0,0,0,0,retain+recover
6,2,4,0,True,1,1,0,0,1,retain+recover
6,2,4,0,True,1,2,0,0,2,retain+recover
6,2,4,0,True,1,4,0,0,4,retain+recover
6,2,4,0,True,1,8,0,0,8,retain+recover
6,2,4,0,True,2,0,0,0,0,retain+recover
6,2,4,0,True,2,1,0,0,1,retain+recover
6,2,4,0,True,2,2,0,0,2,retain+recover
6,2,4,0,True,2,4,0,0,4,retain+recover
6,2,4,0,True,2,8,0,0,8,retain+recover
6,2,4,0,True,4,0,0,0,0,retain+recover
6,2,4,0,True,4,1,0,0,1,retain+recover
6,2,4,0,True,4,2,0,0,2,retain+recover
6,2,4,0,True,4,4,0,0,4,retain+recover
6,2,4,0,True,4,8,0,0,8,retain+recover
6,2,4,1,False,1,0,7/15,1/2,0,retain+recover
6,2,4,1,False,1,1,7/15,1/2,8/15,retain+recover
6,2,4,1,False,1,2,7/15,1/2,16/15,retain+recover
6,2,4,1,False,1,4,7/15,1/2,32/15,retain+recover
6,2,4,1,False,1,8,7/15,1/2,64/15,retain+recover
6,2,4,1,False,2,0,7/15,1/2,0,retain+recover
6,2,4,1,False,2,1,7/15,1/2,8/15,retain+recover
6,2,4,1,False,2,2,7/15,1/2,16/15,retain+recover
6,2,4,1,False,2,4,7/15,1/2,32/15,retain+recover
6,2,4,1,False,2,8,7/15,1/2,64/15,retain+recover
6,2,4,1,False,4,0,7/15,1/2,0,retain+recover
6,2,4,1,False,4,1,7/15,1/2,8/15,retain+recover
6,2,4,1,False,4,2,7/15,1/2,16/15,retain+recover
6,2,4,1,False,4,4,7/15,1/2,32/15,retain+recover
6,2,4,1,False,4,8,7/15,1/2,64/15,retain+recover
6,2,4,1,True,1,0,1/2,1/2,0,retain+recover
6,2,4,1,True,1,1,1/2,1/2,1/2,retain+recover
6,2,4,1,True,1,2,1/2,1/2,1,retain+recover
6,2,4,1,True,1,4,1/2,1/2,2,retain+recover
6,2,4,1,True,1,8,1/2,1/2,4,retain+recover
6,2,4,1,True,2,0,1/2,1/2,0,retain+recover
6,2,4,1,True,2,1,1/2,1/2,1/2,retain+recover
6,2,4,1,True,2,2,1/2,1/2,1,retain+recover
6,2,4,1,True,2,4,1/2,1/2,2,retain+recover
6,2,4,1,True,2,8,1/2,1/2,4,retain+recover
6,2,4,1,True,4,0,1/2,1/2,0,retain+recover
6,2,4,1,True,4,1,1/2,1/2,1/2,retain+recover
6,2,4,1,True,4,2,1/2,1/2,1,retain+recover
6,2,4,1,True,4,4,1/2,1/2,2,retain+recover
6,2,4,1,True,4,8,1/2,1/2,4,retain+recover
6,2,4,2,False,1,0,2/3,1,0,retain+recover
6,2,4,2,False,1,1,2/3,1,1/3,retain+recover
6,2,4,2,False,1,2,2/3,1,2/3,retain+recover
6,2,4,2,False,1,4,2/3,1,1,inspect;inspect+recover
6,2,4,2,False,1,8,2/3,1,1,inspect;inspect+recover
6,2,4,2,False,2,0,2/3,1,0,retain+recover
6,2,4,2,False,2,1,2/3,1,1/3,retain+recover
6,2,4,2,False,2,2,2/3,1,2/3,retain+recover
6,2,4,2,False,2,4,2/3,1,4/3,retain+recover
6,2,4,2,False,2,8,2/3,1,2,inspect;inspect+recover
6,2,4,2,False,4,0,2/3,1,0,retain+recover
6,2,4,2,False,4,1,2/3,1,1/3,retain+recover
6,2,4,2,False,4,2,2/3,1,2/3,retain+recover
6,2,4,2,False,4,4,2/3,1,4/3,retain+recover
6,2,4,2,False,4,8,2/3,1,8/3,retain+recover
6,2,4,2,True,1,0,29/30,1,0,retain+recover
6,2,4,2,True,1,1,29/30,1,1/30,retain+recover
6,2,4,2,True,1,2,29/30,1,1/15,retain+recover
6,2,4,2,True,1,4,29/30,1,2/15,retain+recover
6,2,4,2,True,1,8,29/30,1,4/15,retain+recover
6,2,4,2,True,2,0,29/30,1,0,retain+recover
6,2,4,2,True,2,1,29/30,1,1/30,retain+recover
6,2,4,2,True,2,2,29/30,1,1/15,retain+recover
6,2,4,2,True,2,4,29/30,1,2/15,retain+recover
6,2,4,2,True,2,8,29/30,1,4/15,retain+recover
6,2,4,2,True,4,0,29/30,1,0,retain+recover
6,2,4,2,True,4,1,29/30,1,1/30,retain+recover
6,2,4,2,True,4,2,29/30,1,1/15,retain+recover
6,2,4,2,True,4,4,29/30,1,2/15,retain+recover
6,2,4,2,True,4,8,29/30,1,4/15,retain+recover
6,2,4,3,False,1,0,2/3,1,0,retain+recover
6,2,4,3,False,1,1,2/3,1,1/3,retain+recover
6,2,4,3,False,1,2,2/3,1,2/3,retain+recover
6,2,4,3,False,1,4,2/3,1,1,inspect;inspect+recover
6,2,4,3,False,1,8,2/3,1,1,inspect;inspect+recover
6,2,4,3,False,2,0,2/3,1,0,retain+recover
6,2,4,3,False,2,1,2/3,1,1/3,retain+recover
6,2,4,3,False,2,2,2/3,1,2/3,retain+recover
6,2,4,3,False,2,4,2/3,1,4/3,retain+recover
6,2,4,3,False,2,8,2/3,1,2,inspect;inspect+recover
6,2,4,3,False,4,0,2/3,1,0,retain+recover
6,2,4,3,False,4,1,2/3,1,1/3,retain+recover
6,2,4,3,False,4,2,2/3,1,2/3,retain+recover
6,2,4,3,False,4,4,2/3,1,4/3,retain+recover
6,2,4,3,False,4,8,2/3,1,8/3,retain+recover
6,2,4,3,True,1,0,29/30,1,0,retain+recover
6,2,4,3,True,1,1,29/30,1,1/30,retain+recover
6,2,4,3,True,1,2,29/30,1,1/15,retain+recover
6,2,4,3,True,1,4,29/30,1,2/15,retain+recover
6,2,4,3,True,1,8,29/30,1,4/15,retain+recover
6,2,4,3,True,2,0,29/30,1,0,retain+recover
6,2,4,3,True,2,1,29/30,1,1/30,retain+recover
6,2,4,3,True,2,2,29/30,1,1/15,retain+recover
6,2,4,3,True,2,4,29/30,1,2/15,retain+recover
6,2,4,3,True,2,8,29/30,1,4/15,retain+recover
6,2,4,3,True,4,0,29/30,1,0,retain+recover
6,2,4,3,True,4,1,29/30,1,1/30,retain+recover
6,2,4,3,True,4,2,29/30,1,1/15,retain+recover
6,2,4,3,True,4,4,29/30,1,2/15,retain+recover
6,2,4,3,True,4,8,29/30,1,4/15,retain+recover
6,2,4,6,False,1,0,2/3,1,0,retain+recover
6,2,4,6,False,1,1,2/3,1,1/3,retain+recover
6,2,4,6,False,1,2,2/3,1,2/3,retain+recover
6,2,4,6,False,1,4,2/3,1,1,inspect;inspect+recover
6,2,4,6,False,1,8,2/3,1,1,inspect;inspect+recover
6,2,4,6,False,2,0,2/3,1,0,retain+recover
6,2,4,6,False,2,1,2/3,1,1/3,retain+recover
6,2,4,6,False,2,2,2/3,1,2/3,retain+recover
6,2,4,6,False,2,4,2/3,1,4/3,retain+recover
6,2,4,6,False,2,8,2/3,1,2,inspect;inspect+recover
6,2,4,6,False,4,0,2/3,1,0,retain+recover
6,2,4,6,False,4,1,2/3,1,1/3,retain+recover
6,2,4,6,False,4,2,2/3,1,2/3,retain+recover
6,2,4,6,False,4,4,2/3,1,4/3,retain+recover
6,2,4,6,False,4,8,2/3,1,8/3,retain+recover
6,2,4,6,True,1,0,29/30,1,0,retain+recover
6,2,4,6,True,1,1,29/30,1,1/30,retain+recover
6,2,4,6,True,1,2,29/30,1,1/15,retain+recover
6,2,4,6,True,1,4,29/30,1,2/15,retain+recover
6,2,4,6,True,1,8,29/30,1,4/15,retain+recover
6,2,4,6,True,2,0,29/30,1,0,retain+recover
6,2,4,6,True,2,1,29/30,1,1/30,retain+recover
6,2,4,6,True,2,2,29/30,1,1/15,retain+recover
6,2,4,6,True,2,4,29/30,1,2/15,retain+recover
6,2,4,6,True,2,8,29/30,1,4/15,retain+recover
6,2,4,6,True,4,0,29/30,1,0,retain+recover
6,2,4,6,True,4,1,29/30,1,1/30,retain+recover
6,2,4,6,True,4,2,29/30,1,1/15,retain+recover
6,2,4,6,True,4,4,29/30,1,2/15,retain+recover
6,2,4,6,True,4,8,29/30,1,4/15,retain+recover
6,2,6,0,False,1,0,0,0,0,retain+recover
6,2,6,0,False,1,1,0,0,1,retain+recover
6,2,6,0,False,1,2,0,0,2,retain+recover
6,2,6,0,False,1,4,0,0,4,retain+recover
6,2,6,0,False,1,8,0,0,8,retain+recover
6,2,6,0,False,2,0,0,0,0,retain+recover
6,2,6,0,False,2,1,0,0,1,retain+recover
6,2,6,0,False,2,2,0,0,2,retain+recover
6,2,6,0,False,2,4,0,0,4,retain+recover
6,2,6,0,False,2,8,0,0,8,retain+recover
6,2,6,0,False,4,0,0,0,0,retain+recover
6,2,6,0,False,4,1,0,0,1,retain+recover
6,2,6,0,False,4,2,0,0,2,retain+recover
6,2,6,0,False,4,4,0,0,4,retain+recover
6,2,6,0,False,4,8,0,0,8,retain+recover
6,2,6,0,True,1,0,0,0,0,retain+recover
6,2,6,0,True,1,1,0,0,1,retain+recover
6,2,6,0,True,1,2,0,0,2,retain+recover
6,2,6,0,True,1,4,0,0,4,retain+recover
6,2,6,0,True,1,8,0,0,8,retain+recover
6,2,6,0,True,2,0,0,0,0,retain+recover
6,2,6,0,True,2,1,0,0,1,retain+recover
6,2,6,0,True,2,2,0,0,2,retain+recover
6,2,6,0,True,2,4,0,0,4,retain+recover
6,2,6,0,True,2,8,0,0,8,retain+recover
6,2,6,0,True,4,0,0,0,0,retain+recover
6,2,6,0,True,4,1,0,0,1,retain+recover
6,2,6,0,True,4,2,0,0,2,retain+recover
6,2,6,0,True,4,4,0,0,4,retain+recover
6,2,6,0,True,4,8,0,0,8,retain+recover
6,2,6,1,False,1,0,1/2,1/2,0,retain+recover
6,2,6,1,False,1,1,1/2,1/2,1/2,retain+recover
6,2,6,1,False,1,2,1/2,1/2,1,retain+recover
6,2,6,1,False,1,4,1/2,1/2,2,retain+recover
6,2,6,1,False,1,8,1/2,1/2,4,retain+recover
6,2,6,1,False,2,0,1/2,1/2,0,retain+recover
6,2,6,1,False,2,1,1/2,1/2,1/2,retain+recover
6,2,6,1,False,2,2,1/2,1/2,1,retain+recover
6,2,6,1,False,2,4,1/2,1/2,2,retain+recover
6,2,6,1,False,2,8,1/2,1/2,4,retain+recover
6,2,6,1,False,4,0,1/2,1/2,0,retain+recover
6,2,6,1,False,4,1,1/2,1/2,1/2,retain+recover
6,2,6,1,False,4,2,1/2,1/2,1,retain+recover
6,2,6,1,False,4,4,1/2,1/2,2,retain+recover
6,2,6,1,False,4,8,1/2,1/2,4,retain+recover
6,2,6,1,True,1,0,1/2,1/2,0,retain+recover
6,2,6,1,True,1,1,1/2,1/2,1/2,retain+recover
6,2,6,1,True,1,2,1/2,1/2,1,retain+recover
6,2,6,1,True,1,4,1/2,1/2,2,retain+recover
6,2,6,1,True,1,8,1/2,1/2,4,retain+recover
6,2,6,1,True,2,0,1/2,1/2,0,retain+recover
6,2,6,1,True,2,1,1/2,1/2,1/2,retain+recover
6,2,6,1,True,2,2,1/2,1/2,1,retain+recover
6,2,6,1,True,2,4,1/2,1/2,2,retain+recover
6,2,6,1,True,2,8,1/2,1/2,4,retain+recover
6,2,6,1,True,4,0,1/2,1/2,0,retain+recover
6,2,6,1,True,4,1,1/2,1/2,1/2,retain+recover
6,2,6,1,True,4,2,1/2,1/2,1,retain+recover
6,2,6,1,True,4,4,1/2,1/2,2,retain+recover
6,2,6,1,True,4,8,1/2,1/2,4,retain+recover
6,2,6,2,False,1,0,1,1,0,retain;retain+recover
6,2,6,2,False,1,1,1,1,0,retain;retain+recover
6,2,6,2,False,1,2,1,1,0,retain;retain+recover
6,2,6,2,False,1,4,1,1,0,retain;retain+recover
6,2,6,2,False,1,8,1,1,0,retain;retain+recover
6,2,6,2,False,2,0,1,1,0,retain;retain+recover
6,2,6,2,False,2,1,1,1,0,retain;retain+recover
6,2,6,2,False,2,2,1,1,0,retain;retain+recover
6,2,6,2,False,2,4,1,1,0,retain;retain+recover
6,2,6,2,False,2,8,1,1,0,retain;retain+recover
6,2,6,2,False,4,0,1,1,0,retain;retain+recover
6,2,6,2,False,4,1,1,1,0,retain;retain+recover
6,2,6,2,False,4,2,1,1,0,retain;retain+recover
6,2,6,2,False,4,4,1,1,0,retain;retain+recover
6,2,6,2,False,4,8,1,1,0,retain;retain+recover
6,2,6,2,True,1,0,1,1,0,retain;retain+recover
6,2,6,2,True,1,1,1,1,0,retain;retain+recover
6,2,6,2,True,1,2,1,1,0,retain;retain+recover
6,2,6,2,True,1,4,1,1,0,retain;retain+recover
6,2,6,2,True,1,8,1,1,0,retain;retain+recover
6,2,6,2,True,2,0,1,1,0,retain;retain+recover
6,2,6,2,True,2,1,1,1,0,retain;retain+recover
6,2,6,2,True,2,2,1,1,0,retain;retain+recover
6,2,6,2,True,2,4,1,1,0,retain;retain+recover
6,2,6,2,True,2,8,1,1,0,retain;retain+recover
6,2,6,2,True,4,0,1,1,0,retain;retain+recover
6,2,6,2,True,4,1,1,1,0,retain;retain+recover
6,2,6,2,True,4,2,1,1,0,retain;retain+recover
6,2,6,2,True,4,4,1,1,0,retain;retain+recover
6,2,6,2,True,4,8,1,1,0,retain;retain+recover
6,2,6,3,False,1,0,1,1,0,retain;retain+recover
6,2,6,3,False,1,1,1,1,0,retain;retain+recover
6,2,6,3,False,1,2,1,1,0,retain;retain+recover
6,2,6,3,False,1,4,1,1,0,retain;retain+recover
6,2,6,3,False,1,8,1,1,0,retain;retain+recover
6,2,6,3,False,2,0,1,1,0,retain;retain+recover
6,2,6,3,False,2,1,1,1,0,retain;retain+recover
6,2,6,3,False,2,2,1,1,0,retain;retain+recover
6,2,6,3,False,2,4,1,1,0,retain;retain+recover
6,2,6,3,False,2,8,1,1,0,retain;retain+recover
6,2,6,3,False,4,0,1,1,0,retain;retain+recover
6,2,6,3,False,4,1,1,1,0,retain;retain+recover
6,2,6,3,False,4,2,1,1,0,retain;retain+recover
6,2,6,3,False,4,4,1,1,0,retain;retain+recover
6,2,6,3,False,4,8,1,1,0,retain;retain+recover
6,2,6,3,True,1,0,1,1,0,retain;retain+recover
6,2,6,3,True,1,1,1,1,0,retain;retain+recover
6,2,6,3,True,1,2,1,1,0,retain;retain+recover
6,2,6,3,True,1,4,1,1,0,retain;retain+recover
6,2,6,3,True,1,8,1,1,0,retain;retain+recover
6,2,6,3,True,2,0,1,1,0,retain;retain+recover
6,2,6,3,True,2,1,1,1,0,retain;retain+recover
6,2,6,3,True,2,2,1,1,0,retain;retain+recover
6,2,6,3,True,2,4,1,1,0,retain;retain+recover
6,2,6,3,True,2,8,1,1,0,retain;retain+recover
6,2,6,3,True,4,0,1,1,0,retain;retain+recover
6,2,6,3,True,4,1,1,1,0,retain;retain+recover
6,2,6,3,True,4,2,1,1,0,retain;retain+recover
6,2,6,3,True,4,4,1,1,0,retain;retain+recover
6,2,6,3,True,4,8,1,1,0,retain;retain+recover
6,2,6,6,False,1,0,1,1,0,retain;retain+recover
6,2,6,6,False,1,1,1,1,0,retain;retain+recover
6,2,6,6,False,1,2,1,1,0,retain;retain+recover
6,2,6,6,False,1,4,1,1,0,retain;retain+recover
6,2,6,6,False,1,8,1,1,0,retain;retain+recover
6,2,6,6,False,2,0,1,1,0,retain;retain+recover
6,2,6,6,False,2,1,1,1,0,retain;retain+recover
6,2,6,6,False,2,2,1,1,0,retain;retain+recover
6,2,6,6,False,2,4,1,1,0,retain;retain+recover
6,2,6,6,False,2,8,1,1,0,retain;retain+recover
6,2,6,6,False,4,0,1,1,0,retain;retain+recover
6,2,6,6,False,4,1,1,1,0,retain;retain+recover
6,2,6,6,False,4,2,1,1,0,retain;retain+recover
6,2,6,6,False,4,4,1,1,0,retain;retain+recover
6,2,6,6,False,4,8,1,1,0,retain;retain+recover
6,2,6,6,True,1,0,1,1,0,retain;retain+recover
6,2,6,6,True,1,1,1,1,0,retain;retain+recover
6,2,6,6,True,1,2,1,1,0,retain;retain+recover
6,2,6,6,True,1,4,1,1,0,retain;retain+recover
6,2,6,6,True,1,8,1,1,0,retain;retain+recover
6,2,6,6,True,2,0,1,1,0,retain;retain+recover
6,2,6,6,True,2,1,1,1,0,retain;retain+recover
6,2,6,6,True,2,2,1,1,0,retain;retain+recover
6,2,6,6,True,2,4,1,1,0,retain;retain+recover
6,2,6,6,True,2,8,1,1,0,retain;retain+recover
6,2,6,6,True,4,0,1,1,0,retain;retain+recover
6,2,6,6,True,4,1,1,1,0,retain;retain+recover
6,2,6,6,True,4,2,1,1,0,retain;retain+recover
6,2,6,6,True,4,4,1,1,0,retain;retain+recover
6,2,6,6,True,4,8,1,1,0,retain;retain+recover
6,3,0,0,False,1,0,0,0,0,retain+recover
6,3,0,0,False,1,1,0,0,1,retain+recover
6,3,0,0,False,1,2,0,0,2,retain+recover
6,3,0,0,False,1,4,0,0,4,retain+recover
6,3,0,0,False,1,8,0,0,8,retain+recover
6,3,0,0,False,2,0,0,0,0,retain+recover
6,3,0,0,False,2,1,0,0,1,retain+recover
6,3,0,0,False,2,2,0,0,2,retain+recover
6,3,0,0,False,2,4,0,0,4,retain+recover
6,3,0,0,False,2,8,0,0,8,retain+recover
6,3,0,0,False,4,0,0,0,0,retain+recover
6,3,0,0,False,4,1,0,0,1,retain+recover
6,3,0,0,False,4,2,0,0,2,retain+recover
6,3,0,0,False,4,4,0,0,4,retain+recover
6,3,0,0,False,4,8,0,0,8,retain+recover
6,3,0,0,True,1,0,0,0,0,retain+recover
6,3,0,0,True,1,1,0,0,1,retain+recover
6,3,0,0,True,1,2,0,0,2,retain+recover
6,3,0,0,True,1,4,0,0,4,retain+recover
6,3,0,0,True,1,8,0,0,8,retain+recover
6,3,0,0,True,2,0,0,0,0,retain+recover
6,3,0,0,True,2,1,0,0,1,retain+recover
6,3,0,0,True,2,2,0,0,2,retain+recover
6,3,0,0,True,2,4,0,0,4,retain+recover
6,3,0,0,True,2,8,0,0,8,retain+recover
6,3,0,0,True,4,0,0,0,0,retain+recover
6,3,0,0,True,4,1,0,0,1,retain+recover
6,3,0,0,True,4,2,0,0,2,retain+recover
6,3,0,0,True,4,4,0,0,4,retain+recover
6,3,0,0,True,4,8,0,0,8,retain+recover
6,3,0,1,False,1,0,0,0,0,retain+recover
6,3,0,1,False,1,1,0,0,1,retain+recover
6,3,0,1,False,1,2,0,0,2,retain+recover
6,3,0,1,False,1,4,0,0,4,retain+recover
6,3,0,1,False,1,8,0,0,8,retain+recover
6,3,0,1,False,2,0,0,0,0,retain+recover
6,3,0,1,False,2,1,0,0,1,retain+recover
6,3,0,1,False,2,2,0,0,2,retain+recover
6,3,0,1,False,2,4,0,0,4,retain+recover
6,3,0,1,False,2,8,0,0,8,retain+recover
6,3,0,1,False,4,0,0,0,0,retain+recover
6,3,0,1,False,4,1,0,0,1,retain+recover
6,3,0,1,False,4,2,0,0,2,retain+recover
6,3,0,1,False,4,4,0,0,4,retain+recover
6,3,0,1,False,4,8,0,0,8,retain+recover
6,3,0,1,True,1,0,1/3,1/3,0,retain+recover
6,3,0,1,True,1,1,1/3,1/3,2/3,retain+recover
6,3,0,1,True,1,2,1/3,1/3,4/3,retain+recover
6,3,0,1,True,1,4,1/3,1/3,8/3,retain+recover
6,3,0,1,True,1,8,1/3,1/3,16/3,retain+recover
6,3,0,1,True,2,0,1/3,1/3,0,retain+recover
6,3,0,1,True,2,1,1/3,1/3,2/3,retain+recover
6,3,0,1,True,2,2,1/3,1/3,4/3,retain+recover
6,3,0,1,True,2,4,1/3,1/3,8/3,retain+recover
6,3,0,1,True,2,8,1/3,1/3,16/3,retain+recover
6,3,0,1,True,4,0,1/3,1/3,0,retain+recover
6,3,0,1,True,4,1,1/3,1/3,2/3,retain+recover
6,3,0,1,True,4,2,1/3,1/3,4/3,retain+recover
6,3,0,1,True,4,4,1/3,1/3,8/3,retain+recover
6,3,0,1,True,4,8,1/3,1/3,16/3,retain+recover
6,3,0,2,False,1,0,0,0,0,retain+recover
6,3,0,2,False,1,1,0,0,1,retain+recover
6,3,0,2,False,1,2,0,0,2,retain+recover
6,3,0,2,False,1,4,0,0,4,retain+recover
6,3,0,2,False,1,8,0,0,8,retain+recover
6,3,0,2,False,2,0,0,0,0,retain+recover
6,3,0,2,False,2,1,0,0,1,retain+recover
6,3,0,2,False,2,2,0,0,2,retain+recover
6,3,0,2,False,2,4,0,0,4,retain+recover
6,3,0,2,False,2,8,0,0,8,retain+recover
6,3,0,2,False,4,0,0,0,0,retain+recover
6,3,0,2,False,4,1,0,0,1,retain+recover
6,3,0,2,False,4,2,0,0,2,retain+recover
6,3,0,2,False,4,4,0,0,4,retain+recover
6,3,0,2,False,4,8,0,0,8,retain+recover
6,3,0,2,True,1,0,1/3,1/3,0,retain+recover
6,3,0,2,True,1,1,1/3,1/3,2/3,retain+recover
6,3,0,2,True,1,2,1/3,1/3,4/3,retain+recover
6,3,0,2,True,1,4,1/3,1/3,8/3,retain+recover
6,3,0,2,True,1,8,1/3,1/3,16/3,retain+recover
6,3,0,2,True,2,0,1/3,1/3,0,retain+recover
6,3,0,2,True,2,1,1/3,1/3,2/3,retain+recover
6,3,0,2,True,2,2,1/3,1/3,4/3,retain+recover
6,3,0,2,True,2,4,1/3,1/3,8/3,retain+recover
6,3,0,2,True,2,8,1/3,1/3,16/3,retain+recover
6,3,0,2,True,4,0,1/3,1/3,0,retain+recover
6,3,0,2,True,4,1,1/3,1/3,2/3,retain+recover
6,3,0,2,True,4,2,1/3,1/3,4/3,retain+recover
6,3,0,2,True,4,4,1/3,1/3,8/3,retain+recover
6,3,0,2,True,4,8,1/3,1/3,16/3,retain+recover
6,3,0,3,False,1,0,0,0,0,retain+recover
6,3,0,3,False,1,1,0,0,1,retain+recover
6,3,0,3,False,1,2,0,0,2,retain+recover
6,3,0,3,False,1,4,0,0,4,retain+recover
6,3,0,3,False,1,8,0,0,8,retain+recover
6,3,0,3,False,2,0,0,0,0,retain+recover
6,3,0,3,False,2,1,0,0,1,retain+recover
6,3,0,3,False,2,2,0,0,2,retain+recover
6,3,0,3,False,2,4,0,0,4,retain+recover
6,3,0,3,False,2,8,0,0,8,retain+recover
6,3,0,3,False,4,0,0,0,0,retain+recover
6,3,0,3,False,4,1,0,0,1,retain+recover
6,3,0,3,False,4,2,0,0,2,retain+recover
6,3,0,3,False,4,4,0,0,4,retain+recover
6,3,0,3,False,4,8,0,0,8,retain+recover
6,3,0,3,True,1,0,1/3,1/3,0,retain+recover
6,3,0,3,True,1,1,1/3,1/3,2/3,retain+recover
6,3,0,3,True,1,2,1/3,1/3,4/3,retain+recover
6,3,0,3,True,1,4,1/3,1/3,8/3,retain+recover
6,3,0,3,True,1,8,1/3,1/3,16/3,retain+recover
6,3,0,3,True,2,0,1/3,1/3,0,retain+recover
6,3,0,3,True,2,1,1/3,1/3,2/3,retain+recover
6,3,0,3,True,2,2,1/3,1/3,4/3,retain+recover
6,3,0,3,True,2,4,1/3,1/3,8/3,retain+recover
6,3,0,3,True,2,8,1/3,1/3,16/3,retain+recover
6,3,0,3,True,4,0,1/3,1/3,0,retain+recover
6,3,0,3,True,4,1,1/3,1/3,2/3,retain+recover
6,3,0,3,True,4,2,1/3,1/3,4/3,retain+recover
6,3,0,3,True,4,4,1/3,1/3,8/3,retain+recover
6,3,0,3,True,4,8,1/3,1/3,16/3,retain+recover
6,3,0,6,False,1,0,0,0,0,retain+recover
6,3,0,6,False,1,1,0,0,1,retain+recover
6,3,0,6,False,1,2,0,0,2,retain+recover
6,3,0,6,False,1,4,0,0,4,retain+recover
6,3,0,6,False,1,8,0,0,8,retain+recover
6,3,0,6,False,2,0,0,0,0,retain+recover
6,3,0,6,False,2,1,0,0,1,retain+recover
6,3,0,6,False,2,2,0,0,2,retain+recover
6,3,0,6,False,2,4,0,0,4,retain+recover
6,3,0,6,False,2,8,0,0,8,retain+recover
6,3,0,6,False,4,0,0,0,0,retain+recover
6,3,0,6,False,4,1,0,0,1,retain+recover
6,3,0,6,False,4,2,0,0,2,retain+recover
6,3,0,6,False,4,4,0,0,4,retain+recover
6,3,0,6,False,4,8,0,0,8,retain+recover
6,3,0,6,True,1,0,1/3,1/3,0,retain+recover
6,3,0,6,True,1,1,1/3,1/3,2/3,retain+recover
6,3,0,6,True,1,2,1/3,1/3,4/3,retain+recover
6,3,0,6,True,1,4,1/3,1/3,8/3,retain+recover
6,3,0,6,True,1,8,1/3,1/3,16/3,retain+recover
6,3,0,6,True,2,0,1/3,1/3,0,retain+recover
6,3,0,6,True,2,1,1/3,1/3,2/3,retain+recover
6,3,0,6,True,2,2,1/3,1/3,4/3,retain+recover
6,3,0,6,True,2,4,1/3,1/3,8/3,retain+recover
6,3,0,6,True,2,8,1/3,1/3,16/3,retain+recover
6,3,0,6,True,4,0,1/3,1/3,0,retain+recover
6,3,0,6,True,4,1,1/3,1/3,2/3,retain+recover
6,3,0,6,True,4,2,1/3,1/3,4/3,retain+recover
6,3,0,6,True,4,4,1/3,1/3,8/3,retain+recover
6,3,0,6,True,4,8,1/3,1/3,16/3,retain+recover
6,3,1,0,False,1,0,0,0,0,retain+recover
6,3,1,0,False,1,1,0,0,1,retain+recover
6,3,1,0,False,1,2,0,0,2,retain+recover
6,3,1,0,False,1,4,0,0,4,retain+recover
6,3,1,0,False,1,8,0,0,8,retain+recover
6,3,1,0,False,2,0,0,0,0,retain+recover
6,3,1,0,False,2,1,0,0,1,retain+recover
6,3,1,0,False,2,2,0,0,2,retain+recover
6,3,1,0,False,2,4,0,0,4,retain+recover
6,3,1,0,False,2,8,0,0,8,retain+recover
6,3,1,0,False,4,0,0,0,0,retain+recover
6,3,1,0,False,4,1,0,0,1,retain+recover
6,3,1,0,False,4,2,0,0,2,retain+recover
6,3,1,0,False,4,4,0,0,4,retain+recover
6,3,1,0,False,4,8,0,0,8,retain+recover
6,3,1,0,True,1,0,0,0,0,retain+recover
6,3,1,0,True,1,1,0,0,1,retain+recover
6,3,1,0,True,1,2,0,0,2,retain+recover
6,3,1,0,True,1,4,0,0,4,retain+recover
6,3,1,0,True,1,8,0,0,8,retain+recover
6,3,1,0,True,2,0,0,0,0,retain+recover
6,3,1,0,True,2,1,0,0,1,retain+recover
6,3,1,0,True,2,2,0,0,2,retain+recover
6,3,1,0,True,2,4,0,0,4,retain+recover
6,3,1,0,True,2,8,0,0,8,retain+recover
6,3,1,0,True,4,0,0,0,0,retain+recover
6,3,1,0,True,4,1,0,0,1,retain+recover
6,3,1,0,True,4,2,0,0,2,retain+recover
6,3,1,0,True,4,4,0,0,4,retain+recover
6,3,1,0,True,4,8,0,0,8,retain+recover
6,3,1,1,False,1,0,1/6,1/3,0,retain+recover
6,3,1,1,False,1,1,1/6,1/3,5/6,retain+recover
6,3,1,1,False,1,2,1/6,1/3,5/3,retain+recover
6,3,1,1,False,1,4,1/6,1/3,10/3,retain+recover
6,3,1,1,False,1,8,1/6,1/3,19/3,inspect+recover
6,3,1,1,False,2,0,1/6,1/3,0,retain+recover
6,3,1,1,False,2,1,1/6,1/3,5/6,retain+recover
6,3,1,1,False,2,2,1/6,1/3,5/3,retain+recover
6,3,1,1,False,2,4,1/6,1/3,10/3,retain+recover
6,3,1,1,False,2,8,1/6,1/3,20/3,retain+recover
6,3,1,1,False,4,0,1/6,1/3,0,retain+recover
6,3,1,1,False,4,1,1/6,1/3,5/6,retain+recover
6,3,1,1,False,4,2,1/6,1/3,5/3,retain+recover
6,3,1,1,False,4,4,1/6,1/3,10/3,retain+recover
6,3,1,1,False,4,8,1/6,1/3,20/3,retain+recover
6,3,1,1,True,1,0,1/3,1/3,0,retain+recover
6,3,1,1,True,1,1,1/3,1/3,2/3,retain+recover
6,3,1,1,True,1,2,1/3,1/3,4/3,retain+recover
6,3,1,1,True,1,4,1/3,1/3,8/3,retain+recover
6,3,1,1,True,1,8,1/3,1/3,16/3,retain+recover
6,3,1,1,True,2,0,1/3,1/3,0,retain+recover
6,3,1,1,True,2,1,1/3,1/3,2/3,retain+recover
6,3,1,1,True,2,2,1/3,1/3,4/3,retain+recover
6,3,1,1,True,2,4,1/3,1/3,8/3,retain+recover
6,3,1,1,True,2,8,1/3,1/3,16/3,retain+recover
6,3,1,1,True,4,0,1/3,1/3,0,retain+recover
6,3,1,1,True,4,1,1/3,1/3,2/3,retain+recover
6,3,1,1,True,4,2,1/3,1/3,4/3,retain+recover
6,3,1,1,True,4,4,1/3,1/3,8/3,retain+recover
6,3,1,1,True,4,8,1/3,1/3,16/3,retain+recover
6,3,1,2,False,1,0,1/6,1/3,0,retain+recover
6,3,1,2,False,1,1,1/6,1/3,5/6,retain+recover
6,3,1,2,False,1,2,1/6,1/3,5/3,retain+recover
6,3,1,2,False,1,4,1/6,1/3,10/3,retain+recover
6,3,1,2,False,1,8,1/6,1/3,19/3,inspect+recover
6,3,1,2,False,2,0,1/6,1/3,0,retain+recover
6,3,1,2,False,2,1,1/6,1/3,5/6,retain+recover
6,3,1,2,False,2,2,1/6,1/3,5/3,retain+recover
6,3,1,2,False,2,4,1/6,1/3,10/3,retain+recover
6,3,1,2,False,2,8,1/6,1/3,20/3,retain+recover
6,3,1,2,False,4,0,1/6,1/3,0,retain+recover
6,3,1,2,False,4,1,1/6,1/3,5/6,retain+recover
6,3,1,2,False,4,2,1/6,1/3,5/3,retain+recover
6,3,1,2,False,4,4,1/6,1/3,10/3,retain+recover
6,3,1,2,False,4,8,1/6,1/3,20/3,retain+recover
6,3,1,2,True,1,0,1/2,2/3,0,retain+recover
6,3,1,2,True,1,1,1/2,2/3,1/2,retain+recover
6,3,1,2,True,1,2,1/2,2/3,1,retain+recover
6,3,1,2,True,1,4,1/2,2/3,2,retain+recover
6,3,1,2,True,1,8,1/2,2/3,11/3,inspect+recover
6,3,1,2,True,2,0,1/2,2/3,0,retain+recover
6,3,1,2,True,2,1,1/2,2/3,1/2,retain+recover
6,3,1,2,True,2,2,1/2,2/3,1,retain+recover
6,3,1,2,True,2,4,1/2,2/3,2,retain+recover
6,3,1,2,True,2,8,1/2,2/3,4,retain+recover
6,3,1,2,True,4,0,1/2,2/3,0,retain+recover
6,3,1,2,True,4,1,1/2,2/3,1/2,retain+recover
6,3,1,2,True,4,2,1/2,2/3,1,retain+recover
6,3,1,2,True,4,4,1/2,2/3,2,retain+recover
6,3,1,2,True,4,8,1/2,2/3,4,retain+recover
6,3,1,3,False,1,0,1/6,1/3,0,retain+recover
6,3,1,3,False,1,1,1/6,1/3,5/6,retain+recover
6,3,1,3,False,1,2,1/6,1/3,5/3,retain+recover
6,3,1,3,False,1,4,1/6,1/3,10/3,retain+recover
6,3,1,3,False,1,8,1/6,1/3,19/3,inspect+recover
6,3,1,3,False,2,0,1/6,1/3,0,retain+recover
6,3,1,3,False,2,1,1/6,1/3,5/6,retain+recover
6,3,1,3,False,2,2,1/6,1/3,5/3,retain+recover
6,3,1,3,False,2,4,1/6,1/3,10/3,retain+recover
6,3,1,3,False,2,8,1/6,1/3,20/3,retain+recover
6,3,1,3,False,4,0,1/6,1/3,0,retain+recover
6,3,1,3,False,4,1,1/6,1/3,5/6,retain+recover
6,3,1,3,False,4,2,1/6,1/3,5/3,retain+recover
6,3,1,3,False,4,4,1/6,1/3,10/3,retain+recover
6,3,1,3,False,4,8,1/6,1/3,20/3,retain+recover
6,3,1,3,True,1,0,1/2,2/3,0,retain+recover
6,3,1,3,True,1,1,1/2,2/3,1/2,retain+recover
6,3,1,3,True,1,2,1/2,2/3,1,retain+recover
6,3,1,3,True,1,4,1/2,2/3,2,retain+recover
6,3,1,3,True,1,8,1/2,2/3,11/3,inspect+recover
6,3,1,3,True,2,0,1/2,2/3,0,retain+recover
6,3,1,3,True,2,1,1/2,2/3,1/2,retain+recover
6,3,1,3,True,2,2,1/2,2/3,1,retain+recover
6,3,1,3,True,2,4,1/2,2/3,2,retain+recover
6,3,1,3,True,2,8,1/2,2/3,4,retain+recover
6,3,1,3,True,4,0,1/2,2/3,0,retain+recover
6,3,1,3,True,4,1,1/2,2/3,1/2,retain+recover
6,3,1,3,True,4,2,1/2,2/3,1,retain+recover
6,3,1,3,True,4,4,1/2,2/3,2,retain+recover
6,3,1,3,True,4,8,1/2,2/3,4,retain+recover
6,3,1,6,False,1,0,1/6,1/3,0,retain+recover
6,3,1,6,False,1,1,1/6,1/3,5/6,retain+recover
6,3,1,6,False,1,2,1/6,1/3,5/3,retain+recover
6,3,1,6,False,1,4,1/6,1/3,10/3,retain+recover
6,3,1,6,False,1,8,1/6,1/3,19/3,inspect+recover
6,3,1,6,False,2,0,1/6,1/3,0,retain+recover
6,3,1,6,False,2,1,1/6,1/3,5/6,retain+recover
6,3,1,6,False,2,2,1/6,1/3,5/3,retain+recover
6,3,1,6,False,2,4,1/6,1/3,10/3,retain+recover
6,3,1,6,False,2,8,1/6,1/3,20/3,retain+recover
6,3,1,6,False,4,0,1/6,1/3,0,retain+recover
6,3,1,6,False,4,1,1/6,1/3,5/6,retain+recover
6,3,1,6,False,4,2,1/6,1/3,5/3,retain+recover
6,3,1,6,False,4,4,1/6,1/3,10/3,retain+recover
6,3,1,6,False,4,8,1/6,1/3,20/3,retain+recover
6,3,1,6,True,1,0,1/2,2/3,0,retain+recover
6,3,1,6,True,1,1,1/2,2/3,1/2,retain+recover
6,3,1,6,True,1,2,1/2,2/3,1,retain+recover
6,3,1,6,True,1,4,1/2,2/3,2,retain+recover
6,3,1,6,True,1,8,1/2,2/3,11/3,inspect+recover
6,3,1,6,True,2,0,1/2,2/3,0,retain+recover
6,3,1,6,True,2,1,1/2,2/3,1/2,retain+recover
6,3,1,6,True,2,2,1/2,2/3,1,retain+recover
6,3,1,6,True,2,4,1/2,2/3,2,retain+recover
6,3,1,6,True,2,8,1/2,2/3,4,retain+recover
6,3,1,6,True,4,0,1/2,2/3,0,retain+recover
6,3,1,6,True,4,1,1/2,2/3,1/2,retain+recover
6,3,1,6,True,4,2,1/2,2/3,1,retain+recover
6,3,1,6,True,4,4,1/2,2/3,2,retain+recover
6,3,1,6,True,4,8,1/2,2/3,4,retain+recover
6,3,2,0,False,1,0,0,0,0,retain+recover
6,3,2,0,False,1,1,0,0,1,retain+recover
6,3,2,0,False,1,2,0,0,2,retain+recover
6,3,2,0,False,1,4,0,0,4,retain+recover
6,3,2,0,False,1,8,0,0,8,retain+recover
6,3,2,0,False,2,0,0,0,0,retain+recover
6,3,2,0,False,2,1,0,0,1,retain+recover
6,3,2,0,False,2,2,0,0,2,retain+recover
6,3,2,0,False,2,4,0,0,4,retain+recover
6,3,2,0,False,2,8,0,0,8,retain+recover
6,3,2,0,False,4,0,0,0,0,retain+recover
6,3,2,0,False,4,1,0,0,1,retain+recover
6,3,2,0,False,4,2,0,0,2,retain+recover
6,3,2,0,False,4,4,0,0,4,retain+recover
6,3,2,0,False,4,8,0,0,8,retain+recover
6,3,2,0,True,1,0,0,0,0,retain+recover
6,3,2,0,True,1,1,0,0,1,retain+recover
6,3,2,0,True,1,2,0,0,2,retain+recover
6,3,2,0,True,1,4,0,0,4,retain+recover
6,3,2,0,True,1,8,0,0,8,retain+recover
6,3,2,0,True,2,0,0,0,0,retain+recover
6,3,2,0,True,2,1,0,0,1,retain+recover
6,3,2,0,True,2,2,0,0,2,retain+recover
6,3,2,0,True,2,4,0,0,4,retain+recover
6,3,2,0,True,2,8,0,0,8,retain+recover
6,3,2,0,True,4,0,0,0,0,retain+recover
6,3,2,0,True,4,1,0,0,1,retain+recover
6,3,2,0,True,4,2,0,0,2,retain+recover
6,3,2,0,True,4,4,0,0,4,retain+recover
6,3,2,0,True,4,8,0,0,8,retain+recover
6,3,2,1,False,1,0,4/15,1/3,0,retain+recover
6,3,2,1,False,1,1,4/15,1/3,11/15,retain+recover
6,3,2,1,False,1,2,4/15,1/3,22/15,retain+recover
6,3,2,1,False,1,4,4/15,1/3,44/15,retain+recover
6,3,2,1,False,1,8,4/15,1/3,88/15,retain+recover
6,3,2,1,False,2,0,4/15,1/3,0,retain+recover
6,3,2,1,False,2,1,4/15,1/3,11/15,retain+recover
6,3,2,1,False,2,2,4/15,1/3,22/15,retain+recover
6,3,2,1,False,2,4,4/15,1/3,44/15,retain+recover
6,3,2,1,False,2,8,4/15,1/3,88/15,retain+recover
6,3,2,1,False,4,0,4/15,1/3,0,retain+recover
6,3,2,1,False,4,1,4/15,1/3,11/15,retain+recover
6,3,2,1,False,4,2,4/15,1/3,22/15,retain+recover
6,3,2,1,False,4,4,4/15,1/3,44/15,retain+recover
6,3,2,1,False,4,8,4/15,1/3,88/15,retain+recover
6,3,2,1,True,1,0,1/3,1/3,0,retain+recover
6,3,2,1,True,1,1,1/3,1/3,2/3,retain+recover
6,3,2,1,True,1,2,1/3,1/3,4/3,retain+recover
6,3,2,1,True,1,4,1/3,1/3,8/3,retain+recover
6,3,2,1,True,1,8,1/3,1/3,16/3,retain+recover
6,3,2,1,True,2,0,1/3,1/3,0,retain+recover
6,3,2,1,True,2,1,1/3,1/3,2/3,retain+recover
6,3,2,1,True,2,2,1/3,1/3,4/3,retain+recover
6,3,2,1,True,2,4,1/3,1/3,8/3,retain+recover
6,3,2,1,True,2,8,1/3,1/3,16/3,retain+recover
6,3,2,1,True,4,0,1/3,1/3,0,retain+recover
6,3,2,1,True,4,1,1/3,1/3,2/3,retain+recover
6,3,2,1,True,4,2,1/3,1/3,4/3,retain+recover
6,3,2,1,True,4,4,1/3,1/3,8/3,retain+recover
6,3,2,1,True,4,8,1/3,1/3,16/3,retain+recover
6,3,2,2,False,1,0,1/3,2/3,0,retain+recover
6,3,2,2,False,1,1,1/3,2/3,2/3,retain+recover
6,3,2,2,False,1,2,1/3,2/3,4/3,retain+recover
6,3,2,2,False,1,4,1/3,2/3,7/3,inspect+recover
6,3,2,2,False,1,8,1/3,2/3,11/3,inspect+recover
6,3,2,2,False,2,0,1/3,2/3,0,retain+recover
6,3,2,2,False,2,1,1/3,2/3,2/3,retain+recover
6,3,2,2,False,2,2,1/3,2/3,4/3,retain+recover
6,3,2,2,False,2,4,1/3,2/3,8/3,retain+recover
6,3,2,2,False,2,8,1/3,2/3,14/3,inspect+recover
6,3,2,2,False,4,0,1/3,2/3,0,retain+recover
6,3,2,2,False,4,1,1/3,2/3,2/3,retain+recover
6,3,2,2,False,4,2,1/3,2/3,4/3,retain+recover
6,3,2,2,False,4,4,1/3,2/3,8/3,retain+recover
6,3,2,2,False,4,8,1/3,2/3,16/3,retain+recover
6,3,2,2,True,1,0,3/5,2/3,0,retain+recover
6,3,2,2,True,1,1,3/5,2/3,2/5,retain+recover
6,3,2,2,True,1,2,3/5,2/3,4/5,retain+recover
6,3,2,2,True,1,4,3/5,2/3,8/5,retain+recover
6,3,2,2,True,1,8,3/5,2/3,16/5,retain+recover
6,3,2,2,True,2,0,3/5,2/3,0,retain+recover
6,3,2,2,True,2,1,3/5,2/3,2/5,retain+recover
6,3,2,2,True,2,2,3/5,2/3,4/5,retain+recover
6,3,2,2,True,2,4,3/5,2/3,8/5,retain+recover
6,3,2,2,True,2,8,3/5,2/3,16/5,retain+recover
6,3,2,2,True,4,0,3/5,2/3,0,retain+recover
6,3,2,2,True,4,1,3/5,2/3,2/5,retain+recover
6,3,2,2,True,4,2,3/5,2/3,4/5,retain+recover
6,3,2,2,True,4,4,3/5,2/3,8/5,retain+recover
6,3,2,2,True,4,8,3/5,2/3,16/5,retain+recover
6,3,2,3,False,1,0,1/3,2/3,0,retain+recover
6,3,2,3,False,1,1,1/3,2/3,2/3,retain+recover
6,3,2,3,False,1,2,1/3,2/3,4/3,retain+recover
6,3,2,3,False,1,4,1/3,2/3,7/3,inspect+recover
6,3,2,3,False,1,8,1/3,2/3,11/3,inspect+recover
6,3,2,3,False,2,0,1/3,2/3,0,retain+recover
6,3,2,3,False,2,1,1/3,2/3,2/3,retain+recover
6,3,2,3,False,2,2,1/3,2/3,4/3,retain+recover
6,3,2,3,False,2,4,1/3,2/3,8/3,retain+recover
6,3,2,3,False,2,8,1/3,2/3,14/3,inspect+recover
6,3,2,3,False,4,0,1/3,2/3,0,retain+recover
6,3,2,3,False,4,1,1/3,2/3,2/3,retain+recover
6,3,2,3,False,4,2,1/3,2/3,4/3,retain+recover
6,3,2,3,False,4,4,1/3,2/3,8/3,retain+recover
6,3,2,3,False,4,8,1/3,2/3,16/3,retain+recover
6,3,2,3,True,1,0,2/3,1,0,retain+recover
6,3,2,3,True,1,1,2/3,1,1/3,retain+recover
6,3,2,3,True,1,2,2/3,1,2/3,retain+recover
6,3,2,3,True,1,4,2/3,1,1,inspect;inspect+recover
6,3,2,3,True,1,8,2/3,1,1,inspect;inspect+recover
6,3,2,3,True,2,0,2/3,1,0,retain+recover
6,3,2,3,True,2,1,2/3,1,1/3,retain+recover
6,3,2,3,True,2,2,2/3,1,2/3,retain+recover
6,3,2,3,True,2,4,2/3,1,4/3,retain+recover
6,3,2,3,True,2,8,2/3,1,2,inspect;inspect+recover
6,3,2,3,True,4,0,2/3,1,0,retain+recover
6,3,2,3,True,4,1,2/3,1,1/3,retain+recover
6,3,2,3,True,4,2,2/3,1,2/3,retain+recover
6,3,2,3,True,4,4,2/3,1,4/3,retain+recover
6,3,2,3,True,4,8,2/3,1,8/3,retain+recover
6,3,2,6,False,1,0,1/3,2/3,0,retain+recover
6,3,2,6,False,1,1,1/3,2/3,2/3,retain+recover
6,3,2,6,False,1,2,1/3,2/3,4/3,retain+recover
6,3,2,6,False,1,4,1/3,2/3,7/3,inspect+recover
6,3,2,6,False,1,8,1/3,2/3,11/3,inspect+recover
6,3,2,6,False,2,0,1/3,2/3,0,retain+recover
6,3,2,6,False,2,1,1/3,2/3,2/3,retain+recover
6,3,2,6,False,2,2,1/3,2/3,4/3,retain+recover
6,3,2,6,False,2,4,1/3,2/3,8/3,retain+recover
6,3,2,6,False,2,8,1/3,2/3,14/3,inspect+recover
6,3,2,6,False,4,0,1/3,2/3,0,retain+recover
6,3,2,6,False,4,1,1/3,2/3,2/3,retain+recover
6,3,2,6,False,4,2,1/3,2/3,4/3,retain+recover
6,3,2,6,False,4,4,1/3,2/3,8/3,retain+recover
6,3,2,6,False,4,8,1/3,2/3,16/3,retain+recover
6,3,2,6,True,1,0,2/3,1,0,retain+recover
6,3,2,6,True,1,1,2/3,1,1/3,retain+recover
6,3,2,6,True,1,2,2/3,1,2/3,retain+recover
6,3,2,6,True,1,4,2/3,1,1,inspect;inspect+recover
6,3,2,6,True,1,8,2/3,1,1,inspect;inspect+recover
6,3,2,6,True,2,0,2/3,1,0,retain+recover
6,3,2,6,True,2,1,2/3,1,1/3,retain+recover
6,3,2,6,True,2,2,2/3,1,2/3,retain+recover
6,3,2,6,True,2,4,2/3,1,4/3,retain+recover
6,3,2,6,True,2,8,2/3,1,2,inspect;inspect+recover
6,3,2,6,True,4,0,2/3,1,0,retain+recover
6,3,2,6,True,4,1,2/3,1,1/3,retain+recover
6,3,2,6,True,4,2,2/3,1,2/3,retain+recover
6,3,2,6,True,4,4,2/3,1,4/3,retain+recover
6,3,2,6,True,4,8,2/3,1,8/3,retain+recover
6,3,4,0,False,1,0,0,0,0,retain+recover
6,3,4,0,False,1,1,0,0,1,retain+recover
6,3,4,0,False,1,2,0,0,2,retain+recover
6,3,4,0,False,1,4,0,0,4,retain+recover
6,3,4,0,False,1,8,0,0,8,retain+recover
6,3,4,0,False,2,0,0,0,0,retain+recover
6,3,4,0,False,2,1,0,0,1,retain+recover
6,3,4,0,False,2,2,0,0,2,retain+recover
6,3,4,0,False,2,4,0,0,4,retain+recover
6,3,4,0,False,2,8,0,0,8,retain+recover
6,3,4,0,False,4,0,0,0,0,retain+recover
6,3,4,0,False,4,1,0,0,1,retain+recover
6,3,4,0,False,4,2,0,0,2,retain+recover
6,3,4,0,False,4,4,0,0,4,retain+recover
6,3,4,0,False,4,8,0,0,8,retain+recover
6,3,4,0,True,1,0,0,0,0,retain+recover
6,3,4,0,True,1,1,0,0,1,retain+recover
6,3,4,0,True,1,2,0,0,2,retain+recover
6,3,4,0,True,1,4,0,0,4,retain+recover
6,3,4,0,True,1,8,0,0,8,retain+recover
6,3,4,0,True,2,0,0,0,0,retain+recover
6,3,4,0,True,2,1,0,0,1,retain+recover
6,3,4,0,True,2,2,0,0,2,retain+recover
6,3,4,0,True,2,4,0,0,4,retain+recover
6,3,4,0,True,2,8,0,0,8,retain+recover
6,3,4,0,True,4,0,0,0,0,retain+recover
6,3,4,0,True,4,1,0,0,1,retain+recover
6,3,4,0,True,4,2,0,0,2,retain+recover
6,3,4,0,True,4,4,0,0,4,retain+recover
6,3,4,0,True,4,8,0,0,8,retain+recover
6,3,4,1,False,1,0,1/3,1/3,0,retain+recover
6,3,4,1,False,1,1,1/3,1/3,2/3,retain+recover
6,3,4,1,False,1,2,1/3,1/3,4/3,retain+recover
6,3,4,1,False,1,4,1/3,1/3,8/3,retain+recover
6,3,4,1,False,1,8,1/3,1/3,16/3,retain+recover
6,3,4,1,False,2,0,1/3,1/3,0,retain+recover
6,3,4,1,False,2,1,1/3,1/3,2/3,retain+recover
6,3,4,1,False,2,2,1/3,1/3,4/3,retain+recover
6,3,4,1,False,2,4,1/3,1/3,8/3,retain+recover
6,3,4,1,False,2,8,1/3,1/3,16/3,retain+recover
6,3,4,1,False,4,0,1/3,1/3,0,retain+recover
6,3,4,1,False,4,1,1/3,1/3,2/3,retain+recover
6,3,4,1,False,4,2,1/3,1/3,4/3,retain+recover
6,3,4,1,False,4,4,1/3,1/3,8/3,retain+recover
6,3,4,1,False,4,8,1/3,1/3,16/3,retain+recover
6,3,4,1,True,1,0,1/3,1/3,0,retain+recover
6,3,4,1,True,1,1,1/3,1/3,2/3,retain+recover
6,3,4,1,True,1,2,1/3,1/3,4/3,retain+recover
6,3,4,1,True,1,4,1/3,1/3,8/3,retain+recover
6,3,4,1,True,1,8,1/3,1/3,16/3,retain+recover
6,3,4,1,True,2,0,1/3,1/3,0,retain+recover
6,3,4,1,True,2,1,1/3,1/3,2/3,retain+recover
6,3,4,1,True,2,2,1/3,1/3,4/3,retain+recover
6,3,4,1,True,2,4,1/3,1/3,8/3,retain+recover
6,3,4,1,True,2,8,1/3,1/3,16/3,retain+recover
6,3,4,1,True,4,0,1/3,1/3,0,retain+recover
6,3,4,1,True,4,1,1/3,1/3,2/3,retain+recover
6,3,4,1,True,4,2,1/3,1/3,4/3,retain+recover
6,3,4,1,True,4,4,1/3,1/3,8/3,retain+recover
6,3,4,1,True,4,8,1/3,1/3,16/3,retain+recover
6,3,4,2,False,1,0,3/5,2/3,0,retain+recover
6,3,4,2,False,1,1,3/5,2/3,2/5,retain+recover
6,3,4,2,False,1,2,3/5,2/3,4/5,retain+recover
6,3,4,2,False,1,4,3/5,2/3,8/5,retain+recover
6,3,4,2,False,1,8,3/5,2/3,16/5,retain+recover
6,3,4,2,False,2,0,3/5,2/3,0,retain+recover
6,3,4,2,False,2,1,3/5,2/3,2/5,retain+recover
6,3,4,2,False,2,2,3/5,2/3,4/5,retain+recover
6,3,4,2,False,2,4,3/5,2/3,8/5,retain+recover
6,3,4,2,False,2,8,3/5,2/3,16/5,retain+recover
6,3,4,2,False,4,0,3/5,2/3,0,retain+recover
6,3,4,2,False,4,1,3/5,2/3,2/5,retain+recover
6,3,4,2,False,4,2,3/5,2/3,4/5,retain+recover
6,3,4,2,False,4,4,3/5,2/3,8/5,retain+recover
6,3,4,2,False,4,8,3/5,2/3,16/5,retain+recover
6,3,4,2,True,1,0,2/3,2/3,0,retain+recover
6,3,4,2,True,1,1,2/3,2/3,1/3,retain+recover
6,3,4,2,True,1,2,2/3,2/3,2/3,retain+recover
6,3,4,2,True,1,4,2/3,2/3,4/3,retain+recover
6,3,4,2,True,1,8,2/3,2/3,8/3,retain+recover
6,3,4,2,True,2,0,2/3,2/3,0,retain+recover
6,3,4,2,True,2,1,2/3,2/3,1/3,retain+recover
6,3,4,2,True,2,2,2/3,2/3,2/3,retain+recover
6,3,4,2,True,2,4,2/3,2/3,4/3,retain+recover
6,3,4,2,True,2,8,2/3,2/3,8/3,retain+recover
6,3,4,2,True,4,0,2/3,2/3,0,retain+recover
6,3,4,2,True,4,1,2/3,2/3,1/3,retain+recover
6,3,4,2,True,4,2,2/3,2/3,2/3,retain+recover
6,3,4,2,True,4,4,2/3,2/3,4/3,retain+recover
6,3,4,2,True,4,8,2/3,2/3,8/3,retain+recover
6,3,4,3,False,1,0,2/3,1,0,retain+recover
6,3,4,3,False,1,1,2/3,1,1/3,retain+recover
6,3,4,3,False,1,2,2/3,1,2/3,retain+recover
6,3,4,3,False,1,4,2/3,1,1,inspect;inspect+recover
6,3,4,3,False,1,8,2/3,1,1,inspect;inspect+recover
6,3,4,3,False,2,0,2/3,1,0,retain+recover
6,3,4,3,False,2,1,2/3,1,1/3,retain+recover
6,3,4,3,False,2,2,2/3,1,2/3,retain+recover
6,3,4,3,False,2,4,2/3,1,4/3,retain+recover
6,3,4,3,False,2,8,2/3,1,2,inspect;inspect+recover
6,3,4,3,False,4,0,2/3,1,0,retain+recover
6,3,4,3,False,4,1,2/3,1,1/3,retain+recover
6,3,4,3,False,4,2,2/3,1,2/3,retain+recover
6,3,4,3,False,4,4,2/3,1,4/3,retain+recover
6,3,4,3,False,4,8,2/3,1,8/3,retain+recover
6,3,4,3,True,1,0,14/15,1,0,retain+recover
6,3,4,3,True,1,1,14/15,1,1/15,retain+recover
6,3,4,3,True,1,2,14/15,1,2/15,retain+recover
6,3,4,3,True,1,4,14/15,1,4/15,retain+recover
6,3,4,3,True,1,8,14/15,1,8/15,retain+recover
6,3,4,3,True,2,0,14/15,1,0,retain+recover
6,3,4,3,True,2,1,14/15,1,1/15,retain+recover
6,3,4,3,True,2,2,14/15,1,2/15,retain+recover
6,3,4,3,True,2,4,14/15,1,4/15,retain+recover
6,3,4,3,True,2,8,14/15,1,8/15,retain+recover
6,3,4,3,True,4,0,14/15,1,0,retain+recover
6,3,4,3,True,4,1,14/15,1,1/15,retain+recover
6,3,4,3,True,4,2,14/15,1,2/15,retain+recover
6,3,4,3,True,4,4,14/15,1,4/15,retain+recover
6,3,4,3,True,4,8,14/15,1,8/15,retain+recover
6,3,4,6,False,1,0,2/3,1,0,retain+recover
6,3,4,6,False,1,1,2/3,1,1/3,retain+recover
6,3,4,6,False,1,2,2/3,1,2/3,retain+recover
6,3,4,6,False,1,4,2/3,1,1,inspect;inspect+recover
6,3,4,6,False,1,8,2/3,1,1,inspect;inspect+recover
6,3,4,6,False,2,0,2/3,1,0,retain+recover
6,3,4,6,False,2,1,2/3,1,1/3,retain+recover
6,3,4,6,False,2,2,2/3,1,2/3,retain+recover
6,3,4,6,False,2,4,2/3,1,4/3,retain+recover
6,3,4,6,False,2,8,2/3,1,2,inspect;inspect+recover
6,3,4,6,False,4,0,2/3,1,0,retain+recover
6,3,4,6,False,4,1,2/3,1,1/3,retain+recover
6,3,4,6,False,4,2,2/3,1,2/3,retain+recover
6,3,4,6,False,4,4,2/3,1,4/3,retain+recover
6,3,4,6,False,4,8,2/3,1,8/3,retain+recover
6,3,4,6,True,1,0,14/15,1,0,retain+recover
6,3,4,6,True,1,1,14/15,1,1/15,retain+recover
6,3,4,6,True,1,2,14/15,1,2/15,retain+recover
6,3,4,6,True,1,4,14/15,1,4/15,retain+recover
6,3,4,6,True,1,8,14/15,1,8/15,retain+recover
6,3,4,6,True,2,0,14/15,1,0,retain+recover
6,3,4,6,True,2,1,14/15,1,1/15,retain+recover
6,3,4,6,True,2,2,14/15,1,2/15,retain+recover
6,3,4,6,True,2,4,14/15,1,4/15,retain+recover
6,3,4,6,True,2,8,14/15,1,8/15,retain+recover
6,3,4,6,True,4,0,14/15,1,0,retain+recover
6,3,4,6,True,4,1,14/15,1,1/15,retain+recover
6,3,4,6,True,4,2,14/15,1,2/15,retain+recover
6,3,4,6,True,4,4,14/15,1,4/15,retain+recover
6,3,4,6,True,4,8,14/15,1,8/15,retain+recover
6,3,6,0,False,1,0,0,0,0,retain+recover
6,3,6,0,False,1,1,0,0,1,retain+recover
6,3,6,0,False,1,2,0,0,2,retain+recover
6,3,6,0,False,1,4,0,0,4,retain+recover
6,3,6,0,False,1,8,0,0,8,retain+recover
6,3,6,0,False,2,0,0,0,0,retain+recover
6,3,6,0,False,2,1,0,0,1,retain+recover
6,3,6,0,False,2,2,0,0,2,retain+recover
6,3,6,0,False,2,4,0,0,4,retain+recover
6,3,6,0,False,2,8,0,0,8,retain+recover
6,3,6,0,False,4,0,0,0,0,retain+recover
6,3,6,0,False,4,1,0,0,1,retain+recover
6,3,6,0,False,4,2,0,0,2,retain+recover
6,3,6,0,False,4,4,0,0,4,retain+recover
6,3,6,0,False,4,8,0,0,8,retain+recover
6,3,6,0,True,1,0,0,0,0,retain+recover
6,3,6,0,True,1,1,0,0,1,retain+recover
6,3,6,0,True,1,2,0,0,2,retain+recover
6,3,6,0,True,1,4,0,0,4,retain+recover
6,3,6,0,True,1,8,0,0,8,retain+recover
6,3,6,0,True,2,0,0,0,0,retain+recover
6,3,6,0,True,2,1,0,0,1,retain+recover
6,3,6,0,True,2,2,0,0,2,retain+recover
6,3,6,0,True,2,4,0,0,4,retain+recover
6,3,6,0,True,2,8,0,0,8,retain+recover
6,3,6,0,True,4,0,0,0,0,retain+recover
6,3,6,0,True,4,1,0,0,1,retain+recover
6,3,6,0,True,4,2,0,0,2,retain+recover
6,3,6,0,True,4,4,0,0,4,retain+recover
6,3,6,0,True,4,8,0,0,8,retain+recover
6,3,6,1,False,1,0,1/3,1/3,0,retain+recover
6,3,6,1,False,1,1,1/3,1/3,2/3,retain+recover
6,3,6,1,False,1,2,1/3,1/3,4/3,retain+recover
6,3,6,1,False,1,4,1/3,1/3,8/3,retain+recover
6,3,6,1,False,1,8,1/3,1/3,16/3,retain+recover
6,3,6,1,False,2,0,1/3,1/3,0,retain+recover
6,3,6,1,False,2,1,1/3,1/3,2/3,retain+recover
6,3,6,1,False,2,2,1/3,1/3,4/3,retain+recover
6,3,6,1,False,2,4,1/3,1/3,8/3,retain+recover
6,3,6,1,False,2,8,1/3,1/3,16/3,retain+recover
6,3,6,1,False,4,0,1/3,1/3,0,retain+recover
6,3,6,1,False,4,1,1/3,1/3,2/3,retain+recover
6,3,6,1,False,4,2,1/3,1/3,4/3,retain+recover
6,3,6,1,False,4,4,1/3,1/3,8/3,retain+recover
6,3,6,1,False,4,8,1/3,1/3,16/3,retain+recover
6,3,6,1,True,1,0,1/3,1/3,0,retain+recover
6,3,6,1,True,1,1,1/3,1/3,2/3,retain+recover
6,3,6,1,True,1,2,1/3,1/3,4/3,retain+recover
6,3,6,1,True,1,4,1/3,1/3,8/3,retain+recover
6,3,6,1,True,1,8,1/3,1/3,16/3,retain+recover
6,3,6,1,True,2,0,1/3,1/3,0,retain+recover
6,3,6,1,True,2,1,1/3,1/3,2/3,retain+recover
6,3,6,1,True,2,2,1/3,1/3,4/3,retain+recover
6,3,6,1,True,2,4,1/3,1/3,8/3,retain+recover
6,3,6,1,True,2,8,1/3,1/3,16/3,retain+recover
6,3,6,1,True,4,0,1/3,1/3,0,retain+recover
6,3,6,1,True,4,1,1/3,1/3,2/3,retain+recover
6,3,6,1,True,4,2,1/3,1/3,4/3,retain+recover
6,3,6,1,True,4,4,1/3,1/3,8/3,retain+recover
6,3,6,1,True,4,8,1/3,1/3,16/3,retain+recover
6,3,6,2,False,1,0,2/3,2/3,0,retain+recover
6,3,6,2,False,1,1,2/3,2/3,1/3,retain+recover
6,3,6,2,False,1,2,2/3,2/3,2/3,retain+recover
6,3,6,2,False,1,4,2/3,2/3,4/3,retain+recover
6,3,6,2,False,1,8,2/3,2/3,8/3,retain+recover
6,3,6,2,False,2,0,2/3,2/3,0,retain+recover
6,3,6,2,False,2,1,2/3,2/3,1/3,retain+recover
6,3,6,2,False,2,2,2/3,2/3,2/3,retain+recover
6,3,6,2,False,2,4,2/3,2/3,4/3,retain+recover
6,3,6,2,False,2,8,2/3,2/3,8/3,retain+recover
6,3,6,2,False,4,0,2/3,2/3,0,retain+recover
6,3,6,2,False,4,1,2/3,2/3,1/3,retain+recover
6,3,6,2,False,4,2,2/3,2/3,2/3,retain+recover
6,3,6,2,False,4,4,2/3,2/3,4/3,retain+recover
6,3,6,2,False,4,8,2/3,2/3,8/3,retain+recover
6,3,6,2,True,1,0,2/3,2/3,0,retain+recover
6,3,6,2,True,1,1,2/3,2/3,1/3,retain+recover
6,3,6,2,True,1,2,2/3,2/3,2/3,retain+recover
6,3,6,2,True,1,4,2/3,2/3,4/3,retain+recover
6,3,6,2,True,1,8,2/3,2/3,8/3,retain+recover
6,3,6,2,True,2,0,2/3,2/3,0,retain+recover
6,3,6,2,True,2,1,2/3,2/3,1/3,retain+recover
6,3,6,2,True,2,2,2/3,2/3,2/3,retain+recover
6,3,6,2,True,2,4,2/3,2/3,4/3,retain+recover
6,3,6,2,True,2,8,2/3,2/3,8/3,retain+recover
6,3,6,2,True,4,0,2/3,2/3,0,retain+recover
6,3,6,2,True,4,1,2/3,2/3,1/3,retain+recover
6,3,6,2,True,4,2,2/3,2/3,2/3,retain+recover
6,3,6,2,True,4,4,2/3,2/3,4/3,retain+recover
6,3,6,2,True,4,8,2/3,2/3,8/3,retain+recover
6,3,6,3,False,1,0,1,1,0,retain;retain+recover
6,3,6,3,False,1,1,1,1,0,retain;retain+recover
6,3,6,3,False,1,2,1,1,0,retain;retain+recover
6,3,6,3,False,1,4,1,1,0,retain;retain+recover
6,3,6,3,False,1,8,1,1,0,retain;retain+recover
6,3,6,3,False,2,0,1,1,0,retain;retain+recover
6,3,6,3,False,2,1,1,1,0,retain;retain+recover
6,3,6,3,False,2,2,1,1,0,retain;retain+recover
6,3,6,3,False,2,4,1,1,0,retain;retain+recover
6,3,6,3,False,2,8,1,1,0,retain;retain+recover
6,3,6,3,False,4,0,1,1,0,retain;retain+recover
6,3,6,3,False,4,1,1,1,0,retain;retain+recover
6,3,6,3,False,4,2,1,1,0,retain;retain+recover
6,3,6,3,False,4,4,1,1,0,retain;retain+recover
6,3,6,3,False,4,8,1,1,0,retain;retain+recover
6,3,6,3,True,1,0,1,1,0,retain;retain+recover
6,3,6,3,True,1,1,1,1,0,retain;retain+recover
6,3,6,3,True,1,2,1,1,0,retain;retain+recover
6,3,6,3,True,1,4,1,1,0,retain;retain+recover
6,3,6,3,True,1,8,1,1,0,retain;retain+recover
6,3,6,3,True,2,0,1,1,0,retain;retain+recover
6,3,6,3,True,2,1,1,1,0,retain;retain+recover
6,3,6,3,True,2,2,1,1,0,retain;retain+recover
6,3,6,3,True,2,4,1,1,0,retain;retain+recover
6,3,6,3,True,2,8,1,1,0,retain;retain+recover
6,3,6,3,True,4,0,1,1,0,retain;retain+recover
6,3,6,3,True,4,1,1,1,0,retain;retain+recover
6,3,6,3,True,4,2,1,1,0,retain;retain+recover
6,3,6,3,True,4,4,1,1,0,retain;retain+recover
6,3,6,3,True,4,8,1,1,0,retain;retain+recover
6,3,6,6,False,1,0,1,1,0,retain;retain+recover
6,3,6,6,False,1,1,1,1,0,retain;retain+recover
6,3,6,6,False,1,2,1,1,0,retain;retain+recover
6,3,6,6,False,1,4,1,1,0,retain;retain+recover
6,3,6,6,False,1,8,1,1,0,retain;retain+recover
6,3,6,6,False,2,0,1,1,0,retain;retain+recover
6,3,6,6,False,2,1,1,1,0,retain;retain+recover
6,3,6,6,False,2,2,1,1,0,retain;retain+recover
6,3,6,6,False,2,4,1,1,0,retain;retain+recover
6,3,6,6,False,2,8,1,1,0,retain;retain+recover
6,3,6,6,False,4,0,1,1,0,retain;retain+recover
6,3,6,6,False,4,1,1,1,0,retain;retain+recover
6,3,6,6,False,4,2,1,1,0,retain;retain+recover
6,3,6,6,False,4,4,1,1,0,retain;retain+recover
6,3,6,6,False,4,8,1,1,0,retain;retain+recover
6,3,6,6,True,1,0,1,1,0,retain;retain+recover
6,3,6,6,True,1,1,1,1,0,retain;retain+recover
6,3,6,6,True,1,2,1,1,0,retain;retain+recover
6,3,6,6,True,1,4,1,1,0,retain;retain+recover
6,3,6,6,True,1,8,1,1,0,retain;retain+recover
6,3,6,6,True,2,0,1,1,0,retain;retain+recover
6,3,6,6,True,2,1,1,1,0,retain;retain+recover
6,3,6,6,True,2,2,1,1,0,retain;retain+recover
6,3,6,6,True,2,4,1,1,0,retain;retain+recover
6,3,6,6,True,2,8,1,1,0,retain;retain+recover
6,3,6,6,True,4,0,1,1,0,retain;retain+recover
6,3,6,6,True,4,1,1,1,0,retain;retain+recover
6,3,6,6,True,4,2,1,1,0,retain;retain+recover
6,3,6,6,True,4,4,1,1,0,retain;retain+recover
6,3,6,6,True,4,8,1,1,0,retain;retain+recover
6,6,0,0,False,1,0,0,0,0,retain+recover
6,6,0,0,False,1,1,0,0,1,retain+recover
6,6,0,0,False,1,2,0,0,2,retain+recover
6,6,0,0,False,1,4,0,0,4,retain+recover
6,6,0,0,False,1,8,0,0,8,retain+recover
6,6,0,0,False,2,0,0,0,0,retain+recover
6,6,0,0,False,2,1,0,0,1,retain+recover
6,6,0,0,False,2,2,0,0,2,retain+recover
6,6,0,0,False,2,4,0,0,4,retain+recover
6,6,0,0,False,2,8,0,0,8,retain+recover
6,6,0,0,False,4,0,0,0,0,retain+recover
6,6,0,0,False,4,1,0,0,1,retain+recover
6,6,0,0,False,4,2,0,0,2,retain+recover
6,6,0,0,False,4,4,0,0,4,retain+recover
6,6,0,0,False,4,8,0,0,8,retain+recover
6,6,0,0,True,1,0,0,0,0,retain+recover
6,6,0,0,True,1,1,0,0,1,retain+recover
6,6,0,0,True,1,2,0,0,2,retain+recover
6,6,0,0,True,1,4,0,0,4,retain+recover
6,6,0,0,True,1,8,0,0,8,retain+recover
6,6,0,0,True,2,0,0,0,0,retain+recover
6,6,0,0,True,2,1,0,0,1,retain+recover
6,6,0,0,True,2,2,0,0,2,retain+recover
6,6,0,0,True,2,4,0,0,4,retain+recover
6,6,0,0,True,2,8,0,0,8,retain+recover
6,6,0,0,True,4,0,0,0,0,retain+recover
6,6,0,0,True,4,1,0,0,1,retain+recover
6,6,0,0,True,4,2,0,0,2,retain+recover
6,6,0,0,True,4,4,0,0,4,retain+recover
6,6,0,0,True,4,8,0,0,8,retain+recover
6,6,0,1,False,1,0,0,0,0,retain+recover
6,6,0,1,False,1,1,0,0,1,retain+recover
6,6,0,1,False,1,2,0,0,2,retain+recover
6,6,0,1,False,1,4,0,0,4,retain+recover
6,6,0,1,False,1,8,0,0,8,retain+recover
6,6,0,1,False,2,0,0,0,0,retain+recover
6,6,0,1,False,2,1,0,0,1,retain+recover
6,6,0,1,False,2,2,0,0,2,retain+recover
6,6,0,1,False,2,4,0,0,4,retain+recover
6,6,0,1,False,2,8,0,0,8,retain+recover
6,6,0,1,False,4,0,0,0,0,retain+recover
6,6,0,1,False,4,1,0,0,1,retain+recover
6,6,0,1,False,4,2,0,0,2,retain+recover
6,6,0,1,False,4,4,0,0,4,retain+recover
6,6,0,1,False,4,8,0,0,8,retain+recover
6,6,0,1,True,1,0,1/6,1/6,0,retain+recover
6,6,0,1,True,1,1,1/6,1/6,5/6,retain+recover
6,6,0,1,True,1,2,1/6,1/6,5/3,retain+recover
6,6,0,1,True,1,4,1/6,1/6,10/3,retain+recover
6,6,0,1,True,1,8,1/6,1/6,20/3,retain+recover
6,6,0,1,True,2,0,1/6,1/6,0,retain+recover
6,6,0,1,True,2,1,1/6,1/6,5/6,retain+recover
6,6,0,1,True,2,2,1/6,1/6,5/3,retain+recover
6,6,0,1,True,2,4,1/6,1/6,10/3,retain+recover
6,6,0,1,True,2,8,1/6,1/6,20/3,retain+recover
6,6,0,1,True,4,0,1/6,1/6,0,retain+recover
6,6,0,1,True,4,1,1/6,1/6,5/6,retain+recover
6,6,0,1,True,4,2,1/6,1/6,5/3,retain+recover
6,6,0,1,True,4,4,1/6,1/6,10/3,retain+recover
6,6,0,1,True,4,8,1/6,1/6,20/3,retain+recover
6,6,0,2,False,1,0,0,0,0,retain+recover
6,6,0,2,False,1,1,0,0,1,retain+recover
6,6,0,2,False,1,2,0,0,2,retain+recover
6,6,0,2,False,1,4,0,0,4,retain+recover
6,6,0,2,False,1,8,0,0,8,retain+recover
6,6,0,2,False,2,0,0,0,0,retain+recover
6,6,0,2,False,2,1,0,0,1,retain+recover
6,6,0,2,False,2,2,0,0,2,retain+recover
6,6,0,2,False,2,4,0,0,4,retain+recover
6,6,0,2,False,2,8,0,0,8,retain+recover
6,6,0,2,False,4,0,0,0,0,retain+recover
6,6,0,2,False,4,1,0,0,1,retain+recover
6,6,0,2,False,4,2,0,0,2,retain+recover
6,6,0,2,False,4,4,0,0,4,retain+recover
6,6,0,2,False,4,8,0,0,8,retain+recover
6,6,0,2,True,1,0,1/6,1/6,0,retain+recover
6,6,0,2,True,1,1,1/6,1/6,5/6,retain+recover
6,6,0,2,True,1,2,1/6,1/6,5/3,retain+recover
6,6,0,2,True,1,4,1/6,1/6,10/3,retain+recover
6,6,0,2,True,1,8,1/6,1/6,20/3,retain+recover
6,6,0,2,True,2,0,1/6,1/6,0,retain+recover
6,6,0,2,True,2,1,1/6,1/6,5/6,retain+recover
6,6,0,2,True,2,2,1/6,1/6,5/3,retain+recover
6,6,0,2,True,2,4,1/6,1/6,10/3,retain+recover
6,6,0,2,True,2,8,1/6,1/6,20/3,retain+recover
6,6,0,2,True,4,0,1/6,1/6,0,retain+recover
6,6,0,2,True,4,1,1/6,1/6,5/6,retain+recover
6,6,0,2,True,4,2,1/6,1/6,5/3,retain+recover
6,6,0,2,True,4,4,1/6,1/6,10/3,retain+recover
6,6,0,2,True,4,8,1/6,1/6,20/3,retain+recover
6,6,0,3,False,1,0,0,0,0,retain+recover
6,6,0,3,False,1,1,0,0,1,retain+recover
6,6,0,3,False,1,2,0,0,2,retain+recover
6,6,0,3,False,1,4,0,0,4,retain+recover
6,6,0,3,False,1,8,0,0,8,retain+recover
6,6,0,3,False,2,0,0,0,0,retain+recover
6,6,0,3,False,2,1,0,0,1,retain+recover
6,6,0,3,False,2,2,0,0,2,retain+recover
6,6,0,3,False,2,4,0,0,4,retain+recover
6,6,0,3,False,2,8,0,0,8,retain+recover
6,6,0,3,False,4,0,0,0,0,retain+recover
6,6,0,3,False,4,1,0,0,1,retain+recover
6,6,0,3,False,4,2,0,0,2,retain+recover
6,6,0,3,False,4,4,0,0,4,retain+recover
6,6,0,3,False,4,8,0,0,8,retain+recover
6,6,0,3,True,1,0,1/6,1/6,0,retain+recover
6,6,0,3,True,1,1,1/6,1/6,5/6,retain+recover
6,6,0,3,True,1,2,1/6,1/6,5/3,retain+recover
6,6,0,3,True,1,4,1/6,1/6,10/3,retain+recover
6,6,0,3,True,1,8,1/6,1/6,20/3,retain+recover
6,6,0,3,True,2,0,1/6,1/6,0,retain+recover
6,6,0,3,True,2,1,1/6,1/6,5/6,retain+recover
6,6,0,3,True,2,2,1/6,1/6,5/3,retain+recover
6,6,0,3,True,2,4,1/6,1/6,10/3,retain+recover
6,6,0,3,True,2,8,1/6,1/6,20/3,retain+recover
6,6,0,3,True,4,0,1/6,1/6,0,retain+recover
6,6,0,3,True,4,1,1/6,1/6,5/6,retain+recover
6,6,0,3,True,4,2,1/6,1/6,5/3,retain+recover
6,6,0,3,True,4,4,1/6,1/6,10/3,retain+recover
6,6,0,3,True,4,8,1/6,1/6,20/3,retain+recover
6,6,0,6,False,1,0,0,0,0,retain+recover
6,6,0,6,False,1,1,0,0,1,retain+recover
6,6,0,6,False,1,2,0,0,2,retain+recover
6,6,0,6,False,1,4,0,0,4,retain+recover
6,6,0,6,False,1,8,0,0,8,retain+recover
6,6,0,6,False,2,0,0,0,0,retain+recover
6,6,0,6,False,2,1,0,0,1,retain+recover
6,6,0,6,False,2,2,0,0,2,retain+recover
6,6,0,6,False,2,4,0,0,4,retain+recover
6,6,0,6,False,2,8,0,0,8,retain+recover
6,6,0,6,False,4,0,0,0,0,retain+recover
6,6,0,6,False,4,1,0,0,1,retain+recover
6,6,0,6,False,4,2,0,0,2,retain+recover
6,6,0,6,False,4,4,0,0,4,retain+recover
6,6,0,6,False,4,8,0,0,8,retain+recover
6,6,0,6,True,1,0,1/6,1/6,0,retain+recover
6,6,0,6,True,1,1,1/6,1/6,5/6,retain+recover
6,6,0,6,True,1,2,1/6,1/6,5/3,retain+recover
6,6,0,6,True,1,4,1/6,1/6,10/3,retain+recover
6,6,0,6,True,1,8,1/6,1/6,20/3,retain+recover
6,6,0,6,True,2,0,1/6,1/6,0,retain+recover
6,6,0,6,True,2,1,1/6,1/6,5/6,retain+recover
6,6,0,6,True,2,2,1/6,1/6,5/3,retain+recover
6,6,0,6,True,2,4,1/6,1/6,10/3,retain+recover
6,6,0,6,True,2,8,1/6,1/6,20/3,retain+recover
6,6,0,6,True,4,0,1/6,1/6,0,retain+recover
6,6,0,6,True,4,1,1/6,1/6,5/6,retain+recover
6,6,0,6,True,4,2,1/6,1/6,5/3,retain+recover
6,6,0,6,True,4,4,1/6,1/6,10/3,retain+recover
6,6,0,6,True,4,8,1/6,1/6,20/3,retain+recover
6,6,1,0,False,1,0,0,0,0,retain+recover
6,6,1,0,False,1,1,0,0,1,retain+recover
6,6,1,0,False,1,2,0,0,2,retain+recover
6,6,1,0,False,1,4,0,0,4,retain+recover
6,6,1,0,False,1,8,0,0,8,retain+recover
6,6,1,0,False,2,0,0,0,0,retain+recover
6,6,1,0,False,2,1,0,0,1,retain+recover
6,6,1,0,False,2,2,0,0,2,retain+recover
6,6,1,0,False,2,4,0,0,4,retain+recover
6,6,1,0,False,2,8,0,0,8,retain+recover
6,6,1,0,False,4,0,0,0,0,retain+recover
6,6,1,0,False,4,1,0,0,1,retain+recover
6,6,1,0,False,4,2,0,0,2,retain+recover
6,6,1,0,False,4,4,0,0,4,retain+recover
6,6,1,0,False,4,8,0,0,8,retain+recover
6,6,1,0,True,1,0,0,0,0,retain+recover
6,6,1,0,True,1,1,0,0,1,retain+recover
6,6,1,0,True,1,2,0,0,2,retain+recover
6,6,1,0,True,1,4,0,0,4,retain+recover
6,6,1,0,True,1,8,0,0,8,retain+recover
6,6,1,0,True,2,0,0,0,0,retain+recover
6,6,1,0,True,2,1,0,0,1,retain+recover
6,6,1,0,True,2,2,0,0,2,retain+recover
6,6,1,0,True,2,4,0,0,4,retain+recover
6,6,1,0,True,2,8,0,0,8,retain+recover
6,6,1,0,True,4,0,0,0,0,retain+recover
6,6,1,0,True,4,1,0,0,1,retain+recover
6,6,1,0,True,4,2,0,0,2,retain+recover
6,6,1,0,True,4,4,0,0,4,retain+recover
6,6,1,0,True,4,8,0,0,8,retain+recover
6,6,1,1,False,1,0,1/6,1/6,0,retain+recover
6,6,1,1,False,1,1,1/6,1/6,5/6,retain+recover
6,6,1,1,False,1,2,1/6,1/6,5/3,retain+recover
6,6,1,1,False,1,4,1/6,1/6,10/3,retain+recover
6,6,1,1,False,1,8,1/6,1/6,20/3,retain+recover
6,6,1,1,False,2,0,1/6,1/6,0,retain+recover
6,6,1,1,False,2,1,1/6,1/6,5/6,retain+recover
6,6,1,1,False,2,2,1/6,1/6,5/3,retain+recover
6,6,1,1,False,2,4,1/6,1/6,10/3,retain+recover
6,6,1,1,False,2,8,1/6,1/6,20/3,retain+recover
6,6,1,1,False,4,0,1/6,1/6,0,retain+recover
6,6,1,1,False,4,1,1/6,1/6,5/6,retain+recover
6,6,1,1,False,4,2,1/6,1/6,5/3,retain+recover
6,6,1,1,False,4,4,1/6,1/6,10/3,retain+recover
6,6,1,1,False,4,8,1/6,1/6,20/3,retain+recover
6,6,1,1,True,1,0,1/6,1/6,0,retain+recover
6,6,1,1,True,1,1,1/6,1/6,5/6,retain+recover
6,6,1,1,True,1,2,1/6,1/6,5/3,retain+recover
6,6,1,1,True,1,4,1/6,1/6,10/3,retain+recover
6,6,1,1,True,1,8,1/6,1/6,20/3,retain+recover
6,6,1,1,True,2,0,1/6,1/6,0,retain+recover
6,6,1,1,True,2,1,1/6,1/6,5/6,retain+recover
6,6,1,1,True,2,2,1/6,1/6,5/3,retain+recover
6,6,1,1,True,2,4,1/6,1/6,10/3,retain+recover
6,6,1,1,True,2,8,1/6,1/6,20/3,retain+recover
6,6,1,1,True,4,0,1/6,1/6,0,retain+recover
6,6,1,1,True,4,1,1/6,1/6,5/6,retain+recover
6,6,1,1,True,4,2,1/6,1/6,5/3,retain+recover
6,6,1,1,True,4,4,1/6,1/6,10/3,retain+recover
6,6,1,1,True,4,8,1/6,1/6,20/3,retain+recover
6,6,1,2,False,1,0,1/6,1/6,0,retain+recover
6,6,1,2,False,1,1,1/6,1/6,5/6,retain+recover
6,6,1,2,False,1,2,1/6,1/6,5/3,retain+recover
6,6,1,2,False,1,4,1/6,1/6,10/3,retain+recover
6,6,1,2,False,1,8,1/6,1/6,20/3,retain+recover
6,6,1,2,False,2,0,1/6,1/6,0,retain+recover
6,6,1,2,False,2,1,1/6,1/6,5/6,retain+recover
6,6,1,2,False,2,2,1/6,1/6,5/3,retain+recover
6,6,1,2,False,2,4,1/6,1/6,10/3,retain+recover
6,6,1,2,False,2,8,1/6,1/6,20/3,retain+recover
6,6,1,2,False,4,0,1/6,1/6,0,retain+recover
6,6,1,2,False,4,1,1/6,1/6,5/6,retain+recover
6,6,1,2,False,4,2,1/6,1/6,5/3,retain+recover
6,6,1,2,False,4,4,1/6,1/6,10/3,retain+recover
6,6,1,2,False,4,8,1/6,1/6,20/3,retain+recover
6,6,1,2,True,1,0,1/3,1/3,0,retain+recover
6,6,1,2,True,1,1,1/3,1/3,2/3,retain+recover
6,6,1,2,True,1,2,1/3,1/3,4/3,retain+recover
6,6,1,2,True,1,4,1/3,1/3,8/3,retain+recover
6,6,1,2,True,1,8,1/3,1/3,16/3,retain+recover
6,6,1,2,True,2,0,1/3,1/3,0,retain+recover
6,6,1,2,True,2,1,1/3,1/3,2/3,retain+recover
6,6,1,2,True,2,2,1/3,1/3,4/3,retain+recover
6,6,1,2,True,2,4,1/3,1/3,8/3,retain+recover
6,6,1,2,True,2,8,1/3,1/3,16/3,retain+recover
6,6,1,2,True,4,0,1/3,1/3,0,retain+recover
6,6,1,2,True,4,1,1/3,1/3,2/3,retain+recover
6,6,1,2,True,4,2,1/3,1/3,4/3,retain+recover
6,6,1,2,True,4,4,1/3,1/3,8/3,retain+recover
6,6,1,2,True,4,8,1/3,1/3,16/3,retain+recover
6,6,1,3,False,1,0,1/6,1/6,0,retain+recover
6,6,1,3,False,1,1,1/6,1/6,5/6,retain+recover
6,6,1,3,False,1,2,1/6,1/6,5/3,retain+recover
6,6,1,3,False,1,4,1/6,1/6,10/3,retain+recover
6,6,1,3,False,1,8,1/6,1/6,20/3,retain+recover
6,6,1,3,False,2,0,1/6,1/6,0,retain+recover
6,6,1,3,False,2,1,1/6,1/6,5/6,retain+recover
6,6,1,3,False,2,2,1/6,1/6,5/3,retain+recover
6,6,1,3,False,2,4,1/6,1/6,10/3,retain+recover
6,6,1,3,False,2,8,1/6,1/6,20/3,retain+recover
6,6,1,3,False,4,0,1/6,1/6,0,retain+recover
6,6,1,3,False,4,1,1/6,1/6,5/6,retain+recover
6,6,1,3,False,4,2,1/6,1/6,5/3,retain+recover
6,6,1,3,False,4,4,1/6,1/6,10/3,retain+recover
6,6,1,3,False,4,8,1/6,1/6,20/3,retain+recover
6,6,1,3,True,1,0,1/3,1/3,0,retain+recover
6,6,1,3,True,1,1,1/3,1/3,2/3,retain+recover
6,6,1,3,True,1,2,1/3,1/3,4/3,retain+recover
6,6,1,3,True,1,4,1/3,1/3,8/3,retain+recover
6,6,1,3,True,1,8,1/3,1/3,16/3,retain+recover
6,6,1,3,True,2,0,1/3,1/3,0,retain+recover
6,6,1,3,True,2,1,1/3,1/3,2/3,retain+recover
6,6,1,3,True,2,2,1/3,1/3,4/3,retain+recover
6,6,1,3,True,2,4,1/3,1/3,8/3,retain+recover
6,6,1,3,True,2,8,1/3,1/3,16/3,retain+recover
6,6,1,3,True,4,0,1/3,1/3,0,retain+recover
6,6,1,3,True,4,1,1/3,1/3,2/3,retain+recover
6,6,1,3,True,4,2,1/3,1/3,4/3,retain+recover
6,6,1,3,True,4,4,1/3,1/3,8/3,retain+recover
6,6,1,3,True,4,8,1/3,1/3,16/3,retain+recover
6,6,1,6,False,1,0,1/6,1/6,0,retain+recover
6,6,1,6,False,1,1,1/6,1/6,5/6,retain+recover
6,6,1,6,False,1,2,1/6,1/6,5/3,retain+recover
6,6,1,6,False,1,4,1/6,1/6,10/3,retain+recover
6,6,1,6,False,1,8,1/6,1/6,20/3,retain+recover
6,6,1,6,False,2,0,1/6,1/6,0,retain+recover
6,6,1,6,False,2,1,1/6,1/6,5/6,retain+recover
6,6,1,6,False,2,2,1/6,1/6,5/3,retain+recover
6,6,1,6,False,2,4,1/6,1/6,10/3,retain+recover
6,6,1,6,False,2,8,1/6,1/6,20/3,retain+recover
6,6,1,6,False,4,0,1/6,1/6,0,retain+recover
6,6,1,6,False,4,1,1/6,1/6,5/6,retain+recover
6,6,1,6,False,4,2,1/6,1/6,5/3,retain+recover
6,6,1,6,False,4,4,1/6,1/6,10/3,retain+recover
6,6,1,6,False,4,8,1/6,1/6,20/3,retain+recover
6,6,1,6,True,1,0,1/3,1/3,0,retain+recover
6,6,1,6,True,1,1,1/3,1/3,2/3,retain+recover
6,6,1,6,True,1,2,1/3,1/3,4/3,retain+recover
6,6,1,6,True,1,4,1/3,1/3,8/3,retain+recover
6,6,1,6,True,1,8,1/3,1/3,16/3,retain+recover
6,6,1,6,True,2,0,1/3,1/3,0,retain+recover
6,6,1,6,True,2,1,1/3,1/3,2/3,retain+recover
6,6,1,6,True,2,2,1/3,1/3,4/3,retain+recover
6,6,1,6,True,2,4,1/3,1/3,8/3,retain+recover
6,6,1,6,True,2,8,1/3,1/3,16/3,retain+recover
6,6,1,6,True,4,0,1/3,1/3,0,retain+recover
6,6,1,6,True,4,1,1/3,1/3,2/3,retain+recover
6,6,1,6,True,4,2,1/3,1/3,4/3,retain+recover
6,6,1,6,True,4,4,1/3,1/3,8/3,retain+recover
6,6,1,6,True,4,8,1/3,1/3,16/3,retain+recover
6,6,2,0,False,1,0,0,0,0,retain+recover
6,6,2,0,False,1,1,0,0,1,retain+recover
6,6,2,0,False,1,2,0,0,2,retain+recover
6,6,2,0,False,1,4,0,0,4,retain+recover
6,6,2,0,False,1,8,0,0,8,retain+recover
6,6,2,0,False,2,0,0,0,0,retain+recover
6,6,2,0,False,2,1,0,0,1,retain+recover
6,6,2,0,False,2,2,0,0,2,retain+recover
6,6,2,0,False,2,4,0,0,4,retain+recover
6,6,2,0,False,2,8,0,0,8,retain+recover
6,6,2,0,False,4,0,0,0,0,retain+recover
6,6,2,0,False,4,1,0,0,1,retain+recover
6,6,2,0,False,4,2,0,0,2,retain+recover
6,6,2,0,False,4,4,0,0,4,retain+recover
6,6,2,0,False,4,8,0,0,8,retain+recover
6,6,2,0,True,1,0,0,0,0,retain+recover
6,6,2,0,True,1,1,0,0,1,retain+recover
6,6,2,0,True,1,2,0,0,2,retain+recover
6,6,2,0,True,1,4,0,0,4,retain+recover
6,6,2,0,True,1,8,0,0,8,retain+recover
6,6,2,0,True,2,0,0,0,0,retain+recover
6,6,2,0,True,2,1,0,0,1,retain+recover
6,6,2,0,True,2,2,0,0,2,retain+recover
6,6,2,0,True,2,4,0,0,4,retain+recover
6,6,2,0,True,2,8,0,0,8,retain+recover
6,6,2,0,True,4,0,0,0,0,retain+recover
6,6,2,0,True,4,1,0,0,1,retain+recover
6,6,2,0,True,4,2,0,0,2,retain+recover
6,6,2,0,True,4,4,0,0,4,retain+recover
6,6,2,0,True,4,8,0,0,8,retain+recover
6,6,2,1,False,1,0,1/6,1/6,0,retain+recover
6,6,2,1,False,1,1,1/6,1/6,5/6,retain+recover
6,6,2,1,False,1,2,1/6,1/6,5/3,retain+recover
6,6,2,1,False,1,4,1/6,1/6,10/3,retain+recover
6,6,2,1,False,1,8,1/6,1/6,20/3,retain+recover
6,6,2,1,False,2,0,1/6,1/6,0,retain+recover
6,6,2,1,False,2,1,1/6,1/6,5/6,retain+recover
6,6,2,1,False,2,2,1/6,1/6,5/3,retain+recover
6,6,2,1,False,2,4,1/6,1/6,10/3,retain+recover
6,6,2,1,False,2,8,1/6,1/6,20/3,retain+recover
6,6,2,1,False,4,0,1/6,1/6,0,retain+recover
6,6,2,1,False,4,1,1/6,1/6,5/6,retain+recover
6,6,2,1,False,4,2,1/6,1/6,5/3,retain+recover
6,6,2,1,False,4,4,1/6,1/6,10/3,retain+recover
6,6,2,1,False,4,8,1/6,1/6,20/3,retain+recover
6,6,2,1,True,1,0,1/6,1/6,0,retain+recover
6,6,2,1,True,1,1,1/6,1/6,5/6,retain+recover
6,6,2,1,True,1,2,1/6,1/6,5/3,retain+recover
6,6,2,1,True,1,4,1/6,1/6,10/3,retain+recover
6,6,2,1,True,1,8,1/6,1/6,20/3,retain+recover
6,6,2,1,True,2,0,1/6,1/6,0,retain+recover
6,6,2,1,True,2,1,1/6,1/6,5/6,retain+recover
6,6,2,1,True,2,2,1/6,1/6,5/3,retain+recover
6,6,2,1,True,2,4,1/6,1/6,10/3,retain+recover
6,6,2,1,True,2,8,1/6,1/6,20/3,retain+recover
6,6,2,1,True,4,0,1/6,1/6,0,retain+recover
6,6,2,1,True,4,1,1/6,1/6,5/6,retain+recover
6,6,2,1,True,4,2,1/6,1/6,5/3,retain+recover
6,6,2,1,True,4,4,1/6,1/6,10/3,retain+recover
6,6,2,1,True,4,8,1/6,1/6,20/3,retain+recover
6,6,2,2,False,1,0,1/3,1/3,0,retain+recover
6,6,2,2,False,1,1,1/3,1/3,2/3,retain+recover
6,6,2,2,False,1,2,1/3,1/3,4/3,retain+recover
6,6,2,2,False,1,4,1/3,1/3,8/3,retain+recover
6,6,2,2,False,1,8,1/3,1/3,16/3,retain+recover
6,6,2,2,False,2,0,1/3,1/3,0,retain+recover
6,6,2,2,False,2,1,1/3,1/3,2/3,retain+recover
6,6,2,2,False,2,2,1/3,1/3,4/3,retain+recover
6,6,2,2,False,2,4,1/3,1/3,8/3,retain+recover
6,6,2,2,False,2,8,1/3,1/3,16/3,retain+recover
6,6,2,2,False,4,0,1/3,1/3,0,retain+recover
6,6,2,2,False,4,1,1/3,1/3,2/3,retain+recover
6,6,2,2,False,4,2,1/3,1/3,4/3,retain+recover
6,6,2,2,False,4,4,1/3,1/3,8/3,retain+recover
6,6,2,2,False,4,8,1/3,1/3,16/3,retain+recover
6,6,2,2,True,1,0,1/3,1/3,0,retain+recover
6,6,2,2,True,1,1,1/3,1/3,2/3,retain+recover
6,6,2,2,True,1,2,1/3,1/3,4/3,retain+recover
6,6,2,2,True,1,4,1/3,1/3,8/3,retain+recover
6,6,2,2,True,1,8,1/3,1/3,16/3,retain+recover
6,6,2,2,True,2,0,1/3,1/3,0,retain+recover
6,6,2,2,True,2,1,1/3,1/3,2/3,retain+recover
6,6,2,2,True,2,2,1/3,1/3,4/3,retain+recover
6,6,2,2,True,2,4,1/3,1/3,8/3,retain+recover
6,6,2,2,True,2,8,1/3,1/3,16/3,retain+recover
6,6,2,2,True,4,0,1/3,1/3,0,retain+recover
6,6,2,2,True,4,1,1/3,1/3,2/3,retain+recover
6,6,2,2,True,4,2,1/3,1/3,4/3,retain+recover
6,6,2,2,True,4,4,1/3,1/3,8/3,retain+recover
6,6,2,2,True,4,8,1/3,1/3,16/3,retain+recover
6,6,2,3,False,1,0,1/3,1/3,0,retain+recover
6,6,2,3,False,1,1,1/3,1/3,2/3,retain+recover
6,6,2,3,False,1,2,1/3,1/3,4/3,retain+recover
6,6,2,3,False,1,4,1/3,1/3,8/3,retain+recover
6,6,2,3,False,1,8,1/3,1/3,16/3,retain+recover
6,6,2,3,False,2,0,1/3,1/3,0,retain+recover
6,6,2,3,False,2,1,1/3,1/3,2/3,retain+recover
6,6,2,3,False,2,2,1/3,1/3,4/3,retain+recover
6,6,2,3,False,2,4,1/3,1/3,8/3,retain+recover
6,6,2,3,False,2,8,1/3,1/3,16/3,retain+recover
6,6,2,3,False,4,0,1/3,1/3,0,retain+recover
6,6,2,3,False,4,1,1/3,1/3,2/3,retain+recover
6,6,2,3,False,4,2,1/3,1/3,4/3,retain+recover
6,6,2,3,False,4,4,1/3,1/3,8/3,retain+recover
6,6,2,3,False,4,8,1/3,1/3,16/3,retain+recover
6,6,2,3,True,1,0,1/2,1/2,0,retain+recover
6,6,2,3,True,1,1,1/2,1/2,1/2,retain+recover
6,6,2,3,True,1,2,1/2,1/2,1,retain+recover
6,6,2,3,True,1,4,1/2,1/2,2,retain+recover
6,6,2,3,True,1,8,1/2,1/2,4,retain+recover
6,6,2,3,True,2,0,1/2,1/2,0,retain+recover
6,6,2,3,True,2,1,1/2,1/2,1/2,retain+recover
6,6,2,3,True,2,2,1/2,1/2,1,retain+recover
6,6,2,3,True,2,4,1/2,1/2,2,retain+recover
6,6,2,3,True,2,8,1/2,1/2,4,retain+recover
6,6,2,3,True,4,0,1/2,1/2,0,retain+recover
6,6,2,3,True,4,1,1/2,1/2,1/2,retain+recover
6,6,2,3,True,4,2,1/2,1/2,1,retain+recover
6,6,2,3,True,4,4,1/2,1/2,2,retain+recover
6,6,2,3,True,4,8,1/2,1/2,4,retain+recover
6,6,2,6,False,1,0,1/3,1/3,0,retain+recover
6,6,2,6,False,1,1,1/3,1/3,2/3,retain+recover
6,6,2,6,False,1,2,1/3,1/3,4/3,retain+recover
6,6,2,6,False,1,4,1/3,1/3,8/3,retain+recover
6,6,2,6,False,1,8,1/3,1/3,16/3,retain+recover
6,6,2,6,False,2,0,1/3,1/3,0,retain+recover
6,6,2,6,False,2,1,1/3,1/3,2/3,retain+recover
6,6,2,6,False,2,2,1/3,1/3,4/3,retain+recover
6,6,2,6,False,2,4,1/3,1/3,8/3,retain+recover
6,6,2,6,False,2,8,1/3,1/3,16/3,retain+recover
6,6,2,6,False,4,0,1/3,1/3,0,retain+recover
6,6,2,6,False,4,1,1/3,1/3,2/3,retain+recover
6,6,2,6,False,4,2,1/3,1/3,4/3,retain+recover
6,6,2,6,False,4,4,1/3,1/3,8/3,retain+recover
6,6,2,6,False,4,8,1/3,1/3,16/3,retain+recover
6,6,2,6,True,1,0,1/2,1/2,0,retain+recover
6,6,2,6,True,1,1,1/2,1/2,1/2,retain+recover
6,6,2,6,True,1,2,1/2,1/2,1,retain+recover
6,6,2,6,True,1,4,1/2,1/2,2,retain+recover
6,6,2,6,True,1,8,1/2,1/2,4,retain+recover
6,6,2,6,True,2,0,1/2,1/2,0,retain+recover
6,6,2,6,True,2,1,1/2,1/2,1/2,retain+recover
6,6,2,6,True,2,2,1/2,1/2,1,retain+recover
6,6,2,6,True,2,4,1/2,1/2,2,retain+recover
6,6,2,6,True,2,8,1/2,1/2,4,retain+recover
6,6,2,6,True,4,0,1/2,1/2,0,retain+recover
6,6,2,6,True,4,1,1/2,1/2,1/2,retain+recover
6,6,2,6,True,4,2,1/2,1/2,1,retain+recover
6,6,2,6,True,4,4,1/2,1/2,2,retain+recover
6,6,2,6,True,4,8,1/2,1/2,4,retain+recover
6,6,4,0,False,1,0,0,0,0,retain+recover
6,6,4,0,False,1,1,0,0,1,retain+recover
6,6,4,0,False,1,2,0,0,2,retain+recover
6,6,4,0,False,1,4,0,0,4,retain+recover
6,6,4,0,False,1,8,0,0,8,retain+recover
6,6,4,0,False,2,0,0,0,0,retain+recover
6,6,4,0,False,2,1,0,0,1,retain+recover
6,6,4,0,False,2,2,0,0,2,retain+recover
6,6,4,0,False,2,4,0,0,4,retain+recover
6,6,4,0,False,2,8,0,0,8,retain+recover
6,6,4,0,False,4,0,0,0,0,retain+recover
6,6,4,0,False,4,1,0,0,1,retain+recover
6,6,4,0,False,4,2,0,0,2,retain+recover
6,6,4,0,False,4,4,0,0,4,retain+recover
6,6,4,0,False,4,8,0,0,8,retain+recover
6,6,4,0,True,1,0,0,0,0,retain+recover
6,6,4,0,True,1,1,0,0,1,retain+recover
6,6,4,0,True,1,2,0,0,2,retain+recover
6,6,4,0,True,1,4,0,0,4,retain+recover
6,6,4,0,True,1,8,0,0,8,retain+recover
6,6,4,0,True,2,0,0,0,0,retain+recover
6,6,4,0,True,2,1,0,0,1,retain+recover
6,6,4,0,True,2,2,0,0,2,retain+recover
6,6,4,0,True,2,4,0,0,4,retain+recover
6,6,4,0,True,2,8,0,0,8,retain+recover
6,6,4,0,True,4,0,0,0,0,retain+recover
6,6,4,0,True,4,1,0,0,1,retain+recover
6,6,4,0,True,4,2,0,0,2,retain+recover
6,6,4,0,True,4,4,0,0,4,retain+recover
6,6,4,0,True,4,8,0,0,8,retain+recover
6,6,4,1,False,1,0,1/6,1/6,0,retain+recover
6,6,4,1,False,1,1,1/6,1/6,5/6,retain+recover
6,6,4,1,False,1,2,1/6,1/6,5/3,retain+recover
6,6,4,1,False,1,4,1/6,1/6,10/3,retain+recover
6,6,4,1,False,1,8,1/6,1/6,20/3,retain+recover
6,6,4,1,False,2,0,1/6,1/6,0,retain+recover
6,6,4,1,False,2,1,1/6,1/6,5/6,retain+recover
6,6,4,1,False,2,2,1/6,1/6,5/3,retain+recover
6,6,4,1,False,2,4,1/6,1/6,10/3,retain+recover
6,6,4,1,False,2,8,1/6,1/6,20/3,retain+recover
6,6,4,1,False,4,0,1/6,1/6,0,retain+recover
6,6,4,1,False,4,1,1/6,1/6,5/6,retain+recover
6,6,4,1,False,4,2,1/6,1/6,5/3,retain+recover
6,6,4,1,False,4,4,1/6,1/6,10/3,retain+recover
6,6,4,1,False,4,8,1/6,1/6,20/3,retain+recover
6,6,4,1,True,1,0,1/6,1/6,0,retain+recover
6,6,4,1,True,1,1,1/6,1/6,5/6,retain+recover
6,6,4,1,True,1,2,1/6,1/6,5/3,retain+recover
6,6,4,1,True,1,4,1/6,1/6,10/3,retain+recover
6,6,4,1,True,1,8,1/6,1/6,20/3,retain+recover
6,6,4,1,True,2,0,1/6,1/6,0,retain+recover
6,6,4,1,True,2,1,1/6,1/6,5/6,retain+recover
6,6,4,1,True,2,2,1/6,1/6,5/3,retain+recover
6,6,4,1,True,2,4,1/6,1/6,10/3,retain+recover
6,6,4,1,True,2,8,1/6,1/6,20/3,retain+recover
6,6,4,1,True,4,0,1/6,1/6,0,retain+recover
6,6,4,1,True,4,1,1/6,1/6,5/6,retain+recover
6,6,4,1,True,4,2,1/6,1/6,5/3,retain+recover
6,6,4,1,True,4,4,1/6,1/6,10/3,retain+recover
6,6,4,1,True,4,8,1/6,1/6,20/3,retain+recover
6,6,4,2,False,1,0,1/3,1/3,0,retain+recover
6,6,4,2,False,1,1,1/3,1/3,2/3,retain+recover
6,6,4,2,False,1,2,1/3,1/3,4/3,retain+recover
6,6,4,2,False,1,4,1/3,1/3,8/3,retain+recover
6,6,4,2,False,1,8,1/3,1/3,16/3,retain+recover
6,6,4,2,False,2,0,1/3,1/3,0,retain+recover
6,6,4,2,False,2,1,1/3,1/3,2/3,retain+recover
6,6,4,2,False,2,2,1/3,1/3,4/3,retain+recover
6,6,4,2,False,2,4,1/3,1/3,8/3,retain+recover
6,6,4,2,False,2,8,1/3,1/3,16/3,retain+recover
6,6,4,2,False,4,0,1/3,1/3,0,retain+recover
6,6,4,2,False,4,1,1/3,1/3,2/3,retain+recover
6,6,4,2,False,4,2,1/3,1/3,4/3,retain+recover
6,6,4,2,False,4,4,1/3,1/3,8/3,retain+recover
6,6,4,2,False,4,8,1/3,1/3,16/3,retain+recover
6,6,4,2,True,1,0,1/3,1/3,0,retain+recover
6,6,4,2,True,1,1,1/3,1/3,2/3,retain+recover
6,6,4,2,True,1,2,1/3,1/3,4/3,retain+recover
6,6,4,2,True,1,4,1/3,1/3,8/3,retain+recover
6,6,4,2,True,1,8,1/3,1/3,16/3,retain+recover
6,6,4,2,True,2,0,1/3,1/3,0,retain+recover
6,6,4,2,True,2,1,1/3,1/3,2/3,retain+recover
6,6,4,2,True,2,2,1/3,1/3,4/3,retain+recover
6,6,4,2,True,2,4,1/3,1/3,8/3,retain+recover
6,6,4,2,True,2,8,1/3,1/3,16/3,retain+recover
6,6,4,2,True,4,0,1/3,1/3,0,retain+recover
6,6,4,2,True,4,1,1/3,1/3,2/3,retain+recover
6,6,4,2,True,4,2,1/3,1/3,4/3,retain+recover
6,6,4,2,True,4,4,1/3,1/3,8/3,retain+recover
6,6,4,2,True,4,8,1/3,1/3,16/3,retain+recover
6,6,4,3,False,1,0,1/2,1/2,0,retain+recover
6,6,4,3,False,1,1,1/2,1/2,1/2,retain+recover
6,6,4,3,False,1,2,1/2,1/2,1,retain+recover
6,6,4,3,False,1,4,1/2,1/2,2,retain+recover
6,6,4,3,False,1,8,1/2,1/2,4,retain+recover
6,6,4,3,False,2,0,1/2,1/2,0,retain+recover
6,6,4,3,False,2,1,1/2,1/2,1/2,retain+recover
6,6,4,3,False,2,2,1/2,1/2,1,retain+recover
6,6,4,3,False,2,4,1/2,1/2,2,retain+recover
6,6,4,3,False,2,8,1/2,1/2,4,retain+recover
6,6,4,3,False,4,0,1/2,1/2,0,retain+recover
6,6,4,3,False,4,1,1/2,1/2,1/2,retain+recover
6,6,4,3,False,4,2,1/2,1/2,1,retain+recover
6,6,4,3,False,4,4,1/2,1/2,2,retain+recover
6,6,4,3,False,4,8,1/2,1/2,4,retain+recover
6,6,4,3,True,1,0,1/2,1/2,0,retain+recover
6,6,4,3,True,1,1,1/2,1/2,1/2,retain+recover
6,6,4,3,True,1,2,1/2,1/2,1,retain+recover
6,6,4,3,True,1,4,1/2,1/2,2,retain+recover
6,6,4,3,True,1,8,1/2,1/2,4,retain+recover
6,6,4,3,True,2,0,1/2,1/2,0,retain+recover
6,6,4,3,True,2,1,1/2,1/2,1/2,retain+recover
6,6,4,3,True,2,2,1/2,1/2,1,retain+recover
6,6,4,3,True,2,4,1/2,1/2,2,retain+recover
6,6,4,3,True,2,8,1/2,1/2,4,retain+recover
6,6,4,3,True,4,0,1/2,1/2,0,retain+recover
6,6,4,3,True,4,1,1/2,1/2,1/2,retain+recover
6,6,4,3,True,4,2,1/2,1/2,1,retain+recover
6,6,4,3,True,4,4,1/2,1/2,2,retain+recover
6,6,4,3,True,4,8,1/2,1/2,4,retain+recover
6,6,4,6,False,1,0,2/3,2/3,0,retain+recover
6,6,4,6,False,1,1,2/3,2/3,1/3,retain+recover
6,6,4,6,False,1,2,2/3,2/3,2/3,retain+recover
6,6,4,6,False,1,4,2/3,2/3,4/3,retain+recover
6,6,4,6,False,1,8,2/3,2/3,8/3,retain+recover
6,6,4,6,False,2,0,2/3,2/3,0,retain+recover
6,6,4,6,False,2,1,2/3,2/3,1/3,retain+recover
6,6,4,6,False,2,2,2/3,2/3,2/3,retain+recover
6,6,4,6,False,2,4,2/3,2/3,4/3,retain+recover
6,6,4,6,False,2,8,2/3,2/3,8/3,retain+recover
6,6,4,6,False,4,0,2/3,2/3,0,retain+recover
6,6,4,6,False,4,1,2/3,2/3,1/3,retain+recover
6,6,4,6,False,4,2,2/3,2/3,2/3,retain+recover
6,6,4,6,False,4,4,2/3,2/3,4/3,retain+recover
6,6,4,6,False,4,8,2/3,2/3,8/3,retain+recover
6,6,4,6,True,1,0,5/6,5/6,0,retain+recover
6,6,4,6,True,1,1,5/6,5/6,1/6,retain+recover
6,6,4,6,True,1,2,5/6,5/6,1/3,retain+recover
6,6,4,6,True,1,4,5/6,5/6,2/3,retain+recover
6,6,4,6,True,1,8,5/6,5/6,4/3,retain+recover
6,6,4,6,True,2,0,5/6,5/6,0,retain+recover
6,6,4,6,True,2,1,5/6,5/6,1/6,retain+recover
6,6,4,6,True,2,2,5/6,5/6,1/3,retain+recover
6,6,4,6,True,2,4,5/6,5/6,2/3,retain+recover
6,6,4,6,True,2,8,5/6,5/6,4/3,retain+recover
6,6,4,6,True,4,0,5/6,5/6,0,retain+recover
6,6,4,6,True,4,1,5/6,5/6,1/6,retain+recover
6,6,4,6,True,4,2,5/6,5/6,1/3,retain+recover
6,6,4,6,True,4,4,5/6,5/6,2/3,retain+recover
6,6,4,6,True,4,8,5/6,5/6,4/3,retain+recover
6,6,6,0,False,1,0,0,0,0,retain+recover
6,6,6,0,False,1,1,0,0,1,retain+recover
6,6,6,0,False,1,2,0,0,2,retain+recover
6,6,6,0,False,1,4,0,0,4,retain+recover
6,6,6,0,False,1,8,0,0,8,retain+recover
6,6,6,0,False,2,0,0,0,0,retain+recover
6,6,6,0,False,2,1,0,0,1,retain+recover
6,6,6,0,False,2,2,0,0,2,retain+recover
6,6,6,0,False,2,4,0,0,4,retain+recover
6,6,6,0,False,2,8,0,0,8,retain+recover
6,6,6,0,False,4,0,0,0,0,retain+recover
6,6,6,0,False,4,1,0,0,1,retain+recover
6,6,6,0,False,4,2,0,0,2,retain+recover
6,6,6,0,False,4,4,0,0,4,retain+recover
6,6,6,0,False,4,8,0,0,8,retain+recover
6,6,6,0,True,1,0,0,0,0,retain+recover
6,6,6,0,True,1,1,0,0,1,retain+recover
6,6,6,0,True,1,2,0,0,2,retain+recover
6,6,6,0,True,1,4,0,0,4,retain+recover
6,6,6,0,True,1,8,0,0,8,retain+recover
6,6,6,0,True,2,0,0,0,0,retain+recover
6,6,6,0,True,2,1,0,0,1,retain+recover
6,6,6,0,True,2,2,0,0,2,retain+recover
6,6,6,0,True,2,4,0,0,4,retain+recover
6,6,6,0,True,2,8,0,0,8,retain+recover
6,6,6,0,True,4,0,0,0,0,retain+recover
6,6,6,0,True,4,1,0,0,1,retain+recover
6,6,6,0,True,4,2,0,0,2,retain+recover
6,6,6,0,True,4,4,0,0,4,retain+recover
6,6,6,0,True,4,8,0,0,8,retain+recover
6,6,6,1,False,1,0,1/6,1/6,0,retain+recover
6,6,6,1,False,1,1,1/6,1/6,5/6,retain+recover
6,6,6,1,False,1,2,1/6,1/6,5/3,retain+recover
6,6,6,1,False,1,4,1/6,1/6,10/3,retain+recover
6,6,6,1,False,1,8,1/6,1/6,20/3,retain+recover
6,6,6,1,False,2,0,1/6,1/6,0,retain+recover
6,6,6,1,False,2,1,1/6,1/6,5/6,retain+recover
6,6,6,1,False,2,2,1/6,1/6,5/3,retain+recover
6,6,6,1,False,2,4,1/6,1/6,10/3,retain+recover
6,6,6,1,False,2,8,1/6,1/6,20/3,retain+recover
6,6,6,1,False,4,0,1/6,1/6,0,retain+recover
6,6,6,1,False,4,1,1/6,1/6,5/6,retain+recover
6,6,6,1,False,4,2,1/6,1/6,5/3,retain+recover
6,6,6,1,False,4,4,1/6,1/6,10/3,retain+recover
6,6,6,1,False,4,8,1/6,1/6,20/3,retain+recover
6,6,6,1,True,1,0,1/6,1/6,0,retain+recover
6,6,6,1,True,1,1,1/6,1/6,5/6,retain+recover
6,6,6,1,True,1,2,1/6,1/6,5/3,retain+recover
6,6,6,1,True,1,4,1/6,1/6,10/3,retain+recover
6,6,6,1,True,1,8,1/6,1/6,20/3,retain+recover
6,6,6,1,True,2,0,1/6,1/6,0,retain+recover
6,6,6,1,True,2,1,1/6,1/6,5/6,retain+recover
6,6,6,1,True,2,2,1/6,1/6,5/3,retain+recover
6,6,6,1,True,2,4,1/6,1/6,10/3,retain+recover
6,6,6,1,True,2,8,1/6,1/6,20/3,retain+recover
6,6,6,1,True,4,0,1/6,1/6,0,retain+recover
6,6,6,1,True,4,1,1/6,1/6,5/6,retain+recover
6,6,6,1,True,4,2,1/6,1/6,5/3,retain+recover
6,6,6,1,True,4,4,1/6,1/6,10/3,retain+recover
6,6,6,1,True,4,8,1/6,1/6,20/3,retain+recover
6,6,6,2,False,1,0,1/3,1/3,0,retain+recover
6,6,6,2,False,1,1,1/3,1/3,2/3,retain+recover
6,6,6,2,False,1,2,1/3,1/3,4/3,retain+recover
6,6,6,2,False,1,4,1/3,1/3,8/3,retain+recover
6,6,6,2,False,1,8,1/3,1/3,16/3,retain+recover
6,6,6,2,False,2,0,1/3,1/3,0,retain+recover
6,6,6,2,False,2,1,1/3,1/3,2/3,retain+recover
6,6,6,2,False,2,2,1/3,1/3,4/3,retain+recover
6,6,6,2,False,2,4,1/3,1/3,8/3,retain+recover
6,6,6,2,False,2,8,1/3,1/3,16/3,retain+recover
6,6,6,2,False,4,0,1/3,1/3,0,retain+recover
6,6,6,2,False,4,1,1/3,1/3,2/3,retain+recover
6,6,6,2,False,4,2,1/3,1/3,4/3,retain+recover
6,6,6,2,False,4,4,1/3,1/3,8/3,retain+recover
6,6,6,2,False,4,8,1/3,1/3,16/3,retain+recover
6,6,6,2,True,1,0,1/3,1/3,0,retain+recover
6,6,6,2,True,1,1,1/3,1/3,2/3,retain+recover
6,6,6,2,True,1,2,1/3,1/3,4/3,retain+recover
6,6,6,2,True,1,4,1/3,1/3,8/3,retain+recover
6,6,6,2,True,1,8,1/3,1/3,16/3,retain+recover
6,6,6,2,True,2,0,1/3,1/3,0,retain+recover
6,6,6,2,True,2,1,1/3,1/3,2/3,retain+recover
6,6,6,2,True,2,2,1/3,1/3,4/3,retain+recover
6,6,6,2,True,2,4,1/3,1/3,8/3,retain+recover
6,6,6,2,True,2,8,1/3,1/3,16/3,retain+recover
6,6,6,2,True,4,0,1/3,1/3,0,retain+recover
6,6,6,2,True,4,1,1/3,1/3,2/3,retain+recover
6,6,6,2,True,4,2,1/3,1/3,4/3,retain+recover
6,6,6,2,True,4,4,1/3,1/3,8/3,retain+recover
6,6,6,2,True,4,8,1/3,1/3,16/3,retain+recover
6,6,6,3,False,1,0,1/2,1/2,0,retain+recover
6,6,6,3,False,1,1,1/2,1/2,1/2,retain+recover
6,6,6,3,False,1,2,1/2,1/2,1,retain+recover
6,6,6,3,False,1,4,1/2,1/2,2,retain+recover
6,6,6,3,False,1,8,1/2,1/2,4,retain+recover
6,6,6,3,False,2,0,1/2,1/2,0,retain+recover
6,6,6,3,False,2,1,1/2,1/2,1/2,retain+recover
6,6,6,3,False,2,2,1/2,1/2,1,retain+recover
6,6,6,3,False,2,4,1/2,1/2,2,retain+recover
6,6,6,3,False,2,8,1/2,1/2,4,retain+recover
6,6,6,3,False,4,0,1/2,1/2,0,retain+recover
6,6,6,3,False,4,1,1/2,1/2,1/2,retain+recover
6,6,6,3,False,4,2,1/2,1/2,1,retain+recover
6,6,6,3,False,4,4,1/2,1/2,2,retain+recover
6,6,6,3,False,4,8,1/2,1/2,4,retain+recover
6,6,6,3,True,1,0,1/2,1/2,0,retain+recover
6,6,6,3,True,1,1,1/2,1/2,1/2,retain+recover
6,6,6,3,True,1,2,1/2,1/2,1,retain+recover
6,6,6,3,True,1,4,1/2,1/2,2,retain+recover
6,6,6,3,True,1,8,1/2,1/2,4,retain+recover
6,6,6,3,True,2,0,1/2,1/2,0,retain+recover
6,6,6,3,True,2,1,1/2,1/2,1/2,retain+recover
6,6,6,3,True,2,2,1/2,1/2,1,retain+recover
6,6,6,3,True,2,4,1/2,1/2,2,retain+recover
6,6,6,3,True,2,8,1/2,1/2,4,retain+recover
6,6,6,3,True,4,0,1/2,1/2,0,retain+recover
6,6,6,3,True,4,1,1/2,1/2,1/2,retain+recover
6,6,6,3,True,4,2,1/2,1/2,1,retain+recover
6,6,6,3,True,4,4,1/2,1/2,2,retain+recover
6,6,6,3,True,4,8,1/2,1/2,4,retain+recover
6,6,6,6,False,1,0,1,1,0,retain;retain+recover
6,6,6,6,False,1,1,1,1,0,retain;retain+recover
6,6,6,6,False,1,2,1,1,0,retain;retain+recover
6,6,6,6,False,1,4,1,1,0,retain;retain+recover
6,6,6,6,False,1,8,1,1,0,retain;retain+recover
6,6,6,6,False,2,0,1,1,0,retain;retain+recover
6,6,6,6,False,2,1,1,1,0,retain;retain+recover
6,6,6,6,False,2,2,1,1,0,retain;retain+recover
6,6,6,6,False,2,4,1,1,0,retain;retain+recover
6,6,6,6,False,2,8,1,1,0,retain;retain+recover
6,6,6,6,False,4,0,1,1,0,retain;retain+recover
6,6,6,6,False,4,1,1,1,0,retain;retain+recover
6,6,6,6,False,4,2,1,1,0,retain;retain+recover
6,6,6,6,False,4,4,1,1,0,retain;retain+recover
6,6,6,6,False,4,8,1,1,0,retain;retain+recover
6,6,6,6,True,1,0,1,1,0,retain;retain+recover
6,6,6,6,True,1,1,1,1,0,retain;retain+recover
6,6,6,6,True,1,2,1,1,0,retain;retain+recover
6,6,6,6,True,1,4,1,1,0,retain;retain+recover
6,6,6,6,True,1,8,1,1,0,retain;retain+recover
6,6,6,6,True,2,0,1,1,0,retain;retain+recover
6,6,6,6,True,2,1,1,1,0,retain;retain+recover
6,6,6,6,True,2,2,1,1,0,retain;retain+recover
6,6,6,6,True,2,4,1,1,0,retain;retain+recover
6,6,6,6,True,2,8,1,1,0,retain;retain+recover
6,6,6,6,True,4,0,1,1,0,retain;retain+recover
6,6,6,6,True,4,1,1,1,0,retain;retain+recover
6,6,6,6,True,4,2,1,1,0,retain;retain+recover
6,6,6,6,True,4,4,1,1,0,retain;retain+recover
6,6,6,6,True,4,8,1,1,0,retain;retain+recover
